

================================================================
== Synthesis Summary Report of 'transformer_cu'
================================================================
+ General Information: 
    * Date:           Thu Sep  3 22:51:33 2026
    * Version:        2025.2 (Build 6295257 on Nov 14 2025)
    * Project:        transformer_cu
    * Solution:       hls (Vitis Kernel Flow Target)
    * Product family: versalaiedge
    * Target device:  xcve2302-sfva784-1LP-e-S
    

* Performance & Resource Estimates: 
+-------------------------------------------------------------------------------------+--------+---------------------+----------+----------+----------+----------+----------+-----------+-------+-----------+-----------+--------------+---------------+-----------+
|                                       Modules                                       |  Issue |                     | Iteration|          |   Trip   |          |        Latency       |       |           |           |              |               |           |
|                                       & Loops                                       |  Type  |    Violation Type   |  Latency | Interval |   Count  | Pipelined| (cycles) |    (ns)   | Slack |   BRAM    |    DSP    |      FF      |      LUT      |    URAM   |
+-------------------------------------------------------------------------------------+--------+---------------------+----------+----------+----------+----------+----------+-----------+-------+-----------+-----------+--------------+---------------+-----------+
|+ transformer_cu*                                                                    |  Timing|                    -|         -|         -|         -|  dataflow|         -|          -|  -0.28|  252 (81%)|  418 (90%)|  182164 (60%)|  307315 (204%)|  132 (85%)|
| + entry_proc39                                                                      |       -|                    -|         -|         0|         -|        no|         0|      0.000|   1.12|          -|          -|       2 (~0%)|       13 (~0%)|          -|
| + Block_entry_proc                                                                  |       -|                    -|         -|         0|         -|        no|         0|      0.000|   1.89|          -|          -|       8 (~0%)|       17 (~0%)|          -|
| + Block_entry_curr_keys_N_DIM_wr_proc                                               |       -|                    -|         -|       182|         -|        no|       182|    582.400|   0.16|          -|          -|     578 (~0%)|      695 (~0%)|          -|
|  + Block_entry_curr_keys_N_DIM_wr_proc_Pipeline_1                                   |       -|                    -|         -|         -|         -|       yes|        50|    160.000|   0.37|          -|          -|       8 (~0%)|       26 (~0%)|          -|
|   o Loop 1                                                                          |       -|                    -|         1|         1|        49|       yes|        48|    153.600|   2.34|          -|          -|             -|              -|          -|
|  + Block_entry_curr_keys_N_DIM_wr_proc_Pipeline_WL_fsm                              |       -|                    -|         -|         -|         -|       yes|       129|    412.800|   0.16|          -|          -|     297 (~0%)|      559 (~0%)|          -|
|   o WL_fsm                                                                          |      II|    Memory Dependency|         3|         2|        63|       yes|       127|    406.400|   2.34|          -|          -|             -|              -|          -|
| + weights_df_wrapper*                                                               |  Timing|                    -|         -|         -|         -|  dataflow|         -|          -|  -0.23|          -|     6 (1%)|    2112 (~0%)|     1327 (~0%)|          -|
|  + entry_proc40                                                                     |       -|                    -|         -|         0|         -|        no|         0|      0.000|   1.40|          -|          -|       8 (~0%)|       12 (~0%)|          -|
|  + weights_df                                                                       |  Timing|                    -|         -|         -|         -|        no|         -|          -|  -0.23|          -|     6 (1%)|    2076 (~0%)|     1288 (~0%)|          -|
|   o Weight_df                                                                       |       -|                    -|    192088|    192083|         -|  dataflow|         -|          -|   2.34|          -|          -|             -|              -|          -|
|    + dataflow_in_loop_Weight_df_1*                                                  |  Timing|                    -|         -|    192083|         -|  dataflow|    192085|  6.147e+05|  -0.23|          -|     6 (1%)|    2063 (~0%)|     1255 (~0%)|          -|
|     + dataflow_in_loop_Weight_df_1_Block_newFuncRoot_proc                           |       -|                    -|         -|         1|         -|        no|         1|      3.200|   1.01|          -|          -|       3 (~0%)|        4 (~0%)|          -|
|     + dataflow_in_loop_Weight_df_1_Block_newFuncRoot_proc_38                        |       -|                    -|         -|         1|         -|        no|         1|      3.200|   1.01|          -|          -|       3 (~0%)|        4 (~0%)|          -|
|     + dataflow_in_loop_Weight_df_1_Block_newFuncRoot_proc_39                        |       -|                    -|         -|         1|         -|        no|         1|      3.200|   0.87|          -|          -|       3 (~0%)|        4 (~0%)|          -|
|     + dataflow_in_loop_Weight_df_1_Block_newFuncRoot_proc_40                        |       -|                    -|         -|         1|         -|        no|         1|      3.200|   1.10|          -|          -|       3 (~0%)|        4 (~0%)|          -|
|     + wCount_2                                                                      |  Timing|                    -|         -|         1|         -|        no|         1|      3.200|  -0.15|          -|    1 (~0%)|      23 (~0%)|       36 (~0%)|          -|
|     + wCount                                                                        |  Timing|                    -|         -|         1|         -|        no|         1|      3.200|  -0.15|          -|    1 (~0%)|      23 (~0%)|       36 (~0%)|          -|
|     + dataflow_in_loop_Weight_df_1_Block_newFuncRoot_proc_41                        |       -|                    -|         -|         0|         -|        no|         0|      0.000|   1.36|          -|          -|      34 (~0%)|       35 (~0%)|          -|
|     + mm2s_input_data_vector_signed_char_64ul_s                                     |  Timing|                    -|         -|    192082|         -|        no|    192082|  6.147e+05|  -0.23|          -|    2 (~0%)|     752 (~0%)|      399 (~0%)|          -|
|      + mm2s_input_data_vector_signed_char_64ul_Pipeline_AXI4_to_STREAM              |       -|                    -|         -|         -|         -|       yes|    192003|  6.144e+05|   0.03|          -|          -|     537 (~0%)|      100 (~0%)|          -|
|       o AXI4_to_STREAM                                                              |       -|                    -|         3|         1|    192000|       yes|    192001|  6.144e+05|   2.34|          -|          -|             -|              -|          -|
|     + mm2s_input_data_vector_signed_char_64ul_22                                    |  Timing|                    -|         -|    192082|         -|        no|    192082|  6.147e+05|  -0.23|          -|    2 (~0%)|     752 (~0%)|      399 (~0%)|          -|
|      + mm2s_input_data_vector_signed_char_64ul_22_Pipeline_AXI4_to_STREAM           |       -|                    -|         -|         -|         -|       yes|    192003|  6.144e+05|   0.03|          -|          -|     537 (~0%)|      100 (~0%)|          -|
|       o AXI4_to_STREAM                                                              |       -|                    -|         3|         1|    192000|       yes|    192001|  6.144e+05|   2.34|          -|          -|             -|              -|          -|
| + calc_fsm                                                                          |  Timing|                    -|         -|         -|         -|        no|         -|          -|  -0.28|  236 (76%)|  412 (88%)|  156133 (51%)|  288435 (191%)|   24 (15%)|
|  + calc_fsm_Pipeline_1                                                              |       -|                    -|         -|         -|         -|       yes|       194|    620.800|   0.39|          -|          -|      19 (~0%)|       31 (~0%)|          -|
|   o Loop 1                                                                          |       -|                    -|         2|         1|       192|       yes|       192|    614.400|   2.34|          -|          -|             -|              -|          -|
|  + calc_fsm_Pipeline_mm2mm_writer                                                   |       -|                    -|         -|         -|         -|       yes|      4803|  1.537e+04|   0.15|          -|          -|     173 (~0%)|       57 (~0%)|          -|
|   o mm2mm_writer                                                                    |       -|                    -|         3|         1|      4800|       yes|      4801|  1.536e+04|   2.34|          -|          -|             -|              -|          -|
|  + calc_fsm_Pipeline_mm2mm_writer4                                                  |       -|                    -|         -|         -|         -|       yes|        99|    316.800|   0.29|          -|          -|     155 (~0%)|       34 (~0%)|          -|
|   o mm2mm_writer                                                                    |       -|                    -|         3|         1|        96|       yes|        97|    310.400|   2.34|          -|          -|             -|              -|          -|
|  + calc_fsm_Pipeline_mm2mm_writer5                                                  |       -|                    -|         -|         -|         -|       yes|        99|    316.800|   0.29|          -|          -|     155 (~0%)|       34 (~0%)|          -|
|   o mm2mm_writer                                                                    |       -|                    -|         3|         1|        96|       yes|        97|    310.400|   2.34|          -|          -|             -|              -|          -|
|  + calc_fsm_Pipeline_softmax_exp_loop                                               |       -|                    -|         -|         -|         -|       yes|        98|    313.600|   0.09|          -|    3 (~0%)|     3642 (1%)|      2789 (1%)|          -|
|   o softmax_exp_loop                                                                |       -|                    -|        34|         1|        64|       yes|        96|    307.200|   2.34|          -|          -|             -|              -|          -|
|  + calc_fsm_Pipeline_softmax_normalize_loop                                         |       -|                    -|         -|       392|         -|        no|       392|  1.254e+03|   0.20|          -|    1 (~0%)|     198 (~0%)|      754 (~0%)|          -|
|   o softmax_normalize_loop                                                          |      II|  Resource Limitation|         7|         6|        64|       yes|       389|  1.245e+03|   2.34|          -|          -|             -|              -|          -|
|  o VITIS_LOOP_275_1                                                                 |       -|                    -|         -|         -|         -|        no|         -|          -|   2.34|          -|          -|             -|              -|          -|
|   + rmsnorm_kernel*                                                                 |       -|                    -|         -|       516|         -|  dataflow|       517|  1.654e+03|   0.01|    12 (3%)|    26 (5%)|     4734 (1%)|      2851 (1%)|          -|
|    + rms_mm2s_data                                                                  |       -|                    -|         -|       203|         -|        no|       203|    649.600|   0.36|          -|          -|     305 (~0%)|      193 (~0%)|          -|
|     + rms_mm2s_data_Pipeline_AXI4_to_STREAM                                         |       -|                    -|         -|         -|         -|       yes|       100|    320.000|   0.36|          -|          -|     149 (~0%)|       34 (~0%)|          -|
|      o AXI4_to_STREAM                                                               |       -|                    -|         4|         1|        96|       yes|        98|    313.600|   2.34|          -|          -|             -|              -|          -|
|     + rms_mm2s_data_Pipeline_AXI4_to_STREAM3                                        |       -|                    -|         -|         -|         -|       yes|       100|    320.000|   0.36|          -|          -|     149 (~0%)|       34 (~0%)|          -|
|      o AXI4_to_STREAM                                                               |       -|                    -|         4|         1|        96|       yes|        98|    313.600|   2.34|          -|          -|             -|              -|          -|
|    + mm2s_input_data_vector_float_4ul_s                                             |       -|                    -|         -|       200|         -|        no|       200|    640.000|   0.02|          -|    1 (~0%)|     189 (~0%)|       94 (~0%)|          -|
|     + mm2s_input_data_vector_float_4ul_Pipeline_AXI4_to_STREAM                      |       -|                    -|         -|         -|         -|       yes|       196|    627.200|   0.02|          -|          -|     156 (~0%)|       88 (~0%)|          -|
|      o AXI4_to_STREAM                                                               |       -|                    -|         4|         1|       192|       yes|       194|    620.800|   2.34|          -|          -|             -|              -|          -|
|    + rmsnorm_float_4ul_s                                                            |       -|                    -|         -|       515|         -|        no|       515|  1.648e+03|   0.01|     4 (1%)|    25 (5%)|     4170 (1%)|      2455 (1%)|          -|
|     + rmsnorm_float_4ul_Pipeline_1                                                  |       -|                    -|         -|         -|         -|       yes|        18|     57.600|   0.21|          -|          -|      13 (~0%)|       29 (~0%)|          -|
|      o Loop 1                                                                       |       -|                    -|         2|         1|        16|       yes|        16|     51.200|   2.34|          -|          -|             -|              -|          -|
|     + rmsnorm_float_4ul_Pipeline_rms_mac                                            |       -|                    -|         -|         -|         -|       yes|       212|    678.400|   0.21|          -|     5 (1%)|    1045 (~0%)|      261 (~0%)|          -|
|      o rms_mac                                                                      |       -|                    -|        20|         1|       192|       yes|       210|    672.000|   2.34|          -|          -|             -|              -|          -|
|     + rmsnorm_float_4ul_Pipeline_data_out                                           |       -|                    -|         -|         -|         -|       yes|       202|    646.400|   0.01|          -|     7 (1%)|     988 (~0%)|      263 (~0%)|          -|
|      o data_out                                                                     |       -|                    -|        10|         1|       192|       yes|       200|    640.000|   2.34|          -|          -|             -|              -|          -|
|   + swiglu_kernel*                                                                  |       -|                    -|         -|      2052|         -|  dataflow|      2098|  6.714e+03|   0.01|     8 (2%)|    12 (2%)|    2093 (~0%)|      1874 (1%)|          -|
|    + mm2s_input_data_vector_float_4ul_6                                             |       -|                    -|         -|       513|         -|    rewind|       516|  1.651e+03|   0.24|          -|          -|     156 (~0%)|       58 (~0%)|          -|
|     o AXI4_to_STREAM                                                                |       -|                    -|         4|         1|       512|       yes|       514|  1.645e+03|   2.34|          -|          -|             -|              -|          -|
|    + mm2s_input_data_vector_float_4ul_7                                             |       -|                    -|         -|       513|         -|    rewind|       516|  1.651e+03|   0.24|          -|          -|     155 (~0%)|       57 (~0%)|          -|
|     o AXI4_to_STREAM                                                                |       -|                    -|         4|         1|       512|       yes|       514|  1.645e+03|   2.34|          -|          -|             -|              -|          -|
|    + swiglu_4ul_float_4ul_s                                                         |       -|                    -|         -|      2052|         -|    rewind|      2095|  6.704e+03|   0.01|          -|    12 (2%)|    1737 (~0%)|      1691 (1%)|          -|
|     o VITIS_LOOP_373_1                                                              |       -|                    -|        50|         4|       512|       yes|      2093|  6.698e+03|   2.34|          -|          -|             -|              -|          -|
|   + mha_kernel*                                                                     |  Timing|                    -|         -|     51183|         -|  dataflow|     51182|  1.638e+05|  -0.03|   53 (17%)|  198 (42%)|   64116 (21%)|  197663 (131%)|   16 (10%)|
|    + mha_kernel_Block_entry_tokens_0_0_rd_tokens_1_0_rd_proc                        |       -|                    -|         -|       600|         -|        no|       600|  1.920e+03|   0.36|          -|          -|    2410 (~0%)|      421 (~0%)|          -|
|     + mm2s_vec_up_float_16ul_4ul_s                                                  |       -|                    -|         -|         -|         -|       yes|       196|    627.200|   0.36|          -|          -|     795 (~0%)|       37 (~0%)|          -|
|      o VITIS_LOOP_208_1                                                             |       -|                    -|         4|         1|       192|       yes|       194|    620.800|   2.34|          -|          -|             -|              -|          -|
|     + mm2s_vec_up_float_16ul_4ul_4                                                  |       -|                    -|         -|       203|         -|        no|       203|    649.600|   0.36|          -|          -|     805 (~0%)|      193 (~0%)|          -|
|      + mm2s_vec_up_float_16ul_4ul_3                                                 |       -|                    -|         -|         -|         -|       yes|       100|    320.000|   0.36|          -|          -|     800 (~0%)|      165 (~0%)|          -|
|       o VITIS_LOOP_208_1                                                            |       -|                    -|         4|         1|        96|       yes|        98|    313.600|   2.34|          -|          -|             -|              -|          -|
|     + mm2s_vec_up_float_16ul_4ul_5                                                  |       -|                    -|         -|         -|         -|       yes|       196|    627.200|   0.36|          -|          -|     799 (~0%)|       48 (~0%)|          -|
|      o VITIS_LOOP_208_1                                                             |       -|                    -|         4|         1|       192|       yes|       194|    620.800|   2.34|          -|          -|             -|              -|          -|
|    + rope_kernel_float_16ul_768_1                                                   |       -|                    -|         -|       237|         -|        no|       237|    758.400|   0.01|          -|    34 (7%)|    15196 (5%)|    37465 (24%)|          -|
|     o ROPE_MAIN_head_dim_unroll_loop                                                |       -|                    -|        41|         1|       192|       yes|       231|    739.200|   2.34|          -|          -|             -|              -|          -|
|      + generic_sincos_float_s                                                       |       -|                    -|         -|         1|         -|       yes|        24|     76.800|   0.01|          -|    12 (2%)|    1685 (~0%)|      2528 (1%)|          -|
|      + generic_sincos_float_s                                                       |       -|                    -|         -|         1|         -|       yes|        24|     76.800|   0.01|          -|    12 (2%)|    1685 (~0%)|      2528 (1%)|          -|
|    + mha_WAR_store_load_float_16ul_8                                                |  Timing|                    -|         -|     51182|         -|        no|     51182|  1.638e+05|  -0.03|          -|          -|    2216 (~0%)|    25869 (17%)|          -|
|     o VITIS_LOOP_284_1                                                              |       -|                    -|      4265|         -|        12|        no|     51180|  1.638e+05|   2.34|          -|          -|             -|              -|          -|
|      + mha_WAR_store_load_float_16ul_8_Pipeline_fw_mha_pos                          |  Timing|                    -|         -|         -|         -|       yes|      4103|  1.313e+04|  -0.03|          -|          -|     551 (~0%)|      121 (~0%)|          -|
|       o fw_mha_pos                                                                  |       -|                    -|         3|         1|      4100|       yes|      4101|  1.312e+04|   2.34|          -|          -|             -|              -|          -|
|      + mha_WAR_store_load_float_16ul_8_Pipeline_fw_mha_new                          |       -|                    -|         -|         -|         -|       yes|         7|     22.400|   0.32|          -|          -|    1036 (~0%)|       39 (~0%)|          -|
|       o fw_mha_new                                                                  |       -|                    -|         3|         1|         4|       yes|         5|     16.000|   2.34|          -|          -|             -|              -|          -|
|    + rope_kernel_float_16ul_768_s                                                   |       -|                    -|         -|       237|         -|        no|       237|    758.400|   0.01|          -|    34 (7%)|    15196 (5%)|    37465 (24%)|          -|
|     o ROPE_MAIN_head_dim_unroll_loop                                                |       -|                    -|        41|         1|       192|       yes|       231|    739.200|   2.34|          -|          -|             -|              -|          -|
|      + generic_sincos_float_s                                                       |       -|                    -|         -|         1|         -|       yes|        24|     76.800|   0.01|          -|    12 (2%)|    1685 (~0%)|      2528 (1%)|          -|
|      + generic_sincos_float_s                                                       |       -|                    -|         -|         1|         -|       yes|        24|     76.800|   0.01|          -|    12 (2%)|    1685 (~0%)|      2528 (1%)|          -|
|    + mha_WAR_store_load_float_16ul_s                                                |  Timing|                    -|         -|     51182|         -|        no|     51182|  1.638e+05|  -0.03|          -|          -|    2215 (~0%)|    25868 (17%)|          -|
|     o VITIS_LOOP_284_1                                                              |       -|                    -|      4265|         -|        12|        no|     51180|  1.638e+05|   2.34|          -|          -|             -|              -|          -|
|      + mha_WAR_store_load_float_16ul_Pipeline_fw_mha_pos                            |  Timing|                    -|         -|         -|         -|       yes|      4103|  1.313e+04|  -0.03|          -|          -|     551 (~0%)|      121 (~0%)|          -|
|       o fw_mha_pos                                                                  |       -|                    -|         3|         1|      4100|       yes|      4101|  1.312e+04|   2.34|          -|          -|             -|              -|          -|
|      + mha_WAR_store_load_float_16ul_Pipeline_fw_mha_new                            |       -|                    -|         -|         -|         -|       yes|         7|     22.400|   0.32|          -|          -|    1036 (~0%)|       39 (~0%)|          -|
|       o fw_mha_new                                                                  |       -|                    -|         3|         1|         4|       yes|         5|     16.000|   2.34|          -|          -|             -|              -|          -|
|    + mha_kernel_Block_entry_proc                                                    |       -|                    -|         -|         0|         -|        no|         0|      0.000|   1.15|          -|          -|      34 (~0%)|       67 (~0%)|          -|
|    + mha_iterate                                                                    |       -|                    -|         -|     49609|         -|        no|     49609|  1.587e+05|   0.22|          -|    25 (5%)|     7010 (2%)|    27891 (18%)|          -|
|     o VITIS_LOOP_68_1                                                               |       -|                    -|      4134|         -|        12|        no|     49608|  1.587e+05|   2.34|          -|          -|             -|              -|          -|
|      + mha_iterate_Pipeline_query_loop                                              |       -|                    -|         -|         -|         -|       yes|         6|     19.200|   0.40|          -|          -|    2056 (~0%)|       31 (~0%)|          -|
|       o query_loop                                                                  |       -|                    -|         2|         1|         4|       yes|         4|     12.800|   2.34|          -|          -|             -|              -|          -|
|      + mha_iterate_Pipeline_pos_loop                                                |       -|                    -|         -|         -|         -|       yes|      4123|  1.319e+04|   0.22|          -|    25 (5%)|     4908 (1%)|    27835 (18%)|          -|
|       o pos_loop                                                                    |      II|  Resource Limitation|        30|         4|      1024|       yes|      4121|  1.319e+04|   2.34|          -|          -|             -|              -|          -|
|    + mha_softmax                                                                    |  Timing|                    -|         -|     12877|         -|        no|     12877|  4.121e+04|  -0.03|          -|    13 (2%)|    1619 (~0%)|      2095 (1%)|          -|
|     o VITIS_LOOP_114_1                                                              |       -|                    -|      1073|         -|        12|        no|     12876|  4.120e+04|   2.34|          -|          -|             -|              -|          -|
|      + mha_softmax_Pipeline_softmax_exp_loop                                        |  Timing|                    -|         -|         -|         -|       yes|      1048|  3.354e+03|  -0.03|          -|    1 (~0%)|     899 (~0%)|      1672 (1%)|          -|
|       o softmax_exp_loop                                                            |       -|                    -|        24|         1|      1024|       yes|      1046|  3.347e+03|   2.34|          -|          -|             -|              -|          -|
|    + mha_weighted_sum                                                               |       -|                    -|         -|     49561|         -|        no|     49561|  1.586e+05|   0.12|          -|   92 (19%)|    15664 (5%)|    38584 (25%)|          -|
|     o VITIS_LOOP_144_1                                                              |       -|                    -|      4130|         -|        12|        no|     49560|  1.586e+05|   2.34|          -|          -|             -|              -|          -|
|      + mha_weighted_sum_Pipeline_1                                                  |       -|                    -|         -|         -|         -|       yes|         4|     12.800|   0.40|          -|          -|    1540 (~0%)|      1549 (1%)|          -|
|       o Loop 1                                                                      |       -|                    -|         1|         1|         3|       yes|         2|      6.400|   2.34|          -|          -|             -|              -|          -|
|      + mha_weighted_sum_Pipeline_mha_pos                                            |       -|                    -|         -|         -|         -|       yes|      4111|  1.316e+04|   0.28|          -|   76 (16%)|     6304 (2%)|    34419 (22%)|          -|
|       o mha_pos                                                                     |      II|  Resource Limitation|        10|         4|      1025|       yes|      4109|  1.315e+04|   2.34|          -|          -|             -|              -|          -|
|      + mha_weighted_sum_Pipeline_mha_ws_stream_out_xb                               |       -|                    -|         -|         -|         -|       yes|         8|     25.600|   0.12|          -|    16 (3%)|    1562 (~0%)|     1055 (~0%)|          -|
|       o mha_ws_stream_out_xb                                                        |       -|                    -|         4|         1|         4|       yes|         6|     19.200|   2.34|          -|          -|             -|              -|          -|
|    + vec_down_converter_float_4ul_16ul_s                                            |       -|                    -|         -|       193|         -|    rewind|       195|    624.000|   0.06|          -|          -|     527 (~0%)|      428 (~0%)|          -|
|     o mha_WAR_store                                                                 |       -|                    -|         3|         1|       192|       yes|       193|    617.600|   2.34|          -|          -|             -|              -|          -|
|   + calc_loop*                                                                      |  Timing|                    -|         -|         -|         -|  dataflow|         -|          -|  -0.28|  151 (48%)|  164 (35%)|   74756 (24%)|    79102 (52%)|     4 (2%)|
|    + calc_loop_Block_entry_proc                                                     |       -|                    -|         -|         0|         -|        no|         0|      0.000|   1.16|          -|          -|     389 (~0%)|      3259 (2%)|          -|
|    + calc_loop_Block_entry_proc_4                                                   |  Timing|                    -|         -|         0|         -|        no|         0|      0.000|  -0.02|          -|          -|      34 (~0%)|       36 (~0%)|          -|
|    + sfCount                                                                        |  Timing|                    -|         -|         4|         -|        no|         4|     12.800|  -0.02|          -|    3 (~0%)|     202 (~0%)|      204 (~0%)|          -|
|    + quantizer_kernel                                                               |  Timing|                    -|         -|      3062|         -|        no|      3062|  9.798e+03|  -0.03|    1 (~0%)|    11 (2%)|     8825 (2%)|      6578 (4%)|          -|
|     + dataflow_parent_loop_proc                                                     |       -|                    -|         -|      3040|         -|        no|      3060|  9.792e+03|   0.01|    1 (~0%)|    11 (2%)|     8737 (2%)|      6486 (4%)|          -|
|      o VITIS_LOOP_106_1                                                             |       -|                    -|       115|        95|        32|  dataflow|      3059|  9.789e+03|   2.34|          -|          -|             -|              -|          -|
|       + dataflow_in_loop_VITIS_LOOP_106_1_1*                                        |       -|                    -|         -|        95|         -|  dataflow|       113|    361.600|   0.01|    1 (~0%)|    11 (2%)|     8683 (2%)|      6368 (4%)|          -|
|        + abs_intake                                                                 |       -|                    -|         -|        16|         -|    rewind|        18|     57.600|   0.40|          -|          -|     261 (~0%)|       44 (~0%)|          -|
|         o group_scaling                                                             |       -|                    -|         2|         1|        16|       yes|        16|     51.200|   2.34|          -|          -|             -|              -|          -|
|        + max_finder                                                                 |       -|                    -|         -|        33|         -|        no|        33|    105.600|   0.01|          -|    1 (~0%)|     6168 (2%)|      3150 (2%)|          -|
|         + max_finder_Pipeline_mf_intake                                             |       -|                    -|         -|         -|         -|       yes|        17|     54.400|   0.40|          -|          -|    2054 (~0%)|       28 (~0%)|          -|
|          o mf_intake                                                                |       -|                    -|         1|         1|        16|       yes|        15|     48.000|   2.34|          -|          -|             -|              -|          -|
|        + quant_out                                                                  |       -|                    -|         -|        94|         -|        no|        94|    300.800|   0.01|    1 (~0%)|    10 (2%)|    1933 (~0%)|      2762 (1%)|          -|
|         + quant_out_Pipeline_create_q_val                                           |       -|                    -|         -|         -|         -|       yes|        42|    134.400|   0.01|          -|    2 (~0%)|    1068 (~0%)|      2256 (1%)|          -|
|          o create_q_val                                                             |      II|  Resource Limitation|        11|         2|        16|       yes|        40|    128.000|   2.34|          -|          -|             -|              -|          -|
|    + mm2s_input_data_vector_float_16ul_s                                            |  Timing|                    -|         -|    192082|         -|        no|    192082|  6.147e+05|  -0.23|          -|    2 (~0%)|     826 (~0%)|      432 (~0%)|          -|
|     + mm2s_input_data_vector_float_16ul_Pipeline_AXI4_to_STREAM                     |       -|                    -|         -|         -|         -|       yes|    192003|  6.144e+05|   0.03|          -|          -|     537 (~0%)|      102 (~0%)|          -|
|      o AXI4_to_STREAM                                                               |       -|                    -|         3|         1|    192000|       yes|    192001|  6.144e+05|   2.34|          -|          -|             -|              -|          -|
|    + mm2s_input_data_vector_float_16ul_9                                            |  Timing|                    -|         -|    192082|         -|        no|    192082|  6.147e+05|  -0.23|          -|    2 (~0%)|     826 (~0%)|      432 (~0%)|          -|
|     + mm2s_input_data_vector_float_16ul_9_Pipeline_AXI4_to_STREAM                   |       -|                    -|         -|         -|         -|       yes|    192003|  6.144e+05|   0.03|          -|          -|     537 (~0%)|      102 (~0%)|          -|
|      o AXI4_to_STREAM                                                               |       -|                    -|         3|         1|    192000|       yes|    192001|  6.144e+05|   2.34|          -|          -|             -|              -|          -|
|    + inf_split_tee_float_2ul_4ul_s                                                  |       -|                    -|         -|       132|         -|        no|       132|    422.400|   0.01|          -|          -|     156 (~0%)|      130 (~0%)|          -|
|     + inf_split_tee_float_2ul_4ul_Pipeline_VITIS_LOOP_110_1                         |       -|                    -|         -|         -|         -|       yes|       130|    416.000|   0.01|          -|          -|     127 (~0%)|      123 (~0%)|          -|
|      o VITIS_LOOP_110_1                                                             |      II|  Resource Limitation|         5|         4|        32|       yes|       128|    409.600|   2.34|          -|          -|             -|              -|          -|
|    + inf_split_tee_vector_signed_char_64ul_2_s                                      |  Timing|                    -|         -|        36|         -|        no|        36|    115.200|  -0.01|          -|          -|      59 (~0%)|      118 (~0%)|          -|
|     + inf_split_tee_vector_signed_char_64ul_2_Pipeline_VITIS_LOOP_95_1              |  Timing|                    -|         -|         -|         -|       yes|        34|    108.800|  -0.01|          -|          -|      28 (~0%)|      113 (~0%)|          -|
|      o VITIS_LOOP_95_1                                                              |       -|                    -|         2|         1|        32|       yes|        32|    102.400|   2.34|          -|          -|             -|              -|          -|
|    + s_GeMV_kernel*                                                                 |  Timing|                    -|         -|         -|         -|  dataflow|         -|          -|  -0.28|   46 (14%)|   73 (15%)|    20263 (6%)|    20399 (13%)|     2 (1%)|
|     + entry_proc                                                                    |       -|                    -|         -|         0|         -|        no|         0|      0.000|   0.41|          -|          -|     458 (~0%)|      839 (~0%)|          -|
|     + s_GeMV_kernel_Block_newFuncRoot_proc_26                                       |       -|                    -|         -|         6|         -|        no|         6|     19.200|   0.04|          -|    3 (~0%)|     320 (~0%)|      262 (~0%)|          -|
|     + inf_split_tee_vector_float_4ul_2_14                                           |       -|                    -|         -|        33|         -|    rewind|        34|    108.800|   0.01|          -|          -|      26 (~0%)|      114 (~0%)|          -|
|      o VITIS_LOOP_95_1                                                              |       -|                    -|         2|         1|        32|       yes|        32|    102.400|   2.34|          -|          -|             -|              -|          -|
|     + inf_split_tee_vector_signed_char_64ul_2_15                                    |  Timing|                    -|         -|        33|         -|    rewind|        34|    108.800|  -0.01|          -|          -|      28 (~0%)|      117 (~0%)|          -|
|      o VITIS_LOOP_95_1                                                              |       -|                    -|         2|         1|        32|       yes|        32|    102.400|   2.34|          -|          -|             -|              -|          -|
|     + inf_round_robin_vector_signed_char_64ul_2_18                                  |  Timing|                    -|         -|  16000011|         -|        no|  16000011|  5.120e+07|  -0.19|          -|    2 (~0%)|     975 (~0%)|      569 (~0%)|          -|
|      + inf_round_robin_18_Pipeline_inf_rr_loop_elem_dist_loop_elem_per_stream_loop  |  Timing|                    -|         -|         -|         -|       yes|  16000004|  5.120e+07|  -0.19|          -|          -|     661 (~0%)|      395 (~0%)|          -|
|       o inf_rr_loop_elem_dist_loop_elem_per_stream_loop                             |       -|                    -|         4|         1|  16000000|       yes|  16000002|  5.120e+07|   2.34|          -|          -|             -|              -|          -|
|     + vec_down_converter_float_4ul_16ul_16                                          |       -|                    -|         -|         0|         -|    rewind|         -|          -|   0.01|          -|          -|     670 (~0%)|      500 (~0%)|          -|
|      o mha_WAR_store                                                                |       -|                    -|         3|         1|         -|       yes|         -|          -|   2.34|          -|          -|             -|              -|          -|
|     + inf_round_robin_vector_float_4ul_2_17                                         |  Timing|                    -|         -|  16000011|         -|        no|  16000011|  5.120e+07|  -0.19|          -|    2 (~0%)|     575 (~0%)|      552 (~0%)|          -|
|      + inf_round_robin_17_Pipeline_inf_rr_loop_elem_dist_loop_elem_per_stream_loop  |  Timing|                    -|         -|         -|         -|       yes|  16000004|  5.120e+07|  -0.19|          -|          -|     269 (~0%)|      381 (~0%)|          -|
|       o inf_rr_loop_elem_dist_loop_elem_per_stream_loop                             |       -|                    -|         4|         1|  16000000|       yes|  16000002|  5.120e+07|   2.34|          -|          -|             -|              -|          -|
|     + alt_mat_mult_main_19                                                          |  Timing|                    -|         -|   4896133|         -|        no|   4896133|  1.567e+07|  -0.28|     4 (1%)|    33 (7%)|     7349 (2%)|      7736 (5%)|          -|
|      + alt_mat_mult_main_19_Pipeline_amm_tok_sf                                     |       -|                    -|         -|         -|         -|       yes|       130|    416.000|   0.03|          -|          -|      25 (~0%)|      1619 (1%)|          -|
|       o amm_tok_sf                                                                  |      II|  Resource Limitation|         5|         4|        32|       yes|       128|    409.600|   2.34|          -|          -|             -|              -|          -|
|      o amm_calc                                                                     |       -|                    -|       153|         -|     32000|        no|   4896000|  1.567e+07|   2.34|          -|          -|             -|              -|          -|
|       o VITIS_LOOP_37_2_amm_k_calc                                                  |       -|                    -|        24|         1|       128|       yes|       150|    480.000|   2.34|          -|          -|             -|              -|          -|
|     + alt_mat_mult_main_20                                                          |  Timing|                    -|         -|   4896133|         -|        no|   4896133|  1.567e+07|  -0.28|     4 (1%)|    33 (7%)|     7349 (2%)|      7736 (5%)|          -|
|      + alt_mat_mult_main_20_Pipeline_amm_tok_sf                                     |       -|                    -|         -|         -|         -|       yes|       130|    416.000|   0.03|          -|          -|      25 (~0%)|      1619 (1%)|          -|
|       o amm_tok_sf                                                                  |      II|  Resource Limitation|         5|         4|        32|       yes|       128|    409.600|   2.34|          -|          -|             -|              -|          -|
|      o amm_calc                                                                     |       -|                    -|       153|         -|     32000|        no|   4896000|  1.567e+07|   2.34|          -|          -|             -|              -|          -|
|       o VITIS_LOOP_37_2_amm_k_calc                                                  |       -|                    -|        24|         1|       128|       yes|       150|    480.000|   2.34|          -|          -|             -|              -|          -|
|     + rr_merge_float_2_21                                                           |       -|                    -|         -|      4005|         -|        no|      4005|  1.282e+04|   0.01|          -|          -|     196 (~0%)|      257 (~0%)|          -|
|      + rr_merge_float_2_21_Pipeline_tot_num_data                                    |       -|                    -|         -|         -|         -|       yes|      4002|  1.281e+04|   0.01|          -|          -|      99 (~0%)|      162 (~0%)|          -|
|       o tot_num_data                                                                |      II|  Resource Limitation|         3|         2|      2000|       yes|      4000|  1.280e+04|   2.34|          -|          -|             -|              -|          -|
|    + s_GeMV_kernel_10*                                                              |  Timing|                    -|         -|         -|         -|  dataflow|         -|          -|  -0.19|   46 (14%)|   73 (15%)|    22136 (7%)|    28838 (19%)|     2 (1%)|
|     + entry_proc38                                                                  |       -|                    -|         -|         0|         -|        no|         0|      0.000|   1.16|          -|          -|    1034 (~0%)|      8684 (5%)|          -|
|     + s_GeMV_kernel_Block_newFuncRoot_proc                                          |  Timing|                    -|         -|         6|         -|        no|         6|     19.200|  -0.03|          -|    3 (~0%)|     321 (~0%)|      264 (~0%)|          -|
|     + inf_split_tee_vector_float_4ul_2_s                                            |       -|                    -|         -|        33|         -|    rewind|        34|    108.800|   0.01|          -|          -|      26 (~0%)|      114 (~0%)|          -|
|      o VITIS_LOOP_95_1                                                              |       -|                    -|         2|         1|        32|       yes|        32|    102.400|   2.34|          -|          -|             -|              -|          -|
|     + inf_split_tee_vector_signed_char_64ul_2_11                                    |  Timing|                    -|         -|        33|         -|    rewind|        34|    108.800|  -0.01|          -|          -|      28 (~0%)|      117 (~0%)|          -|
|      o VITIS_LOOP_95_1                                                              |       -|                    -|         2|         1|        32|       yes|        32|    102.400|   2.34|          -|          -|             -|              -|          -|
|     + inf_round_robin_vector_signed_char_64ul_2_s                                   |  Timing|                    -|         -|  16000011|         -|        no|  16000011|  5.120e+07|  -0.19|          -|    2 (~0%)|     980 (~0%)|      574 (~0%)|          -|
|      + inf_round_robin_Pipeline_inf_rr_loop_elem_dist_loop_elem_per_stream_loop     |  Timing|                    -|         -|         -|         -|       yes|  16000004|  5.120e+07|  -0.19|          -|          -|     662 (~0%)|      397 (~0%)|          -|
|       o inf_rr_loop_elem_dist_loop_elem_per_stream_loop                             |       -|                    -|         4|         1|  16000000|       yes|  16000002|  5.120e+07|   2.34|          -|          -|             -|              -|          -|
|     + vec_down_converter_float_4ul_16ul_12                                          |       -|                    -|         -|         0|         -|    rewind|         -|          -|   0.01|          -|          -|     670 (~0%)|      500 (~0%)|          -|
|      o mha_WAR_store                                                                |       -|                    -|         3|         1|         -|       yes|         -|          -|   2.34|          -|          -|             -|              -|          -|
|     + inf_round_robin_vector_float_4ul_2_s                                          |  Timing|                    -|         -|  16000011|         -|        no|  16000011|  5.120e+07|  -0.19|          -|    2 (~0%)|     580 (~0%)|      557 (~0%)|          -|
|      + inf_round_robin_Pipeline_inf_rr_loop_elem_dist_loop_elem_per_stream_loop_1   |  Timing|                    -|         -|         -|         -|       yes|  16000004|  5.120e+07|  -0.19|          -|          -|     270 (~0%)|      383 (~0%)|          -|
|       o inf_rr_loop_elem_dist_loop_elem_per_stream_loop                             |       -|                    -|         4|         1|  16000000|       yes|  16000002|  5.120e+07|   2.34|          -|          -|             -|              -|          -|
|     + alt_mat_mult_main                                                             |  Timing|                    -|         -|   4896134|         -|        no|   4896134|  1.567e+07|  -0.03|     4 (1%)|    33 (7%)|     7351 (2%)|      7738 (5%)|          -|
|      + alt_mat_mult_main_Pipeline_amm_tok_sf                                        |       -|                    -|         -|         -|         -|       yes|       130|    416.000|   0.03|          -|          -|      25 (~0%)|      1619 (1%)|          -|
|       o amm_tok_sf                                                                  |      II|  Resource Limitation|         5|         4|        32|       yes|       128|    409.600|   2.34|          -|          -|             -|              -|          -|
|      o amm_calc                                                                     |       -|                    -|       153|         -|     32000|        no|   4896000|  1.567e+07|   2.34|          -|          -|             -|              -|          -|
|       o VITIS_LOOP_37_2_amm_k_calc                                                  |       -|                    -|        24|         1|       128|       yes|       150|    480.000|   2.34|          -|          -|             -|              -|          -|
|     + alt_mat_mult_main_13                                                          |  Timing|                    -|         -|   4896134|         -|        no|   4896134|  1.567e+07|  -0.03|     4 (1%)|    33 (7%)|     7351 (2%)|      7738 (5%)|          -|
|      + alt_mat_mult_main_13_Pipeline_amm_tok_sf                                     |       -|                    -|         -|         -|         -|       yes|       130|    416.000|   0.03|          -|          -|      25 (~0%)|      1619 (1%)|          -|
|       o amm_tok_sf                                                                  |      II|  Resource Limitation|         5|         4|        32|       yes|       128|    409.600|   2.34|          -|          -|             -|              -|          -|
|      o amm_calc                                                                     |       -|                    -|       153|         -|     32000|        no|   4896000|  1.567e+07|   2.34|          -|          -|             -|              -|          -|
|       o VITIS_LOOP_37_2_amm_k_calc                                                  |       -|                    -|        24|         1|       128|       yes|       150|    480.000|   2.34|          -|          -|             -|              -|          -|
|     + rr_merge_float_2_s                                                            |  Timing|                    -|         -|      4005|         -|        no|      4005|  1.282e+04|  -0.03|          -|          -|     199 (~0%)|      260 (~0%)|          -|
|      + rr_merge_float_2_Pipeline_tot_num_data                                       |       -|                    -|         -|         -|         -|       yes|      4002|  1.281e+04|   0.01|          -|          -|     101 (~0%)|      163 (~0%)|          -|
|       o tot_num_data                                                                |      II|  Resource Limitation|         3|         2|      2000|       yes|      4000|  1.280e+04|   2.34|          -|          -|             -|              -|          -|
|    + gemv_split_float_4ul_2_s                                                       |       -|                    -|         -|    112068|         -|        no|    112068|  3.586e+05|   0.36|          -|          -|     494 (~0%)|      466 (~0%)|          -|
|     + gemv_split_float_4ul_2_Pipeline_flush                                         |       -|                    -|         -|         -|         -|       yes|        66|    211.200|   0.40|          -|          -|      10 (~0%)|       34 (~0%)|          -|
|      o flush                                                                        |       -|                    -|         2|         1|        64|       yes|        64|    204.800|   2.34|          -|          -|             -|              -|          -|
|     o VITIS_LOOP_110_1                                                              |       -|                    -|        28|         -|      4000|        no|    112000|  3.584e+05|   2.34|          -|          -|             -|              -|          -|
|      o VITIS_LOOP_112_2                                                             |       -|                    -|        13|         -|         2|        no|        26|     83.200|   2.34|          -|          -|             -|              -|          -|
|       + gemv_split_float_4ul_2_Pipeline_VITIS_LOOP_117_3                            |       -|                    -|         -|         -|         -|       yes|         7|     22.400|   0.40|          -|          -|      80 (~0%)|      134 (~0%)|          -|
|        o VITIS_LOOP_117_3                                                           |       -|                    -|         3|         1|         4|       yes|         5|     16.000|   2.34|          -|          -|             -|              -|          -|
|    + insertion_sort                                                                 |       -|                    -|         -|     96323|         -|        no|     96323|  3.082e+05|   0.21|          -|          -|    13968 (4%)|    15429 (10%)|          -|
|     + insertion_sort_Pipeline_systolic_sort                                         |       -|                    -|         -|         -|         -|       yes|     96320|  3.082e+05|   0.22|          -|          -|    10826 (3%)|     12318 (8%)|          -|
|      o systolic_sort                                                                |       -|                    -|       130|         3|     32064|       yes|     96318|  3.082e+05|   2.34|          -|          -|             -|              -|          -|
+-------------------------------------------------------------------------------------+--------+---------------------+----------+----------+----------+----------+----------+-----------+-------+-----------+-----------+--------------+---------------+-----------+
    II Violation Information: docs.amd.com/access/sources/dita/topic?Doc_Version=2025.2%20English&url=ug1448-hls-guidance&resourceid=200-880.html
    Name Prefix: '+' for module, 'o' for loop, '*' for dataflow


================================================================
== HW Interfaces
================================================================
* M_AXI
+--------------------+------------+------------+---------------+---------+--------+----------+-----------+--------------+--------------+-------------+-------------+-------------------+
| Interface          | Read/Write | Data Width | Address Width | Latency | Offset | Register | Max Widen | Max Read     | Max Write    | Num Read    | Num Write   | Resource Estimate |
|                    |            | (SW->HW)   |               |         |        |          | Bitwidth  | Burst Length | Burst Length | Outstanding | Outstanding |                   |
+--------------------+------------+------------+---------------+---------+--------+----------+-----------+--------------+--------------+-------------+-------------+-------------------+
| m_axi_D_TOK_W_SF_0 | READ_ONLY  | 512 -> 512 | 64            | 64      | slave  | 0        | 512       | 16           | 16           | 4           | 16          | URAM=8            |
| m_axi_D_TOK_W_SF_1 | READ_ONLY  | 512 -> 512 | 64            | 64      | slave  | 0        | 512       | 16           | 16           | 4           | 16          | URAM=8            |
| m_axi_D_W_GEMM_0   | READ_ONLY  | 512 -> 512 | 64            | 64      | slave  | 0        | 512       | 64           | 16           | 64          | 16          | URAM=8            |
| m_axi_D_W_GEMM_1   | READ_ONLY  | 512 -> 512 | 64            | 64      | slave  | 0        | 512       | 64           | 16           | 64          | 16          | URAM=8            |
| m_axi_kc_gemm      | READ_WRITE | 512 -> 512 | 64            | 64      | slave  | 0        | 512       | 64           | 8            | 64          | 16          | URAM=8            |
| m_axi_token_val    | READ_WRITE | 32 -> 32   | 64            | 64      | slave  | 0        | 512       | 1            | 1            | 1           | 1           |                   |
| m_axi_vc_gemm      | READ_WRITE | 512 -> 512 | 64            | 64      | slave  | 0        | 512       | 64           | 8            | 64          | 16          | URAM=8            |
| m_axi_w_n_t_gemm   | READ_ONLY  | 128 -> 128 | 64            | 64      | slave  | 0        | 512       | 256          | 16           | 16          | 16          | URAM=2            |
+--------------------+------------+------------+---------------+---------+--------+----------+-----------+--------------+--------------+-------------+-------------+-------------------+

* S_AXILITE Interfaces
+---------------+------------+---------------+--------+----------+
| Interface     | Data Width | Address Width | Offset | Register |
+---------------+------------+---------------+--------+----------+
| s_axi_control | 32         | 9             | 16     | 0        |
+---------------+------------+---------------+--------+----------+

* S_AXILITE Registers
+---------------+---------------+--------+-------+--------+----------------------------------+------------------------------------------------------------------------------------+
| Interface     | Register      | Offset | Width | Access | Description                      | Bit Fields                                                                         |
+---------------+---------------+--------+-------+--------+----------------------------------+------------------------------------------------------------------------------------+
| s_axi_control | CTRL          | 0x00   | 32    | RW     | Control signals                  | 0=AP_START 1=AP_DONE 2=AP_IDLE 3=AP_READY 4=AP_CONTINUE 7=AUTO_RESTART 9=INTERRUPT |
| s_axi_control | GIER          | 0x04   | 32    | RW     | Global Interrupt Enable Register | 0=Enable                                                                           |
| s_axi_control | IP_IER        | 0x08   | 32    | RW     | IP Interrupt Enable Register     | 0=CHAN0_INT_EN 1=CHAN1_INT_EN                                                      |
| s_axi_control | IP_ISR        | 0x0c   | 32    | RW     | IP Interrupt Status Register     | 0=CHAN0_INT_ST 1=CHAN1_INT_ST                                                      |
| s_axi_control | tokens_1      | 0x10   | 32    | W      | Data signal of tokens            |                                                                                    |
| s_axi_control | tokens_2      | 0x14   | 32    | W      | Data signal of tokens            |                                                                                    |
| s_axi_control | w_sf_0_1      | 0x1c   | 32    | W      | Data signal of w_sf_0            |                                                                                    |
| s_axi_control | w_sf_0_2      | 0x20   | 32    | W      | Data signal of w_sf_0            |                                                                                    |
| s_axi_control | w_0_1         | 0x28   | 32    | W      | Data signal of w_0               |                                                                                    |
| s_axi_control | w_0_2         | 0x2c   | 32    | W      | Data signal of w_0               |                                                                                    |
| s_axi_control | w_sf_1_1      | 0x34   | 32    | W      | Data signal of w_sf_1            |                                                                                    |
| s_axi_control | w_sf_1_2      | 0x38   | 32    | W      | Data signal of w_sf_1            |                                                                                    |
| s_axi_control | w_1_1         | 0x40   | 32    | W      | Data signal of w_1               |                                                                                    |
| s_axi_control | w_1_2         | 0x44   | 32    | W      | Data signal of w_1               |                                                                                    |
| s_axi_control | weights_1     | 0x4c   | 32    | W      | Data signal of weights           |                                                                                    |
| s_axi_control | weights_2     | 0x50   | 32    | W      | Data signal of weights           |                                                                                    |
| s_axi_control | key_cache_1   | 0x58   | 32    | W      | Data signal of key_cache         |                                                                                    |
| s_axi_control | key_cache_2   | 0x5c   | 32    | W      | Data signal of key_cache         |                                                                                    |
| s_axi_control | value_cache_1 | 0x64   | 32    | W      | Data signal of value_cache       |                                                                                    |
| s_axi_control | value_cache_2 | 0x68   | 32    | W      | Data signal of value_cache       |                                                                                    |
| s_axi_control | POS_r         | 0x70   | 32    | W      | Data signal of POS_r             |                                                                                    |
| s_axi_control | QKV_W         | 0x78   | 32    | W      | Data signal of QKV_W             |                                                                                    |
| s_axi_control | QKV_sf_W      | 0x80   | 32    | W      | Data signal of QKV_sf_W          |                                                                                    |
| s_axi_control | Out_W         | 0x88   | 32    | W      | Data signal of Out_W             |                                                                                    |
| s_axi_control | Out_sf_W      | 0x90   | 32    | W      | Data signal of Out_sf_W          |                                                                                    |
| s_axi_control | FF_w1w3_W     | 0x98   | 32    | W      | Data signal of FF_w1w3_W         |                                                                                    |
| s_axi_control | FF_w1w3_sf_W  | 0xa0   | 32    | W      | Data signal of FF_w1w3_sf_W      |                                                                                    |
| s_axi_control | FF_w2_W       | 0xa8   | 32    | W      | Data signal of FF_w2_W           |                                                                                    |
| s_axi_control | FF_w2_sf_W    | 0xb0   | 32    | W      | Data signal of FF_w2_sf_W        |                                                                                    |
| s_axi_control | Embed_W       | 0xb8   | 32    | W      | Data signal of Embed_W           |                                                                                    |
| s_axi_control | Embed_sf_W    | 0xc0   | 32    | W      | Data signal of Embed_sf_W        |                                                                                    |
| s_axi_control | rms_att_W     | 0xc8   | 32    | W      | Data signal of rms_att_W         |                                                                                    |
| s_axi_control | rms_ffn_W     | 0xd0   | 32    | W      | Data signal of rms_ffn_W         |                                                                                    |
| s_axi_control | rms_final_W   | 0xd8   | 32    | W      | Data signal of rms_final_W       |                                                                                    |
| s_axi_control | curr_token_1  | 0xe0   | 32    | W      | Data signal of curr_token        |                                                                                    |
| s_axi_control | curr_token_2  | 0xe4   | 32    | W      | Data signal of curr_token        |                                                                                    |
| s_axi_control | temperature   | 0xec   | 32    | W      | Data signal of temperature       |                                                                                    |
| s_axi_control | coin          | 0xf4   | 32    | W      | Data signal of coin              |                                                                                    |
| s_axi_control | init_rms_flag | 0xfc   | 32    | W      | Data signal of init_rms_flag     |                                                                                    |
| s_axi_control | prefill_flag  | 0x104  | 32    | W      | Data signal of prefill_flag      |                                                                                    |
+---------------+---------------+--------+-------+--------+----------------------------------+------------------------------------------------------------------------------------+

* TOP LEVEL CONTROL
+-----------+---------------+-----------+
| Interface | Type          | Ports     |
+-----------+---------------+-----------+
| ap_clk    | clock         | ap_clk    |
| ap_rst_n  | reset         | ap_rst_n  |
| interrupt | interrupt     | interrupt |
| ap_ctrl   | ap_ctrl_chain |           |
+-----------+---------------+-----------+


================================================================
== SW I/O Information
================================================================
* Top Function Arguments
+---------------+-----------+----------------------------+
| Argument      | Direction | Datatype                   |
+---------------+-----------+----------------------------+
| tokens        | in        | vector<float, 4UL>*        |
| w_sf_0        | in        | vector<float, 16UL>*       |
| w_0           | in        | vector<signed char, 64UL>* |
| w_sf_1        | in        | vector<float, 16UL>*       |
| w_1           | in        | vector<signed char, 64UL>* |
| weights       | in        | vector<float, 4UL>*        |
| key_cache     | inout     | vector<float, 16UL>*       |
| value_cache   | inout     | vector<float, 16UL>*       |
| POS           | in        | int const                  |
| QKV_W         | in        | int const                  |
| QKV_sf_W      | in        | int const                  |
| Out_W         | in        | int const                  |
| Out_sf_W      | in        | int const                  |
| FF_w1w3_W     | in        | int const                  |
| FF_w1w3_sf_W  | in        | int const                  |
| FF_w2_W       | in        | int const                  |
| FF_w2_sf_W    | in        | int const                  |
| Embed_W       | in        | int const                  |
| Embed_sf_W    | in        | int const                  |
| rms_att_W     | in        | int const                  |
| rms_ffn_W     | in        | int const                  |
| rms_final_W   | in        | int const                  |
| curr_token    | inout     | int*                       |
| temperature   | in        | float const                |
| coin          | in        | float const                |
| init_rms_flag | in        | bool const                 |
| prefill_flag  | in        | bool const                 |
+---------------+-----------+----------------------------+

* SW-to-HW Mapping
+---------------+--------------------+-----------+----------+-----------------------------------------+
| Argument      | HW Interface       | HW Type   | HW Usage | HW Info                                 |
+---------------+--------------------+-----------+----------+-----------------------------------------+
| tokens        | m_axi_w_n_t_gemm   | interface |          | channel=0                               |
| tokens        | s_axi_control      | register  | offset   | name=tokens_1 offset=0x10 range=32      |
| tokens        | s_axi_control      | register  | offset   | name=tokens_2 offset=0x14 range=32      |
| w_sf_0        | m_axi_D_TOK_W_SF_0 | interface |          | channel=0                               |
| w_sf_0        | s_axi_control      | register  | offset   | name=w_sf_0_1 offset=0x1c range=32      |
| w_sf_0        | s_axi_control      | register  | offset   | name=w_sf_0_2 offset=0x20 range=32      |
| w_0           | m_axi_D_W_GEMM_0   | interface |          | channel=0                               |
| w_0           | s_axi_control      | register  | offset   | name=w_0_1 offset=0x28 range=32         |
| w_0           | s_axi_control      | register  | offset   | name=w_0_2 offset=0x2c range=32         |
| w_sf_1        | m_axi_D_TOK_W_SF_1 | interface |          | channel=0                               |
| w_sf_1        | s_axi_control      | register  | offset   | name=w_sf_1_1 offset=0x34 range=32      |
| w_sf_1        | s_axi_control      | register  | offset   | name=w_sf_1_2 offset=0x38 range=32      |
| w_1           | m_axi_D_W_GEMM_1   | interface |          | channel=0                               |
| w_1           | s_axi_control      | register  | offset   | name=w_1_1 offset=0x40 range=32         |
| w_1           | s_axi_control      | register  | offset   | name=w_1_2 offset=0x44 range=32         |
| weights       | m_axi_w_n_t_gemm   | interface |          | channel=0                               |
| weights       | s_axi_control      | register  | offset   | name=weights_1 offset=0x4c range=32     |
| weights       | s_axi_control      | register  | offset   | name=weights_2 offset=0x50 range=32     |
| key_cache     | m_axi_kc_gemm      | interface |          | channel=0                               |
| key_cache     | s_axi_control      | register  | offset   | name=key_cache_1 offset=0x58 range=32   |
| key_cache     | s_axi_control      | register  | offset   | name=key_cache_2 offset=0x5c range=32   |
| value_cache   | m_axi_vc_gemm      | interface |          | channel=0                               |
| value_cache   | s_axi_control      | register  | offset   | name=value_cache_1 offset=0x64 range=32 |
| value_cache   | s_axi_control      | register  | offset   | name=value_cache_2 offset=0x68 range=32 |
| POS           | s_axi_control      | register  |          | name=POS_r offset=0x70 range=32         |
| QKV_W         | s_axi_control      | register  |          | name=QKV_W offset=0x78 range=32         |
| QKV_sf_W      | s_axi_control      | register  |          | name=QKV_sf_W offset=0x80 range=32      |
| Out_W         | s_axi_control      | register  |          | name=Out_W offset=0x88 range=32         |
| Out_sf_W      | s_axi_control      | register  |          | name=Out_sf_W offset=0x90 range=32      |
| FF_w1w3_W     | s_axi_control      | register  |          | name=FF_w1w3_W offset=0x98 range=32     |
| FF_w1w3_sf_W  | s_axi_control      | register  |          | name=FF_w1w3_sf_W offset=0xa0 range=32  |
| FF_w2_W       | s_axi_control      | register  |          | name=FF_w2_W offset=0xa8 range=32       |
| FF_w2_sf_W    | s_axi_control      | register  |          | name=FF_w2_sf_W offset=0xb0 range=32    |
| Embed_W       | s_axi_control      | register  |          | name=Embed_W offset=0xb8 range=32       |
| Embed_sf_W    | s_axi_control      | register  |          | name=Embed_sf_W offset=0xc0 range=32    |
| rms_att_W     | s_axi_control      | register  |          | name=rms_att_W offset=0xc8 range=32     |
| rms_ffn_W     | s_axi_control      | register  |          | name=rms_ffn_W offset=0xd0 range=32     |
| rms_final_W   | s_axi_control      | register  |          | name=rms_final_W offset=0xd8 range=32   |
| curr_token    | m_axi_token_val    | interface |          | channel=0                               |
| curr_token    | s_axi_control      | register  | offset   | name=curr_token_1 offset=0xe0 range=32  |
| curr_token    | s_axi_control      | register  | offset   | name=curr_token_2 offset=0xe4 range=32  |
| temperature   | s_axi_control      | register  |          | name=temperature offset=0xec range=32   |
| coin          | s_axi_control      | register  |          | name=coin offset=0xf4 range=32          |
| init_rms_flag | s_axi_control      | register  |          | name=init_rms_flag offset=0xfc range=32 |
| prefill_flag  | s_axi_control      | register  |          | name=prefill_flag offset=0x104 range=32 |
+---------------+--------------------+-----------+----------+-----------------------------------------+


================================================================
== M_AXI Burst Information
================================================================
 Note: All burst requests might be further partitioned into multiple requests during RTL generation based on max_read_burst_length or max_write_burst_length settings.

* Inferred Burst Summary
+--------------------+-----------+----------+-------+----------------+----------------------------------------------+
| HW Interface       | Direction | Length   | Width | Loop           | Loop Location                                |
+--------------------+-----------+----------+-------+----------------+----------------------------------------------+
| m_axi_D_TOK_W_SF_0 | read      | variable | 512   | AXI4_to_STREAM | HLS_llama/transformer_cu/mha_forward.h:240:3 |
| m_axi_D_TOK_W_SF_1 | read      | variable | 512   | AXI4_to_STREAM | HLS_llama/transformer_cu/mha_forward.h:240:3 |
| m_axi_D_W_GEMM_0   | read      | variable | 512   | AXI4_to_STREAM | HLS_llama/transformer_cu/mha_forward.h:240:3 |
| m_axi_D_W_GEMM_1   | read      | variable | 512   | AXI4_to_STREAM | HLS_llama/transformer_cu/mha_forward.h:240:3 |
| m_axi_kc_gemm      | read      | variable | 512   | fw_mha_pos     | HLS_llama/transformer_cu/mha_forward.h:288:5 |
| m_axi_kc_gemm      | write     | 4        | 512   | fw_mha_new     | HLS_llama/transformer_cu/mha_forward.h:296:5 |
| m_axi_vc_gemm      | read      | variable | 512   | fw_mha_pos     | HLS_llama/transformer_cu/mha_forward.h:288:5 |
| m_axi_vc_gemm      | write     | 4        | 512   | fw_mha_new     | HLS_llama/transformer_cu/mha_forward.h:296:5 |
| m_axi_w_n_t_gemm   | read      | 4800     | 128   | mm2mm_writer   | HLS_llama/transformer_cu/mha_forward.h:253:3 |
| m_axi_w_n_t_gemm   | read      | 96       | 128   | mm2mm_writer   | HLS_llama/transformer_cu/mha_forward.h:268:3 |
+--------------------+-----------+----------+-------+----------------+----------------------------------------------+

* All M_AXI Variable Accesses
+---------------------------------+----------+-----------------------------------------------+-----------+--------------+----------+------------------+-----------------------------------------------+------------+----------------------------------------------------------------------------------------------------------+
| HW Interface                    | Variable | Access Location                               | Direction | Burst Status | Length   | Loop             | Loop Location                                 | Resolution | Problem                                                                                                  |
+---------------------------------+----------+-----------------------------------------------+-----------+--------------+----------+------------------+-----------------------------------------------+------------+----------------------------------------------------------------------------------------------------------+
| m_axi_D_TOK_W_SF_0,D_TOK_W_SF_1 | in       | HLS_llama/transformer_cu/mha_forward.h:292:17 | read      | Widen Fail   |          | AXI4_to_STREAM   | HLS_llama/transformer_cu/mha_forward.h:240:3  | 214-353    | Could not widen since type i512 size is greater than or equal to the max_widen_bitwidth threshold of 512 |
| m_axi_D_TOK_W_SF_0,D_TOK_W_SF_1 | in       | HLS_llama/transformer_cu/mha_forward.h:292:17 | read      | Inferred     | variable | AXI4_to_STREAM   | HLS_llama/transformer_cu/mha_forward.h:240:3  |            |                                                                                                          |
| m_axi_D_W_GEMM_0,D_W_GEMM_1     | in       | HLS_llama/transformer_cu/mha_forward.h:292:17 | read      | Widen Fail   |          | AXI4_to_STREAM   | HLS_llama/transformer_cu/mha_forward.h:240:3  | 214-353    | Could not widen since type i512 size is greater than or equal to the max_widen_bitwidth threshold of 512 |
| m_axi_D_W_GEMM_0,D_W_GEMM_1     | in       | HLS_llama/transformer_cu/mha_forward.h:292:17 | read      | Inferred     | variable | AXI4_to_STREAM   | HLS_llama/transformer_cu/mha_forward.h:240:3  |            |                                                                                                          |
| m_axi_kc_gemm,vc_gemm           | cache    | HLS_llama/transformer_cu/mha_forward.h:292:17 | read      | Widen Fail   |          | fw_mha_pos       | HLS_llama/transformer_cu/mha_forward.h:288:5  | 214-353    | Could not widen since type i512 size is greater than or equal to the max_widen_bitwidth threshold of 512 |
| m_axi_kc_gemm,vc_gemm           | cache    | HLS_llama/transformer_cu/mha_forward.h:292:17 | read      | Fail         |          | VITIS_LOOP_284_1 | HLS_llama/transformer_cu/mha_forward.h:284:21 | 214-230    | Stride is incompatible                                                                                   |
| m_axi_kc_gemm,vc_gemm           | cache    | HLS_llama/transformer_cu/mha_forward.h:292:17 | read      | Inferred     | variable | fw_mha_pos       | HLS_llama/transformer_cu/mha_forward.h:288:5  |            |                                                                                                          |
| m_axi_kc_gemm,vc_gemm           | cache    | HLS_llama/transformer_cu/mha_forward.h:302:16 | write     | Widen Fail   |          | fw_mha_new       | HLS_llama/transformer_cu/mha_forward.h:296:5  | 214-353    | Could not widen since type i512 size is greater than or equal to the max_widen_bitwidth threshold of 512 |
| m_axi_kc_gemm,vc_gemm           | cache    | HLS_llama/transformer_cu/mha_forward.h:302:16 | write     | Fail         |          | VITIS_LOOP_284_1 | HLS_llama/transformer_cu/mha_forward.h:284:21 | 214-230    | Stride is incompatible                                                                                   |
| m_axi_kc_gemm,vc_gemm           | cache    | HLS_llama/transformer_cu/mha_forward.h:302:16 | write     | Inferred     | 4        | fw_mha_new       | HLS_llama/transformer_cu/mha_forward.h:296:5  |            |                                                                                                          |
| m_axi_w_n_t_gemm                | weights  | HLS_llama/transformer_cu/mha_forward.h:255:29 | read      | Widen Fail   |          | mm2mm_writer     | HLS_llama/transformer_cu/mha_forward.h:253:3  | 214-307    | Could not widen since type i128 size is greater than or equal to alignment 16(bytes)                     |
| m_axi_w_n_t_gemm                | weights  | HLS_llama/transformer_cu/mha_forward.h:255:29 | read      | Inferred     | 4800     | mm2mm_writer     | HLS_llama/transformer_cu/mha_forward.h:253:3  |            |                                                                                                          |
| m_axi_w_n_t_gemm                | tokens   | HLS_llama/transformer_cu/mha_forward.h:270:21 | read      | Widen Fail   |          | mm2mm_writer     | HLS_llama/transformer_cu/mha_forward.h:268:3  | 214-307    | Could not widen since type i128 size is greater than or equal to alignment 16(bytes)                     |
| m_axi_w_n_t_gemm                | tokens   | HLS_llama/transformer_cu/mha_forward.h:270:21 | read      | Inferred     | 96       | mm2mm_writer     | HLS_llama/transformer_cu/mha_forward.h:268:3  |            |                                                                                                          |
| m_axi_w_n_t_gemm                | tokens   | HLS_llama/transformer_cu/mha_forward.h:292:17 | read      | Widen Fail   |          | mm2mm_writer     | HLS_llama/transformer_cu/mha_forward.h:268:3  | 214-307    | Could not widen since type i128 size is greater than or equal to alignment 16(bytes)                     |
+---------------------------------+----------+-----------------------------------------------+-----------+--------------+----------+------------------+-----------------------------------------------+------------+----------------------------------------------------------------------------------------------------------+

    * Resolution URL: docs.amd.com/access/sources/dita/topic?Doc_Version=2025.2%20English&url=ug1448-hls-guidance&resourceid=XXX-YYY.html (replace XXX-YYY with column value)

================================================================
== Bind Op Report
================================================================
+------------------------------------------------------------------------------------+-----+--------+-----------------------------+-----------+--------------------------+---------+
| Name                                                                               | DSP | Pragma | Variable                    | Op        | Impl                     | Latency |
+------------------------------------------------------------------------------------+-----+--------+-----------------------------+-----------+--------------------------+---------+
| + transformer_cu                                                                   | 418 |        |                             |           |                          |         |
|  + Block_entry_proc                                                                | 0   |        |                             |           |                          |         |
|    select_ln410_fu_24_p3                                                           |     |        | select_ln410                | select    | auto_sel                 | 0       |
|  + Block_entry_curr_keys_N_DIM_wr_proc                                             | 0   |        |                             |           |                          |         |
|   + Block_entry_curr_keys_N_DIM_wr_proc_Pipeline_1                                 | 0   |        |                             |           |                          |         |
|     add_ln422_fu_108_p2                                                            |     |        | add_ln422                   | add       | fabric                   | 0       |
|     icmp_ln422_fu_145_p2                                                           |     |        | icmp_ln422                  | seteq     | auto                     | 0       |
|   + Block_entry_curr_keys_N_DIM_wr_proc_Pipeline_WL_fsm                            | 0   |        |                             |           |                          |         |
|     add_ln426_fu_435_p2                                                            |     |        | add_ln426                   | add       | fabric                   | 0       |
|     icmp_ln426_fu_441_p2                                                           |     |        | icmp_ln426                  | seteq     | auto                     | 0       |
|     fd_state_fu_509_p2                                                             |     |        | fd_state                    | add       | fabric                   | 0       |
|     fd_gemv_config_CURR_LAYER_1_fu_465_p2                                          |     |        | fd_gemv_config_CURR_LAYER_1 | add       | fabric                   | 0       |
|     icmp_ln138_fu_471_p2                                                           |     |        | icmp_ln138                  | seteq     | auto                     | 0       |
|     select_ln144_fu_514_p3                                                         |     |        | select_ln144                | select    | auto_sel                 | 0       |
|  + weights_df_wrapper                                                              | 6   |        |                             |           |                          |         |
|   + weights_df                                                                     | 6   |        |                             |           |                          |         |
|    + dataflow_in_loop_Weight_df_1                                                  | 6   |        |                             |           |                          |         |
|     + wCount_2                                                                     | 1   |        |                             |           |                          |         |
|       mul_15ns_12ns_27_2_1_U64                                                     | 1   |        | mul_ln26                    | mul       | auto                     | 1       |
|     + wCount                                                                       | 1   |        |                             |           |                          |         |
|       mul_15ns_12ns_27_2_1_U85                                                     | 1   |        | mul_ln26                    | mul       | auto                     | 1       |
|     + mm2s_input_data_vector_signed_char_64ul_s                                    | 2   |        |                             |           |                          |         |
|       mul_21ns_32s_32_3_1_U77                                                      | 2   | yes    | mul_ln236                   | mul       | dsp                      | 2       |
|       tot_off_fu_152_p2                                                            |     |        | tot_off                     | add       | fabric                   | 0       |
|       add_ln240_fu_169_p2                                                          |     |        | add_ln240                   | add       | fabric                   | 0       |
|      + mm2s_input_data_vector_signed_char_64ul_Pipeline_AXI4_to_STREAM             | 0   |        |                             |           |                          |         |
|        icmp_ln240_fu_108_p2                                                        |     |        | icmp_ln240                  | seteq     | auto                     | 0       |
|        add_ln240_fu_114_p2                                                         |     |        | add_ln240                   | add       | fabric                   | 0       |
|     + mm2s_input_data_vector_signed_char_64ul_22                                   | 2   |        |                             |           |                          |         |
|       mul_20ns_32s_32_3_1_U94                                                      | 2   | yes    | mul_ln236                   | mul       | dsp                      | 2       |
|       tot_off_fu_142_p2                                                            |     |        | tot_off                     | add       | fabric                   | 0       |
|       add_ln240_fu_159_p2                                                          |     |        | add_ln240                   | add       | fabric                   | 0       |
|      + mm2s_input_data_vector_signed_char_64ul_22_Pipeline_AXI4_to_STREAM          | 0   |        |                             |           |                          |         |
|        icmp_ln240_fu_108_p2                                                        |     |        | icmp_ln240                  | seteq     | auto                     | 0       |
|        add_ln240_fu_114_p2                                                         |     |        | add_ln240                   | add       | fabric                   | 0       |
|  + calc_fsm                                                                        | 412 |        |                             |           |                          |         |
|    add_ln271_fu_1987_p2                                                            |     |        | add_ln271                   | add       | fabric                   | 0       |
|    IN_OFF_fu_2059_p2                                                               |     |        | IN_OFF                      | sub       | fabric                   | 0       |
|    add_ln268_fu_2076_p2                                                            |     |        | add_ln268                   | add       | fabric                   | 0       |
|    ros_fu_2105_p2                                                                  |     |        | ros                         | add       | fabric                   | 0       |
|    add_ln268_1_fu_2121_p2                                                          |     |        | add_ln268_1                 | add       | fabric                   | 0       |
|    ii_4_fu_2152_p2                                                                 |     |        | ii_4                        | add       | fabric                   | 0       |
|    icmp_ln275_fu_2158_p2                                                           |     |        | icmp_ln275                  | seteq     | auto                     | 0       |
|    fcmp_32ns_32ns_1_1_no_dsp_1_x_U2577                                             |     |        | cmp_i_i                     | fcmp      | auto                     | 0       |
|    frecip_32ns_32ns_32_17_full_dsp_1_U2578                                         | 8   |        | tmp                         | frecip    | fulldsp                  | 16      |
|    INV_TEMP_fu_2238_p3                                                             |     |        | INV_TEMP                    | select    | auto_sel                 | 0       |
|    fcmp_32ns_32ns_1_1_no_dsp_1_x_U2577                                             |     |        | tmp_181                     | fcmp      | auto                     | 0       |
|    frecip_32ns_32ns_32_17_full_dsp_1_U2578                                         | 8   |        | inv_soft_sum                | frecip    | fulldsp                  | 16      |
|    fcmp_32ns_32ns_1_1_no_dsp_1_x_U2577                                             |     |        | cmp12_i_i                   | fcmp      | auto                     | 0       |
|    target_val_fu_2773_p3                                                           |     |        | target_val                  | select    | auto_sel                 | 0       |
|    sparsemux_129_6_16_1_1_U2579                                                    |     |        | tmp_27                      | sparsemux | compactencoding_dontcare | 0       |
|    add_ln293_fu_3242_p2                                                            |     |        | add_ln293                   | add       | fabric                   | 0       |
|    add_ln293_1_fu_3258_p2                                                          |     |        | add_ln293_1                 | add       | fabric                   | 0       |
|   + calc_fsm_Pipeline_1                                                            | 0   |        |                             |           |                          |         |
|     empty_401_fu_126_p2                                                            |     |        | empty_401                   | add       | fabric                   | 0       |
|     exitcond74_i_fu_132_p2                                                         |     |        | exitcond74_i                | seteq     | auto                     | 0       |
|   + calc_fsm_Pipeline_mm2mm_writer                                                 | 0   |        |                             |           |                          |         |
|     add_ln253_fu_159_p2                                                            |     |        | add_ln253                   | add       | fabric                   | 0       |
|     icmp_ln253_fu_165_p2                                                           |     |        | icmp_ln253                  | seteq     | auto                     | 0       |
|   + calc_fsm_Pipeline_mm2mm_writer4                                                | 0   |        |                             |           |                          |         |
|     add_ln268_fu_159_p2                                                            |     |        | add_ln268                   | add       | fabric                   | 0       |
|     icmp_ln268_fu_165_p2                                                           |     |        | icmp_ln268                  | seteq     | auto                     | 0       |
|   + calc_fsm_Pipeline_mm2mm_writer5                                                | 0   |        |                             |           |                          |         |
|     add_ln268_fu_159_p2                                                            |     |        | add_ln268                   | add       | fabric                   | 0       |
|     icmp_ln268_fu_165_p2                                                           |     |        | icmp_ln268                  | seteq     | auto                     | 0       |
|   + rmsnorm_kernel                                                                 | 26  |        |                             |           |                          |         |
|    + rms_mm2s_data                                                                 | 0   |        |                             |           |                          |         |
|     + rms_mm2s_data_Pipeline_AXI4_to_STREAM                                        | 0   |        |                             |           |                          |         |
|       add_ln240_fu_133_p2                                                          |     |        | add_ln240                   | add       | fabric                   | 0       |
|       icmp_ln240_fu_139_p2                                                         |     |        | icmp_ln240                  | seteq     | auto                     | 0       |
|     + rms_mm2s_data_Pipeline_AXI4_to_STREAM3                                       | 0   |        |                             |           |                          |         |
|       add_ln240_fu_133_p2                                                          |     |        | add_ln240                   | add       | fabric                   | 0       |
|       icmp_ln240_fu_139_p2                                                         |     |        | icmp_ln240                  | seteq     | auto                     | 0       |
|    + mm2s_input_data_vector_float_4ul_s                                            | 1   |        |                             |           |                          |         |
|      mul_13s_9ns_13_3_1_U197                                                       | 1   | yes    | mul_ln236                   | mul       | dsp                      | 2       |
|     + mm2s_input_data_vector_float_4ul_Pipeline_AXI4_to_STREAM                     | 0   |        |                             |           |                          |         |
|       add_ln240_fu_159_p2                                                          |     |        | add_ln240                   | add       | fabric                   | 0       |
|       icmp_ln240_fu_165_p2                                                         |     |        | icmp_ln240                  | seteq     | auto                     | 0       |
|    + rmsnorm_float_4ul_s                                                           | 25  |        |                             |           |                          |         |
|      fadd_32ns_32ns_32_2_primitive_dsp_1_U241                                      | 1   |        | tmp6                        | fadd      | primitivedsp             | 1       |
|      fadd_32ns_32ns_32_2_primitive_dsp_1_U241                                      | 1   |        | tmp7                        | fadd      | primitivedsp             | 1       |
|      fadd_32ns_32ns_32_2_primitive_dsp_1_U241                                      | 1   |        | tmp5                        | fadd      | primitivedsp             | 1       |
|      fadd_32ns_32ns_32_2_primitive_dsp_1_U241                                      | 1   |        | tmp9                        | fadd      | primitivedsp             | 1       |
|      fadd_32ns_32ns_32_2_primitive_dsp_1_U242                                      | 1   |        | tmp10                       | fadd      | primitivedsp             | 1       |
|      fadd_32ns_32ns_32_2_primitive_dsp_1_U241                                      | 1   |        | tmp8                        | fadd      | primitivedsp             | 1       |
|      fadd_32ns_32ns_32_2_primitive_dsp_1_U241                                      | 1   |        | tmp4                        | fadd      | primitivedsp             | 1       |
|      fadd_32ns_32ns_32_2_primitive_dsp_1_U241                                      | 1   |        | tmp13                       | fadd      | primitivedsp             | 1       |
|      fadd_32ns_32ns_32_2_primitive_dsp_1_U242                                      | 1   |        | tmp14                       | fadd      | primitivedsp             | 1       |
|      fadd_32ns_32ns_32_2_primitive_dsp_1_U242                                      | 1   |        | tmp12                       | fadd      | primitivedsp             | 1       |
|      fadd_32ns_32ns_32_2_primitive_dsp_1_U241                                      | 1   |        | tmp16                       | fadd      | primitivedsp             | 1       |
|      fadd_32ns_32ns_32_2_primitive_dsp_1_U243                                      | 1   |        | tmp17                       | fadd      | primitivedsp             | 1       |
|      fadd_32ns_32ns_32_2_primitive_dsp_1_U241                                      | 1   |        | tmp15                       | fadd      | primitivedsp             | 1       |
|      fadd_32ns_32ns_32_2_primitive_dsp_1_U241                                      | 1   |        | tmp11                       | fadd      | primitivedsp             | 1       |
|      fadd_32ns_32ns_32_2_primitive_dsp_1_U241                                      | 1   |        | ftss_1                      | fadd      | primitivedsp             | 1       |
|      fdiv_32ns_32ns_32_29_no_dsp_1_U244                                            |     |        | div                         | fdiv      | fabric                   | 28      |
|      fpext_32ns_64_1_no_dsp_1_U246                                                 |     |        | conv                        | fpext     | auto                     | 0       |
|      dadd_64ns_64ns_64_9_no_dsp_1_U248                                             |     |        | add2                        | dadd      | fabric                   | 8       |
|      fptrunc_64ns_32_1_no_dsp_1_U245                                               |     |        | flss                        | fptrunc   | auto                     | 0       |
|      frsqrt_32ns_32ns_32_24_full_dsp_1_U247                                        | 9   |        | fss                         | frsqrt    | fulldsp                  | 23      |
|     + rmsnorm_float_4ul_Pipeline_1                                                 | 0   |        |                             |           |                          |         |
|       empty_267_fu_52_p2                                                           |     |        | empty_267                   | add       | fabric                   | 0       |
|       exitcond331_fu_58_p2                                                         |     |        | exitcond331                 | seteq     | auto                     | 0       |
|     + rmsnorm_float_4ul_Pipeline_rms_mac                                           | 5   |        |                             |           |                          |         |
|       add_ln20_fu_221_p2                                                           |     |        | add_ln20                    | add       | fabric                   | 0       |
|       icmp_ln20_fu_227_p2                                                          |     |        | icmp_ln20                   | seteq     | auto                     | 0       |
|       fadd_32ns_32ns_32_2_primitive_dsp_1_U210                                     | 1   |        | add_i_i_3                   | fadd      | primitivedsp             | 1       |
|       fmadd_32ns_32ns_32ns_32ns_32_4_primitive_dsp_1_U214                          | 1   |        | tmp                         | fmadd     | primitivedsp             | 3       |
|       fmadd_32ns_32ns_32ns_32ns_32_4_primitive_dsp_1_U213                          | 1   |        | tmp14                       | fmadd     | primitivedsp             | 3       |
|       fmadd_32ns_32ns_32ns_32ns_32_4_primitive_dsp_1_U215                          | 1   |        | tmp15                       | fmadd     | primitivedsp             | 3       |
|       fadd_32ns_32ns_32_2_primitive_dsp_1_U211                                     | 1   |        | add                         | fadd      | primitivedsp             | 1       |
|     + rmsnorm_float_4ul_Pipeline_data_out                                          | 7   |        |                             |           |                          |         |
|       add_ln50_fu_224_p2                                                           |     |        | add_ln50                    | add       | fabric                   | 0       |
|       icmp_ln50_fu_230_p2                                                          |     |        | icmp_ln50                   | seteq     | auto                     | 0       |
|       fmul_32ns_32ns_32_3_primitive_dsp_1_U229                                     | 1   |        | mul_i_i                     | fmul      | primitivedsp             | 2       |
|       fmul_32ns_32ns_32_3_primitive_dsp_1_U226                                     | 1   |        | tmp16                       | fmul      | primitivedsp             | 2       |
|       fmul_32ns_32ns_32_3_primitive_dsp_1_U230                                     | 1   |        | mul_i_i_1                   | fmul      | primitivedsp             | 2       |
|       fmul_32ns_32ns_32_3_primitive_dsp_1_U227                                     | 1   |        | tmp17                       | fmul      | primitivedsp             | 2       |
|       fmul_32ns_32ns_32_3_primitive_dsp_1_U231                                     | 1   |        | mul_i_i_2                   | fmul      | primitivedsp             | 2       |
|       fmul_32ns_32ns_32_3_primitive_dsp_1_U228                                     | 1   |        | tmp18                       | fmul      | primitivedsp             | 2       |
|       fmul_32ns_32ns_32_3_primitive_dsp_1_U232                                     | 1   |        | mul_i_i_3                   | fmul      | primitivedsp             | 2       |
|   + swiglu_kernel                                                                  | 12  |        |                             |           |                          |         |
|    + mm2s_input_data_vector_float_4ul_6                                            | 0   |        |                             |           |                          |         |
|      add_ln240_fu_147_p2                                                           |     |        | add_ln240                   | add       | fabric                   | 0       |
|      icmp_ln240_fu_153_p2                                                          |     |        | icmp_ln240                  | seteq     | auto                     | 0       |
|    + mm2s_input_data_vector_float_4ul_7                                            | 0   |        |                             |           |                          |         |
|      add_ln240_fu_147_p2                                                           |     |        | add_ln240                   | add       | fabric                   | 0       |
|      icmp_ln240_fu_153_p2                                                          |     |        | icmp_ln240                  | seteq     | auto                     | 0       |
|    + swiglu_4ul_float_4ul_s                                                        | 12  |        |                             |           |                          |         |
|      i_5_fu_173_p2                                                                 |     |        | i_5                         | add       | fabric                   | 0       |
|      icmp_ln373_fu_179_p2                                                          |     |        | icmp_ln373                  | seteq     | auto                     | 0       |
|      xor_ln381_4_fu_270_p2                                                         |     |        | xor_ln381_4                 | xor       | auto                     | 0       |
|      fexp_32ns_32ns_32_19_med_dsp_1_U303                                           | 1   |        | tmp_s                       | fexp      | meddsp                   | 18      |
|      fadd_32ns_32ns_32_2_primitive_dsp_1_U299                                      | 1   |        | tmpa                        | fadd      | primitivedsp             | 1       |
|      frecip_32ns_32ns_32_17_full_dsp_1_U302                                        | 8   |        | tmpb                        | frecip    | fulldsp                  | 16      |
|      fmul_32ns_32ns_32_3_primitive_dsp_1_U300                                      | 1   |        | tmp                         | fmul      | primitivedsp             | 2       |
|      fmul_32ns_32ns_32_3_primitive_dsp_1_U300                                      | 1   |        | mul                         | fmul      | primitivedsp             | 2       |
|      xor_ln381_fu_349_p2                                                           |     |        | xor_ln381                   | xor       | auto                     | 0       |
|      fexp_32ns_32ns_32_19_med_dsp_1_U303                                           | 1   |        | tmp_1                       | fexp      | meddsp                   | 18      |
|      fadd_32ns_32ns_32_2_primitive_dsp_1_U299                                      | 1   |        | tmpa_1                      | fadd      | primitivedsp             | 1       |
|      frecip_32ns_32ns_32_17_full_dsp_1_U302                                        | 8   |        | tmpb_1                      | frecip    | fulldsp                  | 16      |
|      fmul_32ns_32ns_32_3_primitive_dsp_1_U300                                      | 1   |        | tmp1                        | fmul      | primitivedsp             | 2       |
|      fmul_32ns_32ns_32_3_primitive_dsp_1_U301                                      | 1   |        | mul12_1                     | fmul      | primitivedsp             | 2       |
|      xor_ln381_5_fu_369_p2                                                         |     |        | xor_ln381_5                 | xor       | auto                     | 0       |
|      fexp_32ns_32ns_32_19_med_dsp_1_U303                                           | 1   |        | tmp_2                       | fexp      | meddsp                   | 18      |
|      fadd_32ns_32ns_32_2_primitive_dsp_1_U299                                      | 1   |        | tmpa_2                      | fadd      | primitivedsp             | 1       |
|      frecip_32ns_32ns_32_17_full_dsp_1_U302                                        | 8   |        | tmpb_2                      | frecip    | fulldsp                  | 16      |
|      fmul_32ns_32ns_32_3_primitive_dsp_1_U300                                      | 1   |        | tmp2                        | fmul      | primitivedsp             | 2       |
|      fmul_32ns_32ns_32_3_primitive_dsp_1_U301                                      | 1   |        | mul12_2                     | fmul      | primitivedsp             | 2       |
|      xor_ln381_6_fu_389_p2                                                         |     |        | xor_ln381_6                 | xor       | auto                     | 0       |
|      fexp_32ns_32ns_32_19_med_dsp_1_U303                                           | 1   |        | tmp_3                       | fexp      | meddsp                   | 18      |
|      fadd_32ns_32ns_32_2_primitive_dsp_1_U299                                      | 1   |        | tmpa_3                      | fadd      | primitivedsp             | 1       |
|      frecip_32ns_32ns_32_17_full_dsp_1_U302                                        | 8   |        | tmpb_3                      | frecip    | fulldsp                  | 16      |
|      fmul_32ns_32ns_32_3_primitive_dsp_1_U301                                      | 1   |        | tmp3                        | fmul      | primitivedsp             | 2       |
|      fmul_32ns_32ns_32_3_primitive_dsp_1_U301                                      | 1   |        | mul12_3                     | fmul      | primitivedsp             | 2       |
|   + mha_kernel                                                                     | 198 |        |                             |           |                          |         |
|    + mha_kernel_Block_entry_tokens_0_0_rd_tokens_1_0_rd_proc                       | 0   |        |                             |           |                          |         |
|     + mm2s_vec_up_float_16ul_4ul_s                                                 | 0   |        |                             |           |                          |         |
|       add_ln208_fu_193_p2                                                          |     |        | add_ln208                   | add       | fabric                   | 0       |
|       icmp_ln208_fu_199_p2                                                         |     |        | icmp_ln208                  | seteq     | auto                     | 0       |
|       icmp_ln221_fu_236_p2                                                         |     |        | icmp_ln221                  | seteq     | auto                     | 0       |
|     + mm2s_vec_up_float_16ul_4ul_4                                                 | 0   |        |                             |           |                          |         |
|      + mm2s_vec_up_float_16ul_4ul_3                                                | 0   |        |                             |           |                          |         |
|        add_ln208_fu_267_p2                                                         |     |        | add_ln208                   | add       | fabric                   | 0       |
|        icmp_ln208_fu_273_p2                                                        |     |        | icmp_ln208                  | seteq     | auto                     | 0       |
|        add_ln211_fu_287_p2                                                         |     |        | add_ln211                   | add       | fabric                   | 0       |
|        select_ln211_fu_383_p3                                                      |     |        | select_ln211                | select    | auto_sel                 | 0       |
|        select_ln211_1_fu_390_p3                                                    |     |        | select_ln211_1              | select    | auto_sel                 | 0       |
|        select_ln211_2_fu_397_p3                                                    |     |        | select_ln211_2              | select    | auto_sel                 | 0       |
|        select_ln211_3_fu_404_p3                                                    |     |        | select_ln211_3              | select    | auto_sel                 | 0       |
|        icmp_ln221_fu_305_p2                                                        |     |        | icmp_ln221                  | seteq     | auto                     | 0       |
|     + mm2s_vec_up_float_16ul_4ul_5                                                 | 0   |        |                             |           |                          |         |
|       add_ln208_fu_193_p2                                                          |     |        | add_ln208                   | add       | fabric                   | 0       |
|       icmp_ln208_fu_199_p2                                                         |     |        | icmp_ln208                  | seteq     | auto                     | 0       |
|       add_ln211_fu_213_p2                                                          |     |        | add_ln211                   | add       | fabric                   | 0       |
|       icmp_ln221_fu_219_p2                                                         |     |        | icmp_ln221                  | seteq     | auto                     | 0       |
|    + rope_kernel_float_16ul_768_1                                                  | 34  |        |                             |           |                          |         |
|      sitofp_32ns_32_5_no_dsp_1_U401                                                |     |        | conv9                       | sitofp    | auto                     | 4       |
|      add_ln336_fu_346_p2                                                           |     |        | add_ln336                   | add       | fabric                   | 0       |
|      icmp_ln336_fu_352_p2                                                          |     |        | icmp_ln336                  | seteq     | auto                     | 0       |
|      select_ln347_fu_381_p3                                                        |     |        | select_ln347                | select    | auto_sel                 | 0       |
|      add_ln336_1_fu_393_p2                                                         |     |        | add_ln336_1                 | add       | fabric                   | 0       |
|      select_ln336_fu_399_p3                                                        |     |        | select_ln336                | select    | auto_sel                 | 0       |
|      first_iter_0_fu_407_p2                                                        |     |        | first_iter_0                | seteq     | auto                     | 0       |
|      fmul_32ns_32ns_32_3_primitive_dsp_1_U395                                      | 1   |        | val                         | fmul      | primitivedsp             | 2       |
|      lshr_416ns_9ns_416_2_1_U408                                                   |     |        | lshr_ln353                  | lshr      | auto_pipe                | 1       |
|      lshr_479ns_9ns_479_2_1_U406                                                   |     |        | lshr_ln354                  | lshr      | auto_pipe                | 1       |
|      fmul_32ns_32ns_32_3_primitive_dsp_1_U397                                      | 1   |        | mul1                        | fmul      | primitivedsp             | 2       |
|      fmsub_32ns_32ns_32ns_32ns_32_4_primitive_dsp_1_U404                           | 1   |        | sub                         | fmsub     | primitivedsp             | 3       |
|      shl_ln355_fu_710_p2                                                           |     |        | shl_ln355                   | shl       | auto_pipe                | 1       |
|      shl_ln355_1_fu_719_p2                                                         |     |        | shl_ln355_1                 | shl       | auto_pipe                | 1       |
|      fmul_32ns_32ns_32_3_primitive_dsp_1_U398                                      | 1   |        | mul3                        | fmul      | primitivedsp             | 2       |
|      fmadd_32ns_32ns_32ns_32ns_32_4_primitive_dsp_1_U402                           | 1   |        | add                         | fmadd     | primitivedsp             | 3       |
|      shl_ln356_fu_728_p2                                                           |     |        | shl_ln356                   | shl       | auto_pipe                | 1       |
|      shl_ln356_1_fu_737_p2                                                         |     |        | shl_ln356_1                 | shl       | auto_pipe                | 1       |
|      fmul_32ns_32ns_32_3_primitive_dsp_1_U396                                      | 1   |        | val_1                       | fmul      | primitivedsp             | 2       |
|      add_ln56_fu_617_p2                                                            |     |        | add_ln56                    | add       | fabric                   | 0       |
|      lshr_480ns_9ns_480_2_1_U409                                                   |     |        | lshr_ln353_1                | lshr      | auto_pipe                | 1       |
|      lshr_512ns_9ns_512_2_1_U407                                                   |     |        | lshr_ln354_1                | lshr      | auto_pipe                | 1       |
|      fmul_32ns_32ns_32_3_primitive_dsp_1_U399                                      | 1   |        | mul19_1                     | fmul      | primitivedsp             | 2       |
|      fmsub_32ns_32ns_32ns_32ns_32_4_primitive_dsp_1_U405                           | 1   |        | sub_s                       | fmsub     | primitivedsp             | 3       |
|      shl_ln355_2_fu_754_p2                                                         |     |        | shl_ln355_2                 | shl       | auto_pipe                | 1       |
|      shl_ln355_3_fu_767_p2                                                         |     |        | shl_ln355_3                 | shl       | auto_pipe                | 1       |
|      fmul_32ns_32ns_32_3_primitive_dsp_1_U400                                      | 1   |        | mul25_1                     | fmul      | primitivedsp             | 2       |
|      fmadd_32ns_32ns_32ns_32ns_32_4_primitive_dsp_1_U403                           | 1   |        | add26_s                     | fmadd     | primitivedsp             | 3       |
|      shl_ln356_2_fu_775_p2                                                         |     |        | shl_ln356_2                 | shl       | auto_pipe                | 1       |
|      shl_ln356_3_fu_784_p2                                                         |     |        | shl_ln356_3                 | shl       | auto_pipe                | 1       |
|      xor_ln356_fu_789_p2                                                           |     |        | xor_ln356                   | xor       | auto                     | 0       |
|      xor_ln356_4_fu_799_p2                                                         |     |        | xor_ln356_4                 | xor       | auto                     | 0       |
|      and_ln356_fu_808_p2                                                           |     |        | and_ln356                   | and       | auto                     | 0       |
|      and_ln356_4_fu_814_p2                                                         |     |        | and_ln356_4                 | and       | auto                     | 0       |
|      or_ln356_3_fu_820_p2                                                          |     |        | or_ln356_3                  | or        | auto                     | 0       |
|      xor_ln356_1_fu_853_p2                                                         |     |        | xor_ln356_1                 | xor       | auto                     | 0       |
|      xor_ln356_5_fu_863_p2                                                         |     |        | xor_ln356_5                 | xor       | auto                     | 0       |
|      and_ln356_1_fu_876_p2                                                         |     |        | and_ln356_1                 | and       | auto                     | 0       |
|      and_ln356_5_fu_882_p2                                                         |     |        | and_ln356_5                 | and       | auto                     | 0       |
|      or_ln356_fu_888_p2                                                            |     |        | or_ln356                    | or        | auto                     | 0       |
|      xor_ln356_2_fu_919_p2                                                         |     |        | xor_ln356_2                 | xor       | auto                     | 0       |
|      xor_ln356_6_fu_929_p2                                                         |     |        | xor_ln356_6                 | xor       | auto                     | 0       |
|      and_ln356_2_fu_943_p2                                                         |     |        | and_ln356_2                 | and       | auto                     | 0       |
|      and_ln356_6_fu_949_p2                                                         |     |        | and_ln356_6                 | and       | auto                     | 0       |
|      or_ln356_4_fu_955_p2                                                          |     |        | or_ln356_4                  | or        | auto                     | 0       |
|      xor_ln356_3_fu_979_p2                                                         |     |        | xor_ln356_3                 | xor       | auto                     | 0       |
|      and_ln356_3_fu_985_p2                                                         |     |        | and_ln356_3                 | and       | auto                     | 0       |
|      tmp_o_1_fu_991_p2                                                             |     |        | tmp_o_1                     | or        | auto                     | 0       |
|      add_ln344_fu_417_p2                                                           |     |        | add_ln344                   | add       | fabric                   | 0       |
|     + generic_sincos_float_s (grp_generic_sincos_float_s_fu_228)                   | 12  |        |                             |           |                          |         |
|       closepath_fu_387_p2                                                          |     |        | closepath                   | setlt     | auto                     | 0       |
|       Ex_fu_506_p2                                                                 |     |        | Ex                          | add       | fabric                   | 0       |
|       select_ln453_fu_556_p3                                                       |     |        | select_ln453                | select    | auto_sel                 | 0       |
|       add_ln376_fu_393_p2                                                          |     |        | add_ln376                   | add       | fabric                   | 0       |
|       addr_fu_399_p3                                                               |     |        | addr                        | select    | auto_sel                 | 0       |
|       shl_ln379_fu_431_p2                                                          |     |        | shl_ln379                   | shl       | auto_pipe                | 0       |
|       mul_80s_24ns_80_5_0_U362                                                     | 4   |        | h                           | mul       | auto                     | 4       |
|       k_fu_511_p3                                                                  |     |        | k                           | select    | auto_sel                 | 0       |
|       Mx_bits_1_fu_500_p2                                                          |     |        | Mx_bits_1                   | sub       | fabric                   | 0       |
|       Mx_bits_3_fu_521_p3                                                          |     |        | Mx_bits_3                   | select    | auto_sel                 | 0       |
|       ctlz_30_30_1_0_U363                                                          |     |        | Mx_zeros                    | ctlz      | auto                     | 0       |
|       shl_ln504_fu_565_p2                                                          |     |        | shl_ln504                   | shl       | auto_pipe                | 0       |
|       Ex_1_fu_573_p2                                                               |     |        | Ex_1                        | sub       | fabric                   | 0       |
|       sub_ln506_fu_587_p2                                                          |     |        | sub_ln506                   | sub       | fabric                   | 0       |
|       select_ln506_fu_603_p3                                                       |     |        | select_ln506                | select    | auto_sel                 | 0       |
|       lshr_ln506_fu_615_p2                                                         |     |        | lshr_ln506                  | lshr      | auto_pipe                | 0       |
|       shl_ln506_fu_621_p2                                                          |     |        | shl_ln506                   | shl       | auto_pipe                | 0       |
|       select_ln506_1_fu_627_p3                                                     |     |        | select_ln506_1              | select    | auto_sel                 | 0       |
|       mul_15ns_15ns_30_2_0_U364                                                    | 1   |        | mul_ln69                    | mul       | auto                     | 1       |
|       mul_22ns_22ns_44_2_0_U365                                                    | 1   |        | mul_ln73                    | mul       | auto                     | 1       |
|       mul_15ns_14ns_29_2_0_U366                                                    | 1   |        | mul_ln74                    | mul       | auto                     | 1       |
|       conv5_i_i_i369_i_neg_fu_844_p2                                               |     |        | conv5_i_i_i369_i_neg        | sub       | fabric                   | 0       |
|       xor_ln75_fu_887_p2                                                           |     |        | xor_ln75                    | xor       | auto                     | 0       |
|       mul_22ns_21s_43_2_0_U367                                                     | 1   |        | mul_ln78                    | mul       | auto                     | 1       |
|       mul_15ns_13s_28_2_0_U368                                                     | 1   |        | mul_ln79                    | mul       | auto                     | 1       |
|       add_ln80_fu_918_p2                                                           |     |        | add_ln80                    | add       | fabric                   | 0       |
|       add_ln80_1_fu_928_p2                                                         |     |        | add_ln80_1                  | add       | fabric                   | 0       |
|       mul_29ns_28ns_57_5_0_U361                                                    | 3   |        | mul_ln80                    | mul       | auto                     | 4       |
|       ctlz_32_32_1_0_U369                                                          |     |        | c                           | ctlz      | auto                     | 0       |
|       in_shift_5_fu_983_p2                                                         |     |        | in_shift_5                  | shl       | auto_pipe                | 0       |
|       out_exp_fu_1486_p2                                                           |     |        | out_exp                     | xor       | auto                     | 0       |
|       ctlz_32_32_1_0_U373                                                          |     |        | c_2                         | ctlz      | auto                     | 0       |
|       ctlz_32_32_1_0_U374                                                          |     |        | c_1                         | ctlz      | auto                     | 0       |
|       in_shift_fu_1334_p2                                                          |     |        | in_shift                    | shl       | auto_pipe                | 0       |
|       icmp_ln292_fu_1340_p2                                                        |     |        | icmp_ln292                  | seteq     | auto                     | 0       |
|       in_shift_4_fu_1371_p2                                                        |     |        | in_shift_4                  | shl       | auto_pipe                | 0       |
|       shift_4_fu_1352_p3                                                           |     |        | shift_4                     | select    | auto_sel                 | 0       |
|       icmp_ln306_fu_1323_p2                                                        |     |        | icmp_ln306                  | seteq     | auto                     | 0       |
|       or_ln306_fu_1399_p2                                                          |     |        | or_ln306                    | or        | auto                     | 0       |
|       empty_377_fu_1427_p3                                                         |     |        | empty_377                   | select    | auto_sel                 | 0       |
|       sparsemux_33_4_1_1_0_U370                                                    |     |        | sin_results_sign            | sparsemux | compactencoding_dontcare | 0       |
|       sparsemux_33_4_1_1_0_U371                                                    |     |        | cos_results_sign            | sparsemux | compactencoding_dontcare | 0       |
|       icmp_ln179_fu_464_p2                                                         |     |        | icmp_ln179                  | seteq     | auto                     | 0       |
|       icmp_ln179_1_fu_469_p2                                                       |     |        | icmp_ln179_1                | seteq     | auto                     | 0       |
|       and_ln179_fu_474_p2                                                          |     |        | and_ln179                   | and       | auto                     | 0       |
|       icmp_ln186_fu_551_p2                                                         |     |        | icmp_ln186                  | seteq     | auto                     | 0       |
|       xor_ln186_fu_1148_p2                                                         |     |        | xor_ln186                   | xor       | auto                     | 0       |
|       sin_results_sign_1_fu_1153_p2                                                |     |        | sin_results_sign_1          | and       | auto                     | 0       |
|       select_ln186_fu_1434_p3                                                      |     |        | select_ln186                | select    | auto_sel                 | 0       |
|       or_ln186_fu_1441_p2                                                          |     |        | or_ln186                    | or        | auto                     | 0       |
|       sin_results_exp_fu_1446_p3                                                   |     |        | sin_results_exp             | select    | auto_sel                 | 0       |
|       select_ln186_2_fu_1454_p3                                                    |     |        | select_ln186_2              | select    | auto_sel                 | 0       |
|       sin_results_sig_fu_1461_p3                                                   |     |        | sin_results_sig             | select    | auto_sel                 | 0       |
|       cos_results_sign_1_fu_1159_p2                                                |     |        | cos_results_sign_1          | and       | auto                     | 0       |
|       sin_results_sign_2_fu_1165_p3                                                |     |        | sin_results_sign_2          | select    | auto_sel                 | 0       |
|       sin_results_exp_1_fu_1469_p3                                                 |     |        | sin_results_exp_1           | select    | auto_sel                 | 0       |
|       sin_results_sig_1_fu_1476_p3                                                 |     |        | sin_results_sig_1           | select    | auto_sel                 | 0       |
|       not_and_ln179_fu_1171_p2                                                     |     |        | not_and_ln179               | xor       | auto                     | 0       |
|       cos_results_sign_2_fu_1176_p2                                                |     |        | cos_results_sign_2          | and       | auto                     | 0       |
|       cos_results_exp_2_fu_1500_p3                                                 |     |        | cos_results_exp_2           | select    | auto_sel                 | 0       |
|       empty_378_fu_1182_p2                                                         |     |        | empty_378                   | or        | auto                     | 0       |
|       cos_results_exp_1_fu_1507_p3                                                 |     |        | cos_results_exp_1           | select    | auto_sel                 | 0       |
|       cos_results_sig_2_cast_fu_1186_p3                                            |     |        | cos_results_sig_2_cast      | select    | auto_sel                 | 0       |
|       cos_results_sig_1_fu_1194_p3                                                 |     |        | cos_results_sig_1           | select    | auto_sel                 | 0       |
|       sparsemux_17_3_1_1_0_U372                                                    |     |        | tmp_25                      | sparsemux | compactencoding_dontcare | 0       |
|       s_out_1_fu_1537_p3                                                           |     |        | s_out_1                     | select    | auto_sel                 | 0       |
|       c_out_1_fu_1544_p3                                                           |     |        | c_out_1                     | select    | auto_sel                 | 0       |
|     + generic_sincos_float_s (grp_generic_sincos_float_s_fu_247)                   | 12  |        |                             |           |                          |         |
|       closepath_fu_387_p2                                                          |     |        | closepath                   | setlt     | auto                     | 0       |
|       Ex_fu_506_p2                                                                 |     |        | Ex                          | add       | fabric                   | 0       |
|       select_ln453_fu_556_p3                                                       |     |        | select_ln453                | select    | auto_sel                 | 0       |
|       add_ln376_fu_393_p2                                                          |     |        | add_ln376                   | add       | fabric                   | 0       |
|       addr_fu_399_p3                                                               |     |        | addr                        | select    | auto_sel                 | 0       |
|       shl_ln379_fu_431_p2                                                          |     |        | shl_ln379                   | shl       | auto_pipe                | 0       |
|       mul_80s_24ns_80_5_0_U362                                                     | 4   |        | h                           | mul       | auto                     | 4       |
|       k_fu_511_p3                                                                  |     |        | k                           | select    | auto_sel                 | 0       |
|       Mx_bits_1_fu_500_p2                                                          |     |        | Mx_bits_1                   | sub       | fabric                   | 0       |
|       Mx_bits_3_fu_521_p3                                                          |     |        | Mx_bits_3                   | select    | auto_sel                 | 0       |
|       ctlz_30_30_1_0_U363                                                          |     |        | Mx_zeros                    | ctlz      | auto                     | 0       |
|       shl_ln504_fu_565_p2                                                          |     |        | shl_ln504                   | shl       | auto_pipe                | 0       |
|       Ex_1_fu_573_p2                                                               |     |        | Ex_1                        | sub       | fabric                   | 0       |
|       sub_ln506_fu_587_p2                                                          |     |        | sub_ln506                   | sub       | fabric                   | 0       |
|       select_ln506_fu_603_p3                                                       |     |        | select_ln506                | select    | auto_sel                 | 0       |
|       lshr_ln506_fu_615_p2                                                         |     |        | lshr_ln506                  | lshr      | auto_pipe                | 0       |
|       shl_ln506_fu_621_p2                                                          |     |        | shl_ln506                   | shl       | auto_pipe                | 0       |
|       select_ln506_1_fu_627_p3                                                     |     |        | select_ln506_1              | select    | auto_sel                 | 0       |
|       mul_15ns_15ns_30_2_0_U364                                                    | 1   |        | mul_ln69                    | mul       | auto                     | 1       |
|       mul_22ns_22ns_44_2_0_U365                                                    | 1   |        | mul_ln73                    | mul       | auto                     | 1       |
|       mul_15ns_14ns_29_2_0_U366                                                    | 1   |        | mul_ln74                    | mul       | auto                     | 1       |
|       conv5_i_i_i369_i_neg_fu_844_p2                                               |     |        | conv5_i_i_i369_i_neg        | sub       | fabric                   | 0       |
|       xor_ln75_fu_887_p2                                                           |     |        | xor_ln75                    | xor       | auto                     | 0       |
|       mul_22ns_21s_43_2_0_U367                                                     | 1   |        | mul_ln78                    | mul       | auto                     | 1       |
|       mul_15ns_13s_28_2_0_U368                                                     | 1   |        | mul_ln79                    | mul       | auto                     | 1       |
|       add_ln80_fu_918_p2                                                           |     |        | add_ln80                    | add       | fabric                   | 0       |
|       add_ln80_1_fu_928_p2                                                         |     |        | add_ln80_1                  | add       | fabric                   | 0       |
|       mul_29ns_28ns_57_5_0_U361                                                    | 3   |        | mul_ln80                    | mul       | auto                     | 4       |
|       ctlz_32_32_1_0_U369                                                          |     |        | c                           | ctlz      | auto                     | 0       |
|       in_shift_5_fu_983_p2                                                         |     |        | in_shift_5                  | shl       | auto_pipe                | 0       |
|       out_exp_fu_1486_p2                                                           |     |        | out_exp                     | xor       | auto                     | 0       |
|       ctlz_32_32_1_0_U373                                                          |     |        | c_2                         | ctlz      | auto                     | 0       |
|       ctlz_32_32_1_0_U374                                                          |     |        | c_1                         | ctlz      | auto                     | 0       |
|       in_shift_fu_1334_p2                                                          |     |        | in_shift                    | shl       | auto_pipe                | 0       |
|       icmp_ln292_fu_1340_p2                                                        |     |        | icmp_ln292                  | seteq     | auto                     | 0       |
|       in_shift_4_fu_1371_p2                                                        |     |        | in_shift_4                  | shl       | auto_pipe                | 0       |
|       shift_4_fu_1352_p3                                                           |     |        | shift_4                     | select    | auto_sel                 | 0       |
|       icmp_ln306_fu_1323_p2                                                        |     |        | icmp_ln306                  | seteq     | auto                     | 0       |
|       or_ln306_fu_1399_p2                                                          |     |        | or_ln306                    | or        | auto                     | 0       |
|       empty_377_fu_1427_p3                                                         |     |        | empty_377                   | select    | auto_sel                 | 0       |
|       sparsemux_33_4_1_1_0_U370                                                    |     |        | sin_results_sign            | sparsemux | compactencoding_dontcare | 0       |
|       sparsemux_33_4_1_1_0_U371                                                    |     |        | cos_results_sign            | sparsemux | compactencoding_dontcare | 0       |
|       icmp_ln179_fu_464_p2                                                         |     |        | icmp_ln179                  | seteq     | auto                     | 0       |
|       icmp_ln179_1_fu_469_p2                                                       |     |        | icmp_ln179_1                | seteq     | auto                     | 0       |
|       and_ln179_fu_474_p2                                                          |     |        | and_ln179                   | and       | auto                     | 0       |
|       icmp_ln186_fu_551_p2                                                         |     |        | icmp_ln186                  | seteq     | auto                     | 0       |
|       xor_ln186_fu_1148_p2                                                         |     |        | xor_ln186                   | xor       | auto                     | 0       |
|       sin_results_sign_1_fu_1153_p2                                                |     |        | sin_results_sign_1          | and       | auto                     | 0       |
|       select_ln186_fu_1434_p3                                                      |     |        | select_ln186                | select    | auto_sel                 | 0       |
|       or_ln186_fu_1441_p2                                                          |     |        | or_ln186                    | or        | auto                     | 0       |
|       sin_results_exp_fu_1446_p3                                                   |     |        | sin_results_exp             | select    | auto_sel                 | 0       |
|       select_ln186_2_fu_1454_p3                                                    |     |        | select_ln186_2              | select    | auto_sel                 | 0       |
|       sin_results_sig_fu_1461_p3                                                   |     |        | sin_results_sig             | select    | auto_sel                 | 0       |
|       cos_results_sign_1_fu_1159_p2                                                |     |        | cos_results_sign_1          | and       | auto                     | 0       |
|       sin_results_sign_2_fu_1165_p3                                                |     |        | sin_results_sign_2          | select    | auto_sel                 | 0       |
|       sin_results_exp_1_fu_1469_p3                                                 |     |        | sin_results_exp_1           | select    | auto_sel                 | 0       |
|       sin_results_sig_1_fu_1476_p3                                                 |     |        | sin_results_sig_1           | select    | auto_sel                 | 0       |
|       not_and_ln179_fu_1171_p2                                                     |     |        | not_and_ln179               | xor       | auto                     | 0       |
|       cos_results_sign_2_fu_1176_p2                                                |     |        | cos_results_sign_2          | and       | auto                     | 0       |
|       cos_results_exp_2_fu_1500_p3                                                 |     |        | cos_results_exp_2           | select    | auto_sel                 | 0       |
|       empty_378_fu_1182_p2                                                         |     |        | empty_378                   | or        | auto                     | 0       |
|       cos_results_exp_1_fu_1507_p3                                                 |     |        | cos_results_exp_1           | select    | auto_sel                 | 0       |
|       cos_results_sig_2_cast_fu_1186_p3                                            |     |        | cos_results_sig_2_cast      | select    | auto_sel                 | 0       |
|       cos_results_sig_1_fu_1194_p3                                                 |     |        | cos_results_sig_1           | select    | auto_sel                 | 0       |
|       sparsemux_17_3_1_1_0_U372                                                    |     |        | tmp_25                      | sparsemux | compactencoding_dontcare | 0       |
|       s_out_1_fu_1537_p3                                                           |     |        | s_out_1                     | select    | auto_sel                 | 0       |
|       c_out_1_fu_1544_p3                                                           |     |        | c_out_1                     | select    | auto_sel                 | 0       |
|    + mha_WAR_store_load_float_16ul_8                                               | 0   |        |                             |           |                          |         |
|      layer_offset_fu_197_p2                                                        |     |        | layer_offset                | sub       | fabric                   | 0       |
|      icmp_ln288_fu_219_p2                                                          |     |        | icmp_ln288                  | setgt     | auto                     | 0       |
|      empty_fu_238_p3                                                               |     |        | empty                       | select    | auto_sel                 | 0       |
|      add_ln285_fu_250_p2                                                           |     |        | add_ln285                   | add       | fabric                   | 0       |
|      add_ln284_fu_263_p2                                                           |     |        | add_ln284                   | add       | fabric                   | 0       |
|      icmp_ln284_fu_269_p2                                                          |     |        | icmp_ln284                  | seteq     | auto                     | 0       |
|      add_ln285_1_fu_291_p2                                                         |     |        | add_ln285_1                 | add       | fabric                   | 0       |
|      add_ln285_2_fu_296_p2                                                         |     |        | add_ln285_2                 | add       | fabric                   | 0       |
|      add_ln285_3_fu_328_p2                                                         |     |        | add_ln285_3                 | add       | fabric                   | 0       |
|      add_ln285_4_fu_343_p2                                                         |     |        | add_ln285_4                 | add       | fabric                   | 0       |
|     + mha_WAR_store_load_float_16ul_8_Pipeline_fw_mha_pos                          | 0   |        |                             |           |                          |         |
|       add_ln288_fu_110_p2                                                          |     |        | add_ln288                   | add       | fabric                   | 0       |
|       icmp_ln288_fu_120_p2                                                         |     |        | icmp_ln288                  | setlt     | auto                     | 0       |
|     + mha_WAR_store_load_float_16ul_8_Pipeline_fw_mha_new                          | 0   |        |                             |           |                          |         |
|       add_ln296_fu_111_p2                                                          |     |        | add_ln296                   | add       | fabric                   | 0       |
|       icmp_ln296_fu_117_p2                                                         |     |        | icmp_ln296                  | seteq     | auto                     | 0       |
|    + rope_kernel_float_16ul_768_s                                                  | 34  |        |                             |           |                          |         |
|      sitofp_32ns_32_5_no_dsp_1_U426                                                |     |        | conv9                       | sitofp    | auto                     | 4       |
|      add_ln336_fu_346_p2                                                           |     |        | add_ln336                   | add       | fabric                   | 0       |
|      icmp_ln336_fu_352_p2                                                          |     |        | icmp_ln336                  | seteq     | auto                     | 0       |
|      select_ln347_fu_381_p3                                                        |     |        | select_ln347                | select    | auto_sel                 | 0       |
|      add_ln336_2_fu_393_p2                                                         |     |        | add_ln336_2                 | add       | fabric                   | 0       |
|      select_ln336_fu_399_p3                                                        |     |        | select_ln336                | select    | auto_sel                 | 0       |
|      first_iter_0_fu_407_p2                                                        |     |        | first_iter_0                | seteq     | auto                     | 0       |
|      fmul_32ns_32ns_32_3_primitive_dsp_1_U420                                      | 1   |        | val                         | fmul      | primitivedsp             | 2       |
|      lshr_416ns_9ns_416_2_1_U433                                                   |     |        | lshr_ln353                  | lshr      | auto_pipe                | 1       |
|      lshr_479ns_9ns_479_2_1_U431                                                   |     |        | lshr_ln354                  | lshr      | auto_pipe                | 1       |
|      fmul_32ns_32ns_32_3_primitive_dsp_1_U422                                      | 1   |        | mul4                        | fmul      | primitivedsp             | 2       |
|      fmsub_32ns_32ns_32ns_32ns_32_4_primitive_dsp_1_U429                           | 1   |        | sub                         | fmsub     | primitivedsp             | 3       |
|      shl_ln355_fu_710_p2                                                           |     |        | shl_ln355                   | shl       | auto_pipe                | 1       |
|      shl_ln355_4_fu_719_p2                                                         |     |        | shl_ln355_4                 | shl       | auto_pipe                | 1       |
|      fmul_32ns_32ns_32_3_primitive_dsp_1_U423                                      | 1   |        | mul6                        | fmul      | primitivedsp             | 2       |
|      fmadd_32ns_32ns_32ns_32ns_32_4_primitive_dsp_1_U427                           | 1   |        | add                         | fmadd     | primitivedsp             | 3       |
|      shl_ln356_fu_728_p2                                                           |     |        | shl_ln356                   | shl       | auto_pipe                | 1       |
|      shl_ln356_4_fu_737_p2                                                         |     |        | shl_ln356_4                 | shl       | auto_pipe                | 1       |
|      fmul_32ns_32ns_32_3_primitive_dsp_1_U421                                      | 1   |        | val_2                       | fmul      | primitivedsp             | 2       |
|      add_ln56_fu_617_p2                                                            |     |        | add_ln56                    | add       | fabric                   | 0       |
|      lshr_480ns_9ns_480_2_1_U434                                                   |     |        | lshr_ln353_2                | lshr      | auto_pipe                | 1       |
|      lshr_512ns_9ns_512_2_1_U432                                                   |     |        | lshr_ln354_2                | lshr      | auto_pipe                | 1       |
|      fmul_32ns_32ns_32_3_primitive_dsp_1_U424                                      | 1   |        | mul19_1                     | fmul      | primitivedsp             | 2       |
|      fmsub_32ns_32ns_32ns_32ns_32_4_primitive_dsp_1_U430                           | 1   |        | sub_s                       | fmsub     | primitivedsp             | 3       |
|      shl_ln355_5_fu_754_p2                                                         |     |        | shl_ln355_5                 | shl       | auto_pipe                | 1       |
|      shl_ln355_6_fu_767_p2                                                         |     |        | shl_ln355_6                 | shl       | auto_pipe                | 1       |
|      fmul_32ns_32ns_32_3_primitive_dsp_1_U425                                      | 1   |        | mul25_1                     | fmul      | primitivedsp             | 2       |
|      fmadd_32ns_32ns_32ns_32ns_32_4_primitive_dsp_1_U428                           | 1   |        | add26_s                     | fmadd     | primitivedsp             | 3       |
|      shl_ln356_5_fu_775_p2                                                         |     |        | shl_ln356_5                 | shl       | auto_pipe                | 1       |
|      shl_ln356_6_fu_784_p2                                                         |     |        | shl_ln356_6                 | shl       | auto_pipe                | 1       |
|      xor_ln356_fu_789_p2                                                           |     |        | xor_ln356                   | xor       | auto                     | 0       |
|      xor_ln356_7_fu_799_p2                                                         |     |        | xor_ln356_7                 | xor       | auto                     | 0       |
|      and_ln356_fu_808_p2                                                           |     |        | and_ln356                   | and       | auto                     | 0       |
|      and_ln356_7_fu_814_p2                                                         |     |        | and_ln356_7                 | and       | auto                     | 0       |
|      or_ln356_6_fu_820_p2                                                          |     |        | or_ln356_6                  | or        | auto                     | 0       |
|      xor_ln356_4_fu_853_p2                                                         |     |        | xor_ln356_4                 | xor       | auto                     | 0       |
|      xor_ln356_8_fu_863_p2                                                         |     |        | xor_ln356_8                 | xor       | auto                     | 0       |
|      and_ln356_4_fu_876_p2                                                         |     |        | and_ln356_4                 | and       | auto                     | 0       |
|      and_ln356_8_fu_882_p2                                                         |     |        | and_ln356_8                 | and       | auto                     | 0       |
|      or_ln356_fu_888_p2                                                            |     |        | or_ln356                    | or        | auto                     | 0       |
|      xor_ln356_5_fu_919_p2                                                         |     |        | xor_ln356_5                 | xor       | auto                     | 0       |
|      xor_ln356_9_fu_929_p2                                                         |     |        | xor_ln356_9                 | xor       | auto                     | 0       |
|      and_ln356_5_fu_943_p2                                                         |     |        | and_ln356_5                 | and       | auto                     | 0       |
|      and_ln356_9_fu_949_p2                                                         |     |        | and_ln356_9                 | and       | auto                     | 0       |
|      or_ln356_7_fu_955_p2                                                          |     |        | or_ln356_7                  | or        | auto                     | 0       |
|      xor_ln356_6_fu_979_p2                                                         |     |        | xor_ln356_6                 | xor       | auto                     | 0       |
|      and_ln356_6_fu_985_p2                                                         |     |        | and_ln356_6                 | and       | auto                     | 0       |
|      tmp_o_2_fu_991_p2                                                             |     |        | tmp_o_2                     | or        | auto                     | 0       |
|      add_ln344_fu_417_p2                                                           |     |        | add_ln344                   | add       | fabric                   | 0       |
|     + generic_sincos_float_s (grp_generic_sincos_float_s_fu_228)                   | 12  |        |                             |           |                          |         |
|       closepath_fu_387_p2                                                          |     |        | closepath                   | setlt     | auto                     | 0       |
|       Ex_fu_506_p2                                                                 |     |        | Ex                          | add       | fabric                   | 0       |
|       select_ln453_fu_556_p3                                                       |     |        | select_ln453                | select    | auto_sel                 | 0       |
|       add_ln376_fu_393_p2                                                          |     |        | add_ln376                   | add       | fabric                   | 0       |
|       addr_fu_399_p3                                                               |     |        | addr                        | select    | auto_sel                 | 0       |
|       shl_ln379_fu_431_p2                                                          |     |        | shl_ln379                   | shl       | auto_pipe                | 0       |
|       mul_80s_24ns_80_5_0_U362                                                     | 4   |        | h                           | mul       | auto                     | 4       |
|       k_fu_511_p3                                                                  |     |        | k                           | select    | auto_sel                 | 0       |
|       Mx_bits_1_fu_500_p2                                                          |     |        | Mx_bits_1                   | sub       | fabric                   | 0       |
|       Mx_bits_3_fu_521_p3                                                          |     |        | Mx_bits_3                   | select    | auto_sel                 | 0       |
|       ctlz_30_30_1_0_U363                                                          |     |        | Mx_zeros                    | ctlz      | auto                     | 0       |
|       shl_ln504_fu_565_p2                                                          |     |        | shl_ln504                   | shl       | auto_pipe                | 0       |
|       Ex_1_fu_573_p2                                                               |     |        | Ex_1                        | sub       | fabric                   | 0       |
|       sub_ln506_fu_587_p2                                                          |     |        | sub_ln506                   | sub       | fabric                   | 0       |
|       select_ln506_fu_603_p3                                                       |     |        | select_ln506                | select    | auto_sel                 | 0       |
|       lshr_ln506_fu_615_p2                                                         |     |        | lshr_ln506                  | lshr      | auto_pipe                | 0       |
|       shl_ln506_fu_621_p2                                                          |     |        | shl_ln506                   | shl       | auto_pipe                | 0       |
|       select_ln506_1_fu_627_p3                                                     |     |        | select_ln506_1              | select    | auto_sel                 | 0       |
|       mul_15ns_15ns_30_2_0_U364                                                    | 1   |        | mul_ln69                    | mul       | auto                     | 1       |
|       mul_22ns_22ns_44_2_0_U365                                                    | 1   |        | mul_ln73                    | mul       | auto                     | 1       |
|       mul_15ns_14ns_29_2_0_U366                                                    | 1   |        | mul_ln74                    | mul       | auto                     | 1       |
|       conv5_i_i_i369_i_neg_fu_844_p2                                               |     |        | conv5_i_i_i369_i_neg        | sub       | fabric                   | 0       |
|       xor_ln75_fu_887_p2                                                           |     |        | xor_ln75                    | xor       | auto                     | 0       |
|       mul_22ns_21s_43_2_0_U367                                                     | 1   |        | mul_ln78                    | mul       | auto                     | 1       |
|       mul_15ns_13s_28_2_0_U368                                                     | 1   |        | mul_ln79                    | mul       | auto                     | 1       |
|       add_ln80_fu_918_p2                                                           |     |        | add_ln80                    | add       | fabric                   | 0       |
|       add_ln80_1_fu_928_p2                                                         |     |        | add_ln80_1                  | add       | fabric                   | 0       |
|       mul_29ns_28ns_57_5_0_U361                                                    | 3   |        | mul_ln80                    | mul       | auto                     | 4       |
|       ctlz_32_32_1_0_U369                                                          |     |        | c                           | ctlz      | auto                     | 0       |
|       in_shift_5_fu_983_p2                                                         |     |        | in_shift_5                  | shl       | auto_pipe                | 0       |
|       out_exp_fu_1486_p2                                                           |     |        | out_exp                     | xor       | auto                     | 0       |
|       ctlz_32_32_1_0_U373                                                          |     |        | c_2                         | ctlz      | auto                     | 0       |
|       ctlz_32_32_1_0_U374                                                          |     |        | c_1                         | ctlz      | auto                     | 0       |
|       in_shift_fu_1334_p2                                                          |     |        | in_shift                    | shl       | auto_pipe                | 0       |
|       icmp_ln292_fu_1340_p2                                                        |     |        | icmp_ln292                  | seteq     | auto                     | 0       |
|       in_shift_4_fu_1371_p2                                                        |     |        | in_shift_4                  | shl       | auto_pipe                | 0       |
|       shift_4_fu_1352_p3                                                           |     |        | shift_4                     | select    | auto_sel                 | 0       |
|       icmp_ln306_fu_1323_p2                                                        |     |        | icmp_ln306                  | seteq     | auto                     | 0       |
|       or_ln306_fu_1399_p2                                                          |     |        | or_ln306                    | or        | auto                     | 0       |
|       empty_377_fu_1427_p3                                                         |     |        | empty_377                   | select    | auto_sel                 | 0       |
|       sparsemux_33_4_1_1_0_U370                                                    |     |        | sin_results_sign            | sparsemux | compactencoding_dontcare | 0       |
|       sparsemux_33_4_1_1_0_U371                                                    |     |        | cos_results_sign            | sparsemux | compactencoding_dontcare | 0       |
|       icmp_ln179_fu_464_p2                                                         |     |        | icmp_ln179                  | seteq     | auto                     | 0       |
|       icmp_ln179_1_fu_469_p2                                                       |     |        | icmp_ln179_1                | seteq     | auto                     | 0       |
|       and_ln179_fu_474_p2                                                          |     |        | and_ln179                   | and       | auto                     | 0       |
|       icmp_ln186_fu_551_p2                                                         |     |        | icmp_ln186                  | seteq     | auto                     | 0       |
|       xor_ln186_fu_1148_p2                                                         |     |        | xor_ln186                   | xor       | auto                     | 0       |
|       sin_results_sign_1_fu_1153_p2                                                |     |        | sin_results_sign_1          | and       | auto                     | 0       |
|       select_ln186_fu_1434_p3                                                      |     |        | select_ln186                | select    | auto_sel                 | 0       |
|       or_ln186_fu_1441_p2                                                          |     |        | or_ln186                    | or        | auto                     | 0       |
|       sin_results_exp_fu_1446_p3                                                   |     |        | sin_results_exp             | select    | auto_sel                 | 0       |
|       select_ln186_2_fu_1454_p3                                                    |     |        | select_ln186_2              | select    | auto_sel                 | 0       |
|       sin_results_sig_fu_1461_p3                                                   |     |        | sin_results_sig             | select    | auto_sel                 | 0       |
|       cos_results_sign_1_fu_1159_p2                                                |     |        | cos_results_sign_1          | and       | auto                     | 0       |
|       sin_results_sign_2_fu_1165_p3                                                |     |        | sin_results_sign_2          | select    | auto_sel                 | 0       |
|       sin_results_exp_1_fu_1469_p3                                                 |     |        | sin_results_exp_1           | select    | auto_sel                 | 0       |
|       sin_results_sig_1_fu_1476_p3                                                 |     |        | sin_results_sig_1           | select    | auto_sel                 | 0       |
|       not_and_ln179_fu_1171_p2                                                     |     |        | not_and_ln179               | xor       | auto                     | 0       |
|       cos_results_sign_2_fu_1176_p2                                                |     |        | cos_results_sign_2          | and       | auto                     | 0       |
|       cos_results_exp_2_fu_1500_p3                                                 |     |        | cos_results_exp_2           | select    | auto_sel                 | 0       |
|       empty_378_fu_1182_p2                                                         |     |        | empty_378                   | or        | auto                     | 0       |
|       cos_results_exp_1_fu_1507_p3                                                 |     |        | cos_results_exp_1           | select    | auto_sel                 | 0       |
|       cos_results_sig_2_cast_fu_1186_p3                                            |     |        | cos_results_sig_2_cast      | select    | auto_sel                 | 0       |
|       cos_results_sig_1_fu_1194_p3                                                 |     |        | cos_results_sig_1           | select    | auto_sel                 | 0       |
|       sparsemux_17_3_1_1_0_U372                                                    |     |        | tmp_25                      | sparsemux | compactencoding_dontcare | 0       |
|       s_out_1_fu_1537_p3                                                           |     |        | s_out_1                     | select    | auto_sel                 | 0       |
|       c_out_1_fu_1544_p3                                                           |     |        | c_out_1                     | select    | auto_sel                 | 0       |
|     + generic_sincos_float_s (grp_generic_sincos_float_s_fu_247)                   | 12  |        |                             |           |                          |         |
|       closepath_fu_387_p2                                                          |     |        | closepath                   | setlt     | auto                     | 0       |
|       Ex_fu_506_p2                                                                 |     |        | Ex                          | add       | fabric                   | 0       |
|       select_ln453_fu_556_p3                                                       |     |        | select_ln453                | select    | auto_sel                 | 0       |
|       add_ln376_fu_393_p2                                                          |     |        | add_ln376                   | add       | fabric                   | 0       |
|       addr_fu_399_p3                                                               |     |        | addr                        | select    | auto_sel                 | 0       |
|       shl_ln379_fu_431_p2                                                          |     |        | shl_ln379                   | shl       | auto_pipe                | 0       |
|       mul_80s_24ns_80_5_0_U362                                                     | 4   |        | h                           | mul       | auto                     | 4       |
|       k_fu_511_p3                                                                  |     |        | k                           | select    | auto_sel                 | 0       |
|       Mx_bits_1_fu_500_p2                                                          |     |        | Mx_bits_1                   | sub       | fabric                   | 0       |
|       Mx_bits_3_fu_521_p3                                                          |     |        | Mx_bits_3                   | select    | auto_sel                 | 0       |
|       ctlz_30_30_1_0_U363                                                          |     |        | Mx_zeros                    | ctlz      | auto                     | 0       |
|       shl_ln504_fu_565_p2                                                          |     |        | shl_ln504                   | shl       | auto_pipe                | 0       |
|       Ex_1_fu_573_p2                                                               |     |        | Ex_1                        | sub       | fabric                   | 0       |
|       sub_ln506_fu_587_p2                                                          |     |        | sub_ln506                   | sub       | fabric                   | 0       |
|       select_ln506_fu_603_p3                                                       |     |        | select_ln506                | select    | auto_sel                 | 0       |
|       lshr_ln506_fu_615_p2                                                         |     |        | lshr_ln506                  | lshr      | auto_pipe                | 0       |
|       shl_ln506_fu_621_p2                                                          |     |        | shl_ln506                   | shl       | auto_pipe                | 0       |
|       select_ln506_1_fu_627_p3                                                     |     |        | select_ln506_1              | select    | auto_sel                 | 0       |
|       mul_15ns_15ns_30_2_0_U364                                                    | 1   |        | mul_ln69                    | mul       | auto                     | 1       |
|       mul_22ns_22ns_44_2_0_U365                                                    | 1   |        | mul_ln73                    | mul       | auto                     | 1       |
|       mul_15ns_14ns_29_2_0_U366                                                    | 1   |        | mul_ln74                    | mul       | auto                     | 1       |
|       conv5_i_i_i369_i_neg_fu_844_p2                                               |     |        | conv5_i_i_i369_i_neg        | sub       | fabric                   | 0       |
|       xor_ln75_fu_887_p2                                                           |     |        | xor_ln75                    | xor       | auto                     | 0       |
|       mul_22ns_21s_43_2_0_U367                                                     | 1   |        | mul_ln78                    | mul       | auto                     | 1       |
|       mul_15ns_13s_28_2_0_U368                                                     | 1   |        | mul_ln79                    | mul       | auto                     | 1       |
|       add_ln80_fu_918_p2                                                           |     |        | add_ln80                    | add       | fabric                   | 0       |
|       add_ln80_1_fu_928_p2                                                         |     |        | add_ln80_1                  | add       | fabric                   | 0       |
|       mul_29ns_28ns_57_5_0_U361                                                    | 3   |        | mul_ln80                    | mul       | auto                     | 4       |
|       ctlz_32_32_1_0_U369                                                          |     |        | c                           | ctlz      | auto                     | 0       |
|       in_shift_5_fu_983_p2                                                         |     |        | in_shift_5                  | shl       | auto_pipe                | 0       |
|       out_exp_fu_1486_p2                                                           |     |        | out_exp                     | xor       | auto                     | 0       |
|       ctlz_32_32_1_0_U373                                                          |     |        | c_2                         | ctlz      | auto                     | 0       |
|       ctlz_32_32_1_0_U374                                                          |     |        | c_1                         | ctlz      | auto                     | 0       |
|       in_shift_fu_1334_p2                                                          |     |        | in_shift                    | shl       | auto_pipe                | 0       |
|       icmp_ln292_fu_1340_p2                                                        |     |        | icmp_ln292                  | seteq     | auto                     | 0       |
|       in_shift_4_fu_1371_p2                                                        |     |        | in_shift_4                  | shl       | auto_pipe                | 0       |
|       shift_4_fu_1352_p3                                                           |     |        | shift_4                     | select    | auto_sel                 | 0       |
|       icmp_ln306_fu_1323_p2                                                        |     |        | icmp_ln306                  | seteq     | auto                     | 0       |
|       or_ln306_fu_1399_p2                                                          |     |        | or_ln306                    | or        | auto                     | 0       |
|       empty_377_fu_1427_p3                                                         |     |        | empty_377                   | select    | auto_sel                 | 0       |
|       sparsemux_33_4_1_1_0_U370                                                    |     |        | sin_results_sign            | sparsemux | compactencoding_dontcare | 0       |
|       sparsemux_33_4_1_1_0_U371                                                    |     |        | cos_results_sign            | sparsemux | compactencoding_dontcare | 0       |
|       icmp_ln179_fu_464_p2                                                         |     |        | icmp_ln179                  | seteq     | auto                     | 0       |
|       icmp_ln179_1_fu_469_p2                                                       |     |        | icmp_ln179_1                | seteq     | auto                     | 0       |
|       and_ln179_fu_474_p2                                                          |     |        | and_ln179                   | and       | auto                     | 0       |
|       icmp_ln186_fu_551_p2                                                         |     |        | icmp_ln186                  | seteq     | auto                     | 0       |
|       xor_ln186_fu_1148_p2                                                         |     |        | xor_ln186                   | xor       | auto                     | 0       |
|       sin_results_sign_1_fu_1153_p2                                                |     |        | sin_results_sign_1          | and       | auto                     | 0       |
|       select_ln186_fu_1434_p3                                                      |     |        | select_ln186                | select    | auto_sel                 | 0       |
|       or_ln186_fu_1441_p2                                                          |     |        | or_ln186                    | or        | auto                     | 0       |
|       sin_results_exp_fu_1446_p3                                                   |     |        | sin_results_exp             | select    | auto_sel                 | 0       |
|       select_ln186_2_fu_1454_p3                                                    |     |        | select_ln186_2              | select    | auto_sel                 | 0       |
|       sin_results_sig_fu_1461_p3                                                   |     |        | sin_results_sig             | select    | auto_sel                 | 0       |
|       cos_results_sign_1_fu_1159_p2                                                |     |        | cos_results_sign_1          | and       | auto                     | 0       |
|       sin_results_sign_2_fu_1165_p3                                                |     |        | sin_results_sign_2          | select    | auto_sel                 | 0       |
|       sin_results_exp_1_fu_1469_p3                                                 |     |        | sin_results_exp_1           | select    | auto_sel                 | 0       |
|       sin_results_sig_1_fu_1476_p3                                                 |     |        | sin_results_sig_1           | select    | auto_sel                 | 0       |
|       not_and_ln179_fu_1171_p2                                                     |     |        | not_and_ln179               | xor       | auto                     | 0       |
|       cos_results_sign_2_fu_1176_p2                                                |     |        | cos_results_sign_2          | and       | auto                     | 0       |
|       cos_results_exp_2_fu_1500_p3                                                 |     |        | cos_results_exp_2           | select    | auto_sel                 | 0       |
|       empty_378_fu_1182_p2                                                         |     |        | empty_378                   | or        | auto                     | 0       |
|       cos_results_exp_1_fu_1507_p3                                                 |     |        | cos_results_exp_1           | select    | auto_sel                 | 0       |
|       cos_results_sig_2_cast_fu_1186_p3                                            |     |        | cos_results_sig_2_cast      | select    | auto_sel                 | 0       |
|       cos_results_sig_1_fu_1194_p3                                                 |     |        | cos_results_sig_1           | select    | auto_sel                 | 0       |
|       sparsemux_17_3_1_1_0_U372                                                    |     |        | tmp_25                      | sparsemux | compactencoding_dontcare | 0       |
|       s_out_1_fu_1537_p3                                                           |     |        | s_out_1                     | select    | auto_sel                 | 0       |
|       c_out_1_fu_1544_p3                                                           |     |        | c_out_1                     | select    | auto_sel                 | 0       |
|    + mha_WAR_store_load_float_16ul_s                                               | 0   |        |                             |           |                          |         |
|      layer_offset_fu_197_p2                                                        |     |        | layer_offset                | sub       | fabric                   | 0       |
|      icmp_ln288_fu_219_p2                                                          |     |        | icmp_ln288                  | setgt     | auto                     | 0       |
|      empty_fu_238_p3                                                               |     |        | empty                       | select    | auto_sel                 | 0       |
|      add_ln285_fu_250_p2                                                           |     |        | add_ln285                   | add       | fabric                   | 0       |
|      add_ln284_fu_263_p2                                                           |     |        | add_ln284                   | add       | fabric                   | 0       |
|      icmp_ln284_fu_269_p2                                                          |     |        | icmp_ln284                  | seteq     | auto                     | 0       |
|      add_ln285_5_fu_291_p2                                                         |     |        | add_ln285_5                 | add       | fabric                   | 0       |
|      add_ln285_6_fu_296_p2                                                         |     |        | add_ln285_6                 | add       | fabric                   | 0       |
|      add_ln285_7_fu_328_p2                                                         |     |        | add_ln285_7                 | add       | fabric                   | 0       |
|      add_ln285_8_fu_343_p2                                                         |     |        | add_ln285_8                 | add       | fabric                   | 0       |
|     + mha_WAR_store_load_float_16ul_Pipeline_fw_mha_pos                            | 0   |        |                             |           |                          |         |
|       add_ln288_fu_110_p2                                                          |     |        | add_ln288                   | add       | fabric                   | 0       |
|       icmp_ln288_fu_120_p2                                                         |     |        | icmp_ln288                  | setlt     | auto                     | 0       |
|     + mha_WAR_store_load_float_16ul_Pipeline_fw_mha_new                            | 0   |        |                             |           |                          |         |
|       add_ln296_fu_111_p2                                                          |     |        | add_ln296                   | add       | fabric                   | 0       |
|       icmp_ln296_fu_117_p2                                                         |     |        | icmp_ln296                  | seteq     | auto                     | 0       |
|    + mha_kernel_Block_entry_proc                                                   | 0   |        |                             |           |                          |         |
|      add_ln226_fu_18_p2                                                            |     |        | add_ln226                   | add       | fabric                   | 0       |
|    + mha_iterate                                                                   | 25  |        |                             |           |                          |         |
|      i_21_fu_517_p2                                                                |     |        | i_21                        | add       | fabric                   | 0       |
|      icmp_ln68_fu_523_p2                                                           |     |        | icmp_ln68                   | seteq     | auto                     | 0       |
|     + mha_iterate_Pipeline_query_loop                                              | 0   |        |                             |           |                          |         |
|       j_4_fu_962_p2                                                                |     |        | j_4                         | add       | fabric                   | 0       |
|       icmp_ln78_fu_968_p2                                                          |     |        | icmp_ln78                   | seteq     | auto                     | 0       |
|     + mha_iterate_Pipeline_pos_loop                                                | 25  |        |                             |           |                          |         |
|       k_2_fu_1260_p2                                                               |     |        | k_2                         | add       | fabric                   | 0       |
|       icmp_ln84_fu_1266_p2                                                         |     |        | icmp_ln84                   | seteq     | auto                     | 0       |
|       fmul_32ns_32ns_32_3_primitive_dsp_1_U540                                     | 1   |        | mul_113_i                   | fmul      | primitivedsp             | 2       |
|       fmul_32ns_32ns_32_3_primitive_dsp_1_U541                                     | 1   |        | mul_323_i                   | fmul      | primitivedsp             | 2       |
|       fmul_32ns_32ns_32_3_primitive_dsp_1_U542                                     | 1   |        | mul_5_i                     | fmul      | primitivedsp             | 2       |
|       fmul_32ns_32ns_32_3_primitive_dsp_1_U543                                     | 1   |        | mul_7_i                     | fmul      | primitivedsp             | 2       |
|       fmul_32ns_32ns_32_3_primitive_dsp_1_U544                                     | 1   |        | mul_9_i                     | fmul      | primitivedsp             | 2       |
|       fmul_32ns_32ns_32_3_primitive_dsp_1_U545                                     | 1   |        | mul_11_i                    | fmul      | primitivedsp             | 2       |
|       fmul_32ns_32ns_32_3_primitive_dsp_1_U546                                     | 1   |        | mul_13_i                    | fmul      | primitivedsp             | 2       |
|       fmul_32ns_32ns_32_3_primitive_dsp_1_U547                                     | 1   |        | mul_15_i                    | fmul      | primitivedsp             | 2       |
|       fmul_32ns_32ns_32_3_primitive_dsp_1_U540                                     | 1   |        | mul_1_1_i                   | fmul      | primitivedsp             | 2       |
|       fmul_32ns_32ns_32_3_primitive_dsp_1_U541                                     | 1   |        | mul_1_3_i                   | fmul      | primitivedsp             | 2       |
|       fmul_32ns_32ns_32_3_primitive_dsp_1_U542                                     | 1   |        | mul_1_5_i                   | fmul      | primitivedsp             | 2       |
|       fmul_32ns_32ns_32_3_primitive_dsp_1_U543                                     | 1   |        | mul_1_7_i                   | fmul      | primitivedsp             | 2       |
|       fmul_32ns_32ns_32_3_primitive_dsp_1_U544                                     | 1   |        | mul_1_9_i                   | fmul      | primitivedsp             | 2       |
|       fmul_32ns_32ns_32_3_primitive_dsp_1_U545                                     | 1   |        | mul_1_11_i                  | fmul      | primitivedsp             | 2       |
|       fmul_32ns_32ns_32_3_primitive_dsp_1_U546                                     | 1   |        | mul_1_13_i                  | fmul      | primitivedsp             | 2       |
|       fmul_32ns_32ns_32_3_primitive_dsp_1_U547                                     | 1   |        | mul_1_15_i                  | fmul      | primitivedsp             | 2       |
|       fmul_32ns_32ns_32_3_primitive_dsp_1_U540                                     | 1   |        | mul_2_1_i                   | fmul      | primitivedsp             | 2       |
|       fmul_32ns_32ns_32_3_primitive_dsp_1_U541                                     | 1   |        | mul_2_3_i                   | fmul      | primitivedsp             | 2       |
|       fmul_32ns_32ns_32_3_primitive_dsp_1_U542                                     | 1   |        | mul_2_5_i                   | fmul      | primitivedsp             | 2       |
|       fmul_32ns_32ns_32_3_primitive_dsp_1_U543                                     | 1   |        | mul_2_7_i                   | fmul      | primitivedsp             | 2       |
|       fmul_32ns_32ns_32_3_primitive_dsp_1_U544                                     | 1   |        | mul_2_9_i                   | fmul      | primitivedsp             | 2       |
|       fmul_32ns_32ns_32_3_primitive_dsp_1_U545                                     | 1   |        | mul_2_11_i                  | fmul      | primitivedsp             | 2       |
|       fmul_32ns_32ns_32_3_primitive_dsp_1_U546                                     | 1   |        | mul_2_13_i                  | fmul      | primitivedsp             | 2       |
|       fmul_32ns_32ns_32_3_primitive_dsp_1_U547                                     | 1   |        | mul_2_15_i                  | fmul      | primitivedsp             | 2       |
|       fmul_32ns_32ns_32_3_primitive_dsp_1_U540                                     | 1   |        | mul_3_1_i                   | fmul      | primitivedsp             | 2       |
|       fmul_32ns_32ns_32_3_primitive_dsp_1_U541                                     | 1   |        | mul_3_3_i                   | fmul      | primitivedsp             | 2       |
|       fmul_32ns_32ns_32_3_primitive_dsp_1_U542                                     | 1   |        | mul_3_5_i                   | fmul      | primitivedsp             | 2       |
|       fmul_32ns_32ns_32_3_primitive_dsp_1_U543                                     | 1   |        | mul_3_7_i                   | fmul      | primitivedsp             | 2       |
|       fmul_32ns_32ns_32_3_primitive_dsp_1_U544                                     | 1   |        | mul_3_9_i                   | fmul      | primitivedsp             | 2       |
|       fmul_32ns_32ns_32_3_primitive_dsp_1_U545                                     | 1   |        | mul_3_11_i                  | fmul      | primitivedsp             | 2       |
|       fmul_32ns_32ns_32_3_primitive_dsp_1_U546                                     | 1   |        | mul_3_13_i                  | fmul      | primitivedsp             | 2       |
|       fmul_32ns_32ns_32_3_primitive_dsp_1_U547                                     | 1   |        | mul_3_15_i                  | fmul      | primitivedsp             | 2       |
|       fmadd_32ns_32ns_32ns_32ns_32_4_primitive_dsp_1_U550                          | 1   |        | tmp143                      | fmadd     | primitivedsp             | 3       |
|       fmadd_32ns_32ns_32ns_32ns_32_4_primitive_dsp_1_U551                          | 1   |        | tmp144                      | fmadd     | primitivedsp             | 3       |
|       fadd_32ns_32ns_32_2_primitive_dsp_1_U532                                     | 1   |        | tmp3                        | fadd      | primitivedsp             | 1       |
|       fmadd_32ns_32ns_32ns_32ns_32_4_primitive_dsp_1_U552                          | 1   |        | tmp145                      | fmadd     | primitivedsp             | 3       |
|       fmadd_32ns_32ns_32ns_32ns_32_4_primitive_dsp_1_U553                          | 1   |        | tmp146                      | fmadd     | primitivedsp             | 3       |
|       fadd_32ns_32ns_32_2_primitive_dsp_1_U533                                     | 1   |        | tmp6                        | fadd      | primitivedsp             | 1       |
|       fadd_32ns_32ns_32_2_primitive_dsp_1_U532                                     | 1   |        | tmp2                        | fadd      | primitivedsp             | 1       |
|       fmadd_32ns_32ns_32ns_32ns_32_4_primitive_dsp_1_U554                          | 1   |        | tmp147                      | fmadd     | primitivedsp             | 3       |
|       fmadd_32ns_32ns_32ns_32ns_32_4_primitive_dsp_1_U555                          | 1   |        | tmp148                      | fmadd     | primitivedsp             | 3       |
|       fadd_32ns_32ns_32_2_primitive_dsp_1_U534                                     | 1   |        | tmp10                       | fadd      | primitivedsp             | 1       |
|       fmadd_32ns_32ns_32ns_32ns_32_4_primitive_dsp_1_U556                          | 1   |        | tmp149                      | fmadd     | primitivedsp             | 3       |
|       fmadd_32ns_32ns_32ns_32ns_32_4_primitive_dsp_1_U557                          | 1   |        | tmp150                      | fmadd     | primitivedsp             | 3       |
|       fadd_32ns_32ns_32_2_primitive_dsp_1_U535                                     | 1   |        | tmp13                       | fadd      | primitivedsp             | 1       |
|       fadd_32ns_32ns_32_2_primitive_dsp_1_U533                                     | 1   |        | tmp9                        | fadd      | primitivedsp             | 1       |
|       fadd_32ns_32ns_32_2_primitive_dsp_1_U536                                     | 1   |        | tmp1                        | fadd      | primitivedsp             | 1       |
|       fmadd_32ns_32ns_32ns_32ns_32_4_primitive_dsp_1_U550                          | 1   |        | tmp151                      | fmadd     | primitivedsp             | 3       |
|       fmadd_32ns_32ns_32ns_32ns_32_4_primitive_dsp_1_U551                          | 1   |        | tmp152                      | fmadd     | primitivedsp             | 3       |
|       fadd_32ns_32ns_32_2_primitive_dsp_1_U532                                     | 1   |        | tmp18                       | fadd      | primitivedsp             | 1       |
|       fmadd_32ns_32ns_32ns_32ns_32_4_primitive_dsp_1_U552                          | 1   |        | tmp153                      | fmadd     | primitivedsp             | 3       |
|       fmadd_32ns_32ns_32ns_32ns_32_4_primitive_dsp_1_U553                          | 1   |        | tmp154                      | fmadd     | primitivedsp             | 3       |
|       fadd_32ns_32ns_32_2_primitive_dsp_1_U533                                     | 1   |        | tmp21                       | fadd      | primitivedsp             | 1       |
|       fadd_32ns_32ns_32_2_primitive_dsp_1_U532                                     | 1   |        | tmp17                       | fadd      | primitivedsp             | 1       |
|       fmadd_32ns_32ns_32ns_32ns_32_4_primitive_dsp_1_U554                          | 1   |        | tmp155                      | fmadd     | primitivedsp             | 3       |
|       fmadd_32ns_32ns_32ns_32ns_32_4_primitive_dsp_1_U555                          | 1   |        | tmp156                      | fmadd     | primitivedsp             | 3       |
|       fadd_32ns_32ns_32_2_primitive_dsp_1_U534                                     | 1   |        | tmp25                       | fadd      | primitivedsp             | 1       |
|       fmadd_32ns_32ns_32ns_32ns_32_4_primitive_dsp_1_U556                          | 1   |        | tmp157                      | fmadd     | primitivedsp             | 3       |
|       fmadd_32ns_32ns_32ns_32ns_32_4_primitive_dsp_1_U557                          | 1   |        | tmp158                      | fmadd     | primitivedsp             | 3       |
|       fadd_32ns_32ns_32_2_primitive_dsp_1_U535                                     | 1   |        | tmp28                       | fadd      | primitivedsp             | 1       |
|       fadd_32ns_32ns_32_2_primitive_dsp_1_U533                                     | 1   |        | tmp24                       | fadd      | primitivedsp             | 1       |
|       fadd_32ns_32ns_32_2_primitive_dsp_1_U536                                     | 1   |        | tmp16                       | fadd      | primitivedsp             | 1       |
|       fadd_32ns_32ns_32_2_primitive_dsp_1_U538                                     | 1   |        | tmp                         | fadd      | primitivedsp             | 1       |
|       fmadd_32ns_32ns_32ns_32ns_32_4_primitive_dsp_1_U550                          | 1   |        | tmp159                      | fmadd     | primitivedsp             | 3       |
|       fmadd_32ns_32ns_32ns_32ns_32_4_primitive_dsp_1_U551                          | 1   |        | tmp160                      | fmadd     | primitivedsp             | 3       |
|       fadd_32ns_32ns_32_2_primitive_dsp_1_U534                                     | 1   |        | tmp34                       | fadd      | primitivedsp             | 1       |
|       fmadd_32ns_32ns_32ns_32ns_32_4_primitive_dsp_1_U552                          | 1   |        | tmp161                      | fmadd     | primitivedsp             | 3       |
|       fmadd_32ns_32ns_32ns_32ns_32_4_primitive_dsp_1_U553                          | 1   |        | tmp162                      | fmadd     | primitivedsp             | 3       |
|       fadd_32ns_32ns_32_2_primitive_dsp_1_U535                                     | 1   |        | tmp37                       | fadd      | primitivedsp             | 1       |
|       fadd_32ns_32ns_32_2_primitive_dsp_1_U537                                     | 1   |        | tmp33                       | fadd      | primitivedsp             | 1       |
|       fmadd_32ns_32ns_32ns_32ns_32_4_primitive_dsp_1_U554                          | 1   |        | tmp163                      | fmadd     | primitivedsp             | 3       |
|       fmadd_32ns_32ns_32ns_32ns_32_4_primitive_dsp_1_U555                          | 1   |        | tmp164                      | fmadd     | primitivedsp             | 3       |
|       fadd_32ns_32ns_32_2_primitive_dsp_1_U536                                     | 1   |        | tmp41                       | fadd      | primitivedsp             | 1       |
|       fmadd_32ns_32ns_32ns_32ns_32_4_primitive_dsp_1_U556                          | 1   |        | tmp165                      | fmadd     | primitivedsp             | 3       |
|       fmadd_32ns_32ns_32ns_32ns_32_4_primitive_dsp_1_U557                          | 1   |        | tmp166                      | fmadd     | primitivedsp             | 3       |
|       fadd_32ns_32ns_32_2_primitive_dsp_1_U537                                     | 1   |        | tmp44                       | fadd      | primitivedsp             | 1       |
|       fadd_32ns_32ns_32_2_primitive_dsp_1_U538                                     | 1   |        | tmp40                       | fadd      | primitivedsp             | 1       |
|       fadd_32ns_32ns_32_2_primitive_dsp_1_U538                                     | 1   |        | tmp32                       | fadd      | primitivedsp             | 1       |
|       fmadd_32ns_32ns_32ns_32ns_32_4_primitive_dsp_1_U550                          | 1   |        | tmp167                      | fmadd     | primitivedsp             | 3       |
|       fmadd_32ns_32ns_32ns_32ns_32_4_primitive_dsp_1_U551                          | 1   |        | tmp168                      | fmadd     | primitivedsp             | 3       |
|       fadd_32ns_32ns_32_2_primitive_dsp_1_U534                                     | 1   |        | tmp49                       | fadd      | primitivedsp             | 1       |
|       fmadd_32ns_32ns_32ns_32ns_32_4_primitive_dsp_1_U552                          | 1   |        | tmp169                      | fmadd     | primitivedsp             | 3       |
|       fmadd_32ns_32ns_32ns_32ns_32_4_primitive_dsp_1_U553                          | 1   |        | tmp170                      | fmadd     | primitivedsp             | 3       |
|       fadd_32ns_32ns_32_2_primitive_dsp_1_U535                                     | 1   |        | tmp52                       | fadd      | primitivedsp             | 1       |
|       fadd_32ns_32ns_32_2_primitive_dsp_1_U537                                     | 1   |        | tmp48                       | fadd      | primitivedsp             | 1       |
|       fmadd_32ns_32ns_32ns_32ns_32_4_primitive_dsp_1_U554                          | 1   |        | tmp171                      | fmadd     | primitivedsp             | 3       |
|       fmadd_32ns_32ns_32ns_32ns_32_4_primitive_dsp_1_U555                          | 1   |        | tmp172                      | fmadd     | primitivedsp             | 3       |
|       fadd_32ns_32ns_32_2_primitive_dsp_1_U536                                     | 1   |        | tmp56                       | fadd      | primitivedsp             | 1       |
|       fmadd_32ns_32ns_32ns_32ns_32_4_primitive_dsp_1_U556                          | 1   |        | tmp173                      | fmadd     | primitivedsp             | 3       |
|       fmadd_32ns_32ns_32ns_32ns_32_4_primitive_dsp_1_U557                          | 1   |        | tmp174                      | fmadd     | primitivedsp             | 3       |
|       fadd_32ns_32ns_32_2_primitive_dsp_1_U537                                     | 1   |        | tmp59                       | fadd      | primitivedsp             | 1       |
|       fadd_32ns_32ns_32_2_primitive_dsp_1_U538                                     | 1   |        | tmp55                       | fadd      | primitivedsp             | 1       |
|       fadd_32ns_32ns_32_2_primitive_dsp_1_U539                                     | 1   |        | tmp47                       | fadd      | primitivedsp             | 1       |
|       fadd_32ns_32ns_32_2_primitive_dsp_1_U539                                     | 1   |        | tmp31                       | fadd      | primitivedsp             | 1       |
|       fadd_32ns_32ns_32_2_primitive_dsp_1_U539                                     | 1   |        | att                         | fadd      | primitivedsp             | 1       |
|       fmul_32ns_32ns_32_3_primitive_dsp_1_U548                                     | 1   |        | tmp_comp                    | fmul      | primitivedsp             | 2       |
|       fcmp_32ns_32ns_1_1_no_dsp_1_U549                                             |     |        | cmp45_i                     | fcmp      | auto                     | 0       |
|       max_1_fu_1999_p3                                                             |     |        | max_1                       | select    | auto_sel                 | 0       |
|    + mha_softmax                                                                   | 13  |        |                             |           |                          |         |
|      ii_2_fu_210_p2                                                                |     |        | ii_2                        | add       | fabric                   | 0       |
|      icmp_ln114_fu_216_p2                                                          |     |        | icmp_ln114                  | seteq     | auto                     | 0       |
|      faddfsub_32ns_32ns_32_2_primitive_dsp_1_U650                                  | 1   |        | tmp2                        | fadd      | primitivedsp             | 1       |
|      fadd_32ns_32ns_32_2_primitive_dsp_1_U651                                      | 1   |        | tmp3                        | fadd      | primitivedsp             | 1       |
|      faddfsub_32ns_32ns_32_2_primitive_dsp_1_U650                                  | 1   |        | tmp1                        | fadd      | primitivedsp             | 1       |
|      fadd_32ns_32ns_32_2_primitive_dsp_1_U652                                      | 1   |        | tmp5                        | fadd      | primitivedsp             | 1       |
|      fadd_32ns_32ns_32_2_primitive_dsp_1_U653                                      | 1   |        | tmp6                        | fadd      | primitivedsp             | 1       |
|      fadd_32ns_32ns_32_2_primitive_dsp_1_U651                                      | 1   |        | tmp4                        | fadd      | primitivedsp             | 1       |
|      faddfsub_32ns_32ns_32_2_primitive_dsp_1_U650                                  | 1   |        | final_soft_sum              | fadd      | primitivedsp             | 1       |
|      frecip_32ns_32ns_32_17_full_dsp_1_U654                                        | 8   |        | inv_soft_sum                | frecip    | fulldsp                  | 16      |
|     + mha_softmax_Pipeline_softmax_exp_loop                                        | 1   |        |                             |           |                          |         |
|       i_19_fu_277_p2                                                               |     |        | i_19                        | add       | fabric                   | 0       |
|       icmp_ln121_fu_287_p2                                                         |     |        | icmp_ln121                  | setlt     | auto                     | 0       |
|       fexp_32ns_32ns_32_19_med_dsp_1_U635                                          | 1   |        | calc                        | fexp      | meddsp                   | 18      |
|       sparsemux_17_3_32_1_1_U636                                                   |     |        | tmp                         | sparsemux | compactencoding_dontcare | 0       |
|    + mha_weighted_sum                                                              | 92  |        |                             |           |                          |         |
|      icmp_ln150_fu_618_p2                                                          |     |        | icmp_ln150                  | setne     | auto                     | 0       |
|      i_17_fu_632_p2                                                                |     |        | i_17                        | add       | fabric                   | 0       |
|      icmp_ln144_fu_638_p2                                                          |     |        | icmp_ln144                  | seteq     | auto                     | 0       |
|      select_ln145_fu_1793_p3                                                       |     |        | select_ln145                | select    | auto_sel                 | 0       |
|      select_ln145_1_fu_1799_p3                                                     |     |        | select_ln145_1              | select    | auto_sel                 | 0       |
|      select_ln145_2_fu_1805_p3                                                     |     |        | select_ln145_2              | select    | auto_sel                 | 0       |
|     + mha_weighted_sum_Pipeline_1                                                  | 0   |        |                             |           |                          |         |
|       add_ln145_fu_84_p2                                                           |     |        | add_ln145                   | add       | fabric                   | 0       |
|       sel_tmp_fu_90_p2                                                             |     |        | sel_tmp                     | seteq     | auto                     | 0       |
|       sel_tmp1_fu_96_p2                                                            |     |        | sel_tmp1                    | seteq     | auto                     | 0       |
|       sel_tmp2_fu_102_p2                                                           |     |        | sel_tmp2                    | or        | auto                     | 0       |
|       xb_arr_5_out                                                                 |     |        | xb_arr_5                    | select    | auto_sel                 | 0       |
|       xb_arr_4_out                                                                 |     |        | xb_arr_4                    | select    | auto_sel                 | 0       |
|       xb_arr_3_out                                                                 |     |        | xb_arr_3                    | select    | auto_sel                 | 0       |
|       icmp_ln145_fu_135_p2                                                         |     |        | icmp_ln145                  | seteq     | auto                     | 0       |
|     + mha_weighted_sum_Pipeline_mha_pos                                            | 76  |        |                             |           |                          |         |
|       fadd_32ns_32ns_32_2_primitive_dsp_1_U665                                     | 1   |        | tmp                         | fadd      | primitivedsp             | 1       |
|       fadd_32ns_32ns_32_2_primitive_dsp_1_U665                                     | 1   |        | tmp_35                      | fadd      | primitivedsp             | 1       |
|       fadd_32ns_32ns_32_2_primitive_dsp_1_U666                                     | 1   |        | tmp_36                      | fadd      | primitivedsp             | 1       |
|       fadd_32ns_32ns_32_2_primitive_dsp_1_U667                                     | 1   |        | tmp_37                      | fadd      | primitivedsp             | 1       |
|       fadd_32ns_32ns_32_2_primitive_dsp_1_U666                                     | 1   |        | tmp_38                      | fadd      | primitivedsp             | 1       |
|       fadd_32ns_32ns_32_2_primitive_dsp_1_U667                                     | 1   |        | tmp_39                      | fadd      | primitivedsp             | 1       |
|       fadd_32ns_32ns_32_2_primitive_dsp_1_U665                                     | 1   |        | tmp_40                      | fadd      | primitivedsp             | 1       |
|       fadd_32ns_32ns_32_2_primitive_dsp_1_U666                                     | 1   |        | tmp_41                      | fadd      | primitivedsp             | 1       |
|       fadd_32ns_32ns_32_2_primitive_dsp_1_U668                                     | 1   |        | tmp_42                      | fadd      | primitivedsp             | 1       |
|       fadd_32ns_32ns_32_2_primitive_dsp_1_U667                                     | 1   |        | tmp_43                      | fadd      | primitivedsp             | 1       |
|       fadd_32ns_32ns_32_2_primitive_dsp_1_U668                                     | 1   |        | tmp_44                      | fadd      | primitivedsp             | 1       |
|       fadd_32ns_32ns_32_2_primitive_dsp_1_U668                                     | 1   |        | tmp_45                      | fadd      | primitivedsp             | 1       |
|       fadd_32ns_32ns_32_2_primitive_dsp_1_U669                                     | 1   |        | tmp_46                      | fadd      | primitivedsp             | 1       |
|       fadd_32ns_32ns_32_2_primitive_dsp_1_U669                                     | 1   |        | tmp_47                      | fadd      | primitivedsp             | 1       |
|       fadd_32ns_32ns_32_2_primitive_dsp_1_U670                                     | 1   |        | tmp_48                      | fadd      | primitivedsp             | 1       |
|       fadd_32ns_32ns_32_2_primitive_dsp_1_U671                                     | 1   |        | tmp_49                      | fadd      | primitivedsp             | 1       |
|       fadd_32ns_32ns_32_2_primitive_dsp_1_U669                                     | 1   |        | tmp_50                      | fadd      | primitivedsp             | 1       |
|       fadd_32ns_32ns_32_2_primitive_dsp_1_U670                                     | 1   |        | tmp_51                      | fadd      | primitivedsp             | 1       |
|       fadd_32ns_32ns_32_2_primitive_dsp_1_U670                                     | 1   |        | tmp_52                      | fadd      | primitivedsp             | 1       |
|       fadd_32ns_32ns_32_2_primitive_dsp_1_U665                                     | 1   |        | tmp_53                      | fadd      | primitivedsp             | 1       |
|       fadd_32ns_32ns_32_2_primitive_dsp_1_U666                                     | 1   |        | tmp_54                      | fadd      | primitivedsp             | 1       |
|       fadd_32ns_32ns_32_2_primitive_dsp_1_U672                                     | 1   |        | tmp_55                      | fadd      | primitivedsp             | 1       |
|       fadd_32ns_32ns_32_2_primitive_dsp_1_U667                                     | 1   |        | tmp_56                      | fadd      | primitivedsp             | 1       |
|       fadd_32ns_32ns_32_2_primitive_dsp_1_U671                                     | 1   |        | tmp_57                      | fadd      | primitivedsp             | 1       |
|       fadd_32ns_32ns_32_2_primitive_dsp_1_U673                                     | 1   |        | tmp_58                      | fadd      | primitivedsp             | 1       |
|       fadd_32ns_32ns_32_2_primitive_dsp_1_U672                                     | 1   |        | tmp_59                      | fadd      | primitivedsp             | 1       |
|       fadd_32ns_32ns_32_2_primitive_dsp_1_U673                                     | 1   |        | tmp_60                      | fadd      | primitivedsp             | 1       |
|       fadd_32ns_32ns_32_2_primitive_dsp_1_U674                                     | 1   |        | tmp_61                      | fadd      | primitivedsp             | 1       |
|       fadd_32ns_32ns_32_2_primitive_dsp_1_U675                                     | 1   |        | tmp_62                      | fadd      | primitivedsp             | 1       |
|       fadd_32ns_32ns_32_2_primitive_dsp_1_U668                                     | 1   |        | tmp_63                      | fadd      | primitivedsp             | 1       |
|       fadd_32ns_32ns_32_2_primitive_dsp_1_U671                                     | 1   |        | tmp_64                      | fadd      | primitivedsp             | 1       |
|       fadd_32ns_32ns_32_2_primitive_dsp_1_U672                                     | 1   |        | tmp_65                      | fadd      | primitivedsp             | 1       |
|       fadd_32ns_32ns_32_2_primitive_dsp_1_U669                                     | 1   |        | tmp_66                      | fadd      | primitivedsp             | 1       |
|       fadd_32ns_32ns_32_2_primitive_dsp_1_U676                                     | 1   |        | tmp_67                      | fadd      | primitivedsp             | 1       |
|       fadd_32ns_32ns_32_2_primitive_dsp_1_U670                                     | 1   |        | tmp_68                      | fadd      | primitivedsp             | 1       |
|       fadd_32ns_32ns_32_2_primitive_dsp_1_U674                                     | 1   |        | tmp_69                      | fadd      | primitivedsp             | 1       |
|       fadd_32ns_32ns_32_2_primitive_dsp_1_U673                                     | 1   |        | tmp_70                      | fadd      | primitivedsp             | 1       |
|       fadd_32ns_32ns_32_2_primitive_dsp_1_U674                                     | 1   |        | tmp_71                      | fadd      | primitivedsp             | 1       |
|       fadd_32ns_32ns_32_2_primitive_dsp_1_U671                                     | 1   |        | tmp_72                      | fadd      | primitivedsp             | 1       |
|       fadd_32ns_32ns_32_2_primitive_dsp_1_U675                                     | 1   |        | tmp_73                      | fadd      | primitivedsp             | 1       |
|       fadd_32ns_32ns_32_2_primitive_dsp_1_U676                                     | 1   |        | tmp_74                      | fadd      | primitivedsp             | 1       |
|       fadd_32ns_32ns_32_2_primitive_dsp_1_U675                                     | 1   |        | tmp_75                      | fadd      | primitivedsp             | 1       |
|       fadd_32ns_32ns_32_2_primitive_dsp_1_U672                                     | 1   |        | tmp_76                      | fadd      | primitivedsp             | 1       |
|       fadd_32ns_32ns_32_2_primitive_dsp_1_U676                                     | 1   |        | tmp_77                      | fadd      | primitivedsp             | 1       |
|       fadd_32ns_32ns_32_2_primitive_dsp_1_U673                                     | 1   |        | tmp_78                      | fadd      | primitivedsp             | 1       |
|       t_19_fu_1989_p2                                                              |     |        | t_19                        | add       | fabric                   | 0       |
|       icmp_ln150_fu_1995_p2                                                        |     |        | icmp_ln150                  | seteq     | auto                     | 0       |
|       grp_fu_1545_p2                                                               |     |        | icmp_ln156                  | seteq     | auto                     | 0       |
|       fmacc_32ns_32ns_32ns_1ns_32_4_primitive_dsp_1_U677                           | 1   |        | tmp_79                      | fmacc     | primitivedsp             | 3       |
|       grp_fu_1549_p2                                                               |     |        | icmp_ln156_1                | seteq     | auto                     | 0       |
|       fmacc_32ns_32ns_32ns_1ns_32_4_primitive_dsp_1_U678                           | 1   |        | tmp_80                      | fmacc     | primitivedsp             | 3       |
|       grp_fu_1553_p2                                                               |     |        | icmp_ln156_2                | seteq     | auto                     | 0       |
|       fmacc_32ns_32ns_32ns_1ns_32_4_primitive_dsp_1_U679                           | 1   |        | tmp_81                      | fmacc     | primitivedsp             | 3       |
|       grp_fu_1557_p2                                                               |     |        | icmp_ln156_3                | seteq     | auto                     | 0       |
|       fmacc_32ns_32ns_32ns_1ns_32_4_primitive_dsp_1_U680                           | 1   |        | tmp_82                      | fmacc     | primitivedsp             | 3       |
|       grp_fu_1561_p2                                                               |     |        | icmp_ln156_4                | seteq     | auto                     | 0       |
|       fmacc_32ns_32ns_32ns_1ns_32_4_primitive_dsp_1_U681                           | 1   |        | tmp_83                      | fmacc     | primitivedsp             | 3       |
|       grp_fu_1565_p2                                                               |     |        | icmp_ln156_5                | seteq     | auto                     | 0       |
|       fmacc_32ns_32ns_32ns_1ns_32_4_primitive_dsp_1_U682                           | 1   |        | tmp_84                      | fmacc     | primitivedsp             | 3       |
|       grp_fu_1569_p2                                                               |     |        | icmp_ln156_6                | seteq     | auto                     | 0       |
|       fmacc_32ns_32ns_32ns_1ns_32_4_primitive_dsp_1_U683                           | 1   |        | tmp_85                      | fmacc     | primitivedsp             | 3       |
|       grp_fu_1573_p2                                                               |     |        | icmp_ln156_7                | seteq     | auto                     | 0       |
|       fmacc_32ns_32ns_32ns_1ns_32_4_primitive_dsp_1_U684                           | 1   |        | tmp_86                      | fmacc     | primitivedsp             | 3       |
|       grp_fu_1577_p2                                                               |     |        | icmp_ln156_8                | seteq     | auto                     | 0       |
|       fmacc_32ns_32ns_32ns_1ns_32_4_primitive_dsp_1_U685                           | 1   |        | tmp_87                      | fmacc     | primitivedsp             | 3       |
|       grp_fu_1581_p2                                                               |     |        | icmp_ln156_9                | seteq     | auto                     | 0       |
|       fmacc_32ns_32ns_32ns_1ns_32_4_primitive_dsp_1_U686                           | 1   |        | tmp_88                      | fmacc     | primitivedsp             | 3       |
|       grp_fu_1585_p2                                                               |     |        | icmp_ln156_10               | seteq     | auto                     | 0       |
|       fmacc_32ns_32ns_32ns_1ns_32_4_primitive_dsp_1_U687                           | 1   |        | tmp_89                      | fmacc     | primitivedsp             | 3       |
|       grp_fu_1589_p2                                                               |     |        | icmp_ln156_11               | seteq     | auto                     | 0       |
|       fmacc_32ns_32ns_32ns_1ns_32_4_primitive_dsp_1_U688                           | 1   |        | tmp_90                      | fmacc     | primitivedsp             | 3       |
|       grp_fu_1593_p2                                                               |     |        | icmp_ln156_12               | seteq     | auto                     | 0       |
|       fmacc_32ns_32ns_32ns_1ns_32_4_primitive_dsp_1_U689                           | 1   |        | tmp_91                      | fmacc     | primitivedsp             | 3       |
|       icmp_ln156_13_fu_2009_p2                                                     |     |        | icmp_ln156_13               | seteq     | auto                     | 0       |
|       fmacc_32ns_32ns_32ns_1ns_32_4_primitive_dsp_1_U690                           | 1   |        | tmp_92                      | fmacc     | primitivedsp             | 3       |
|       icmp_ln156_14_fu_2013_p2                                                     |     |        | icmp_ln156_14               | seteq     | auto                     | 0       |
|       fmacc_32ns_32ns_32ns_1ns_32_4_primitive_dsp_1_U691                           | 1   |        | tmp_93                      | fmacc     | primitivedsp             | 3       |
|       icmp_ln156_15_fu_2017_p2                                                     |     |        | icmp_ln156_15               | seteq     | auto                     | 0       |
|       fmacc_32ns_32ns_32ns_1ns_32_4_primitive_dsp_1_U692                           | 1   |        | tmp_94                      | fmacc     | primitivedsp             | 3       |
|       grp_fu_1545_p2                                                               |     |        | icmp_ln156_16               | seteq     | auto                     | 0       |
|       fmacc_32ns_32ns_32ns_1ns_32_4_primitive_dsp_1_U693                           | 1   |        | tmp_95                      | fmacc     | primitivedsp             | 3       |
|       grp_fu_1549_p2                                                               |     |        | icmp_ln156_17               | seteq     | auto                     | 0       |
|       fmacc_32ns_32ns_32ns_1ns_32_4_primitive_dsp_1_U694                           | 1   |        | tmp_96                      | fmacc     | primitivedsp             | 3       |
|       grp_fu_1553_p2                                                               |     |        | icmp_ln156_18               | seteq     | auto                     | 0       |
|       fmacc_32ns_32ns_32ns_1ns_32_4_primitive_dsp_1_U695                           | 1   |        | tmp_97                      | fmacc     | primitivedsp             | 3       |
|       icmp_ln156_19_fu_2432_p2                                                     |     |        | icmp_ln156_19               | seteq     | auto                     | 0       |
|       fmacc_32ns_32ns_32ns_1ns_32_4_primitive_dsp_1_U706                           | 1   |        | tmp_98                      | fmacc     | primitivedsp             | 3       |
|       grp_fu_1557_p2                                                               |     |        | icmp_ln156_20               | seteq     | auto                     | 0       |
|       fmacc_32ns_32ns_32ns_1ns_32_4_primitive_dsp_1_U696                           | 1   |        | tmp_99                      | fmacc     | primitivedsp             | 3       |
|       grp_fu_1561_p2                                                               |     |        | icmp_ln156_21               | seteq     | auto                     | 0       |
|       fmacc_32ns_32ns_32ns_1ns_32_4_primitive_dsp_1_U697                           | 1   |        | tmp_100                     | fmacc     | primitivedsp             | 3       |
|       grp_fu_1565_p2                                                               |     |        | icmp_ln156_22               | seteq     | auto                     | 0       |
|       fmacc_32ns_32ns_32ns_1ns_32_4_primitive_dsp_1_U698                           | 1   |        | tmp_101                     | fmacc     | primitivedsp             | 3       |
|       grp_fu_1569_p2                                                               |     |        | icmp_ln156_23               | seteq     | auto                     | 0       |
|       fmacc_32ns_32ns_32ns_1ns_32_4_primitive_dsp_1_U699                           | 1   |        | tmp_102                     | fmacc     | primitivedsp             | 3       |
|       icmp_ln156_24_fu_2468_p2                                                     |     |        | icmp_ln156_24               | seteq     | auto                     | 0       |
|       fmacc_32ns_32ns_32ns_1ns_32_4_primitive_dsp_1_U707                           | 1   |        | tmp_103                     | fmacc     | primitivedsp             | 3       |
|       grp_fu_1573_p2                                                               |     |        | icmp_ln156_25               | seteq     | auto                     | 0       |
|       fmacc_32ns_32ns_32ns_1ns_32_4_primitive_dsp_1_U700                           | 1   |        | tmp_104                     | fmacc     | primitivedsp             | 3       |
|       grp_fu_1577_p2                                                               |     |        | icmp_ln156_26               | seteq     | auto                     | 0       |
|       fmacc_32ns_32ns_32ns_1ns_32_4_primitive_dsp_1_U701                           | 1   |        | tmp_105                     | fmacc     | primitivedsp             | 3       |
|       grp_fu_1581_p2                                                               |     |        | icmp_ln156_27               | seteq     | auto                     | 0       |
|       fmacc_32ns_32ns_32ns_1ns_32_4_primitive_dsp_1_U702                           | 1   |        | tmp_106                     | fmacc     | primitivedsp             | 3       |
|       icmp_ln156_28_fu_2496_p2                                                     |     |        | icmp_ln156_28               | seteq     | auto                     | 0       |
|       fmacc_32ns_32ns_32ns_1ns_32_4_primitive_dsp_1_U708                           | 1   |        | tmp_107                     | fmacc     | primitivedsp             | 3       |
|       grp_fu_1585_p2                                                               |     |        | icmp_ln156_29               | seteq     | auto                     | 0       |
|       fmacc_32ns_32ns_32ns_1ns_32_4_primitive_dsp_1_U703                           | 1   |        | tmp_108                     | fmacc     | primitivedsp             | 3       |
|       grp_fu_1589_p2                                                               |     |        | icmp_ln156_30               | seteq     | auto                     | 0       |
|       fmacc_32ns_32ns_32ns_1ns_32_4_primitive_dsp_1_U704                           | 1   |        | tmp_109                     | fmacc     | primitivedsp             | 3       |
|       grp_fu_1593_p2                                                               |     |        | icmp_ln156_31               | seteq     | auto                     | 0       |
|       fmacc_32ns_32ns_32ns_1ns_32_4_primitive_dsp_1_U705                           | 1   |        | tmp_110                     | fmacc     | primitivedsp             | 3       |
|       icmp_ln156_32_fu_2528_p2                                                     |     |        | icmp_ln156_32               | seteq     | auto                     | 0       |
|       fmacc_32ns_32ns_32ns_1ns_32_4_primitive_dsp_1_U709                           | 1   |        | tmp_111                     | fmacc     | primitivedsp             | 3       |
|       icmp_ln156_33_fu_2532_p2                                                     |     |        | icmp_ln156_33               | seteq     | auto                     | 0       |
|       fmacc_32ns_32ns_32ns_1ns_32_4_primitive_dsp_1_U710                           | 1   |        | tmp_112                     | fmacc     | primitivedsp             | 3       |
|       icmp_ln156_34_fu_2536_p2                                                     |     |        | icmp_ln156_34               | seteq     | auto                     | 0       |
|       fmacc_32ns_32ns_32ns_1ns_32_4_primitive_dsp_1_U711                           | 1   |        | tmp_113                     | fmacc     | primitivedsp             | 3       |
|       icmp_ln156_35_fu_2540_p2                                                     |     |        | icmp_ln156_35               | seteq     | auto                     | 0       |
|       fmacc_32ns_32ns_32ns_1ns_32_4_primitive_dsp_1_U712                           | 1   |        | tmp_114                     | fmacc     | primitivedsp             | 3       |
|       icmp_ln156_36_fu_2544_p2                                                     |     |        | icmp_ln156_36               | seteq     | auto                     | 0       |
|       fmacc_32ns_32ns_32ns_1ns_32_4_primitive_dsp_1_U713                           | 1   |        | tmp_115                     | fmacc     | primitivedsp             | 3       |
|       icmp_ln156_37_fu_2548_p2                                                     |     |        | icmp_ln156_37               | seteq     | auto                     | 0       |
|       fmacc_32ns_32ns_32ns_1ns_32_4_primitive_dsp_1_U714                           | 1   |        | tmp_116                     | fmacc     | primitivedsp             | 3       |
|       icmp_ln156_38_fu_2552_p2                                                     |     |        | icmp_ln156_38               | seteq     | auto                     | 0       |
|       fmacc_32ns_32ns_32ns_1ns_32_4_primitive_dsp_1_U715                           | 1   |        | tmp_117                     | fmacc     | primitivedsp             | 3       |
|       icmp_ln156_39_fu_2556_p2                                                     |     |        | icmp_ln156_39               | seteq     | auto                     | 0       |
|       fmacc_32ns_32ns_32ns_1ns_32_4_primitive_dsp_1_U716                           | 1   |        | tmp_118                     | fmacc     | primitivedsp             | 3       |
|       icmp_ln156_40_fu_2560_p2                                                     |     |        | icmp_ln156_40               | seteq     | auto                     | 0       |
|       fmacc_32ns_32ns_32ns_1ns_32_4_primitive_dsp_1_U717                           | 1   |        | tmp_119                     | fmacc     | primitivedsp             | 3       |
|       icmp_ln156_41_fu_2564_p2                                                     |     |        | icmp_ln156_41               | seteq     | auto                     | 0       |
|       fmacc_32ns_32ns_32ns_1ns_32_4_primitive_dsp_1_U718                           | 1   |        | tmp_120                     | fmacc     | primitivedsp             | 3       |
|       icmp_ln156_42_fu_2568_p2                                                     |     |        | icmp_ln156_42               | seteq     | auto                     | 0       |
|       fmacc_32ns_32ns_32ns_1ns_32_4_primitive_dsp_1_U719                           | 1   |        | tmp_121                     | fmacc     | primitivedsp             | 3       |
|       icmp_ln156_43_fu_2572_p2                                                     |     |        | icmp_ln156_43               | seteq     | auto                     | 0       |
|       fmacc_32ns_32ns_32ns_1ns_32_4_primitive_dsp_1_U720                           | 1   |        | tmp_122                     | fmacc     | primitivedsp             | 3       |
|       icmp_ln156_44_fu_2576_p2                                                     |     |        | icmp_ln156_44               | seteq     | auto                     | 0       |
|       fmacc_32ns_32ns_32ns_1ns_32_4_primitive_dsp_1_U721                           | 1   |        | tmp_123                     | fmacc     | primitivedsp             | 3       |
|       icmp_ln156_45_fu_2580_p2                                                     |     |        | icmp_ln156_45               | seteq     | auto                     | 0       |
|       fmacc_32ns_32ns_32ns_1ns_32_4_primitive_dsp_1_U722                           | 1   |        | tmp_124                     | fmacc     | primitivedsp             | 3       |
|       icmp_ln156_46_fu_2584_p2                                                     |     |        | icmp_ln156_46               | seteq     | auto                     | 0       |
|       fmacc_32ns_32ns_32ns_1ns_32_4_primitive_dsp_1_U723                           | 1   |        | tmp_125                     | fmacc     | primitivedsp             | 3       |
|       icmp_ln156_47_fu_2588_p2                                                     |     |        | icmp_ln156_47               | seteq     | auto                     | 0       |
|       fmacc_32ns_32ns_32ns_1ns_32_4_primitive_dsp_1_U724                           | 1   |        | tmp_126                     | fmacc     | primitivedsp             | 3       |
|       icmp_ln156_48_fu_2592_p2                                                     |     |        | icmp_ln156_48               | seteq     | auto                     | 0       |
|       fmacc_32ns_32ns_32ns_1ns_32_4_primitive_dsp_1_U725                           | 1   |        | tmp_127                     | fmacc     | primitivedsp             | 3       |
|       icmp_ln156_49_fu_2596_p2                                                     |     |        | icmp_ln156_49               | seteq     | auto                     | 0       |
|       fmacc_32ns_32ns_32ns_1ns_32_4_primitive_dsp_1_U726                           | 1   |        | tmp_128                     | fmacc     | primitivedsp             | 3       |
|       icmp_ln156_50_fu_2600_p2                                                     |     |        | icmp_ln156_50               | seteq     | auto                     | 0       |
|       fmacc_32ns_32ns_32ns_1ns_32_4_primitive_dsp_1_U727                           | 1   |        | tmp_129                     | fmacc     | primitivedsp             | 3       |
|       icmp_ln156_51_fu_2604_p2                                                     |     |        | icmp_ln156_51               | seteq     | auto                     | 0       |
|       fmacc_32ns_32ns_32ns_1ns_32_4_primitive_dsp_1_U728                           | 1   |        | tmp_130                     | fmacc     | primitivedsp             | 3       |
|       icmp_ln156_52_fu_2608_p2                                                     |     |        | icmp_ln156_52               | seteq     | auto                     | 0       |
|       fmacc_32ns_32ns_32ns_1ns_32_4_primitive_dsp_1_U729                           | 1   |        | tmp_131                     | fmacc     | primitivedsp             | 3       |
|       icmp_ln156_53_fu_2612_p2                                                     |     |        | icmp_ln156_53               | seteq     | auto                     | 0       |
|       fmacc_32ns_32ns_32ns_1ns_32_4_primitive_dsp_1_U730                           | 1   |        | tmp_132                     | fmacc     | primitivedsp             | 3       |
|       icmp_ln156_54_fu_2616_p2                                                     |     |        | icmp_ln156_54               | seteq     | auto                     | 0       |
|       fmacc_32ns_32ns_32ns_1ns_32_4_primitive_dsp_1_U731                           | 1   |        | tmp_133                     | fmacc     | primitivedsp             | 3       |
|       icmp_ln156_55_fu_2620_p2                                                     |     |        | icmp_ln156_55               | seteq     | auto                     | 0       |
|       fmacc_32ns_32ns_32ns_1ns_32_4_primitive_dsp_1_U732                           | 1   |        | tmp_134                     | fmacc     | primitivedsp             | 3       |
|       icmp_ln156_56_fu_2624_p2                                                     |     |        | icmp_ln156_56               | seteq     | auto                     | 0       |
|       fmacc_32ns_32ns_32ns_1ns_32_4_primitive_dsp_1_U733                           | 1   |        | tmp_135                     | fmacc     | primitivedsp             | 3       |
|       icmp_ln156_57_fu_2628_p2                                                     |     |        | icmp_ln156_57               | seteq     | auto                     | 0       |
|       fmacc_32ns_32ns_32ns_1ns_32_4_primitive_dsp_1_U734                           | 1   |        | tmp_136                     | fmacc     | primitivedsp             | 3       |
|       icmp_ln156_58_fu_2632_p2                                                     |     |        | icmp_ln156_58               | seteq     | auto                     | 0       |
|       fmacc_32ns_32ns_32ns_1ns_32_4_primitive_dsp_1_U735                           | 1   |        | tmp_137                     | fmacc     | primitivedsp             | 3       |
|       icmp_ln156_59_fu_2636_p2                                                     |     |        | icmp_ln156_59               | seteq     | auto                     | 0       |
|       fmacc_32ns_32ns_32ns_1ns_32_4_primitive_dsp_1_U736                           | 1   |        | tmp_138                     | fmacc     | primitivedsp             | 3       |
|       icmp_ln156_60_fu_2640_p2                                                     |     |        | icmp_ln156_60               | seteq     | auto                     | 0       |
|       fmacc_32ns_32ns_32ns_1ns_32_4_primitive_dsp_1_U737                           | 1   |        | tmp_139                     | fmacc     | primitivedsp             | 3       |
|       icmp_ln156_61_fu_2644_p2                                                     |     |        | icmp_ln156_61               | seteq     | auto                     | 0       |
|       fmacc_32ns_32ns_32ns_1ns_32_4_primitive_dsp_1_U738                           | 1   |        | tmp_140                     | fmacc     | primitivedsp             | 3       |
|       icmp_ln156_62_fu_2648_p2                                                     |     |        | icmp_ln156_62               | seteq     | auto                     | 0       |
|       fmacc_32ns_32ns_32ns_1ns_32_4_primitive_dsp_1_U739                           | 1   |        | tmp_141                     | fmacc     | primitivedsp             | 3       |
|       icmp_ln156_63_fu_2652_p2                                                     |     |        | icmp_ln156_63               | seteq     | auto                     | 0       |
|       fmacc_32ns_32ns_32ns_1ns_32_4_primitive_dsp_1_U740                           | 1   |        | tmp_142                     | fmacc     | primitivedsp             | 3       |
|     + mha_weighted_sum_Pipeline_mha_ws_stream_out_xb                               | 16  |        |                             |           |                          |         |
|       add_ln162_fu_651_p2                                                          |     |        | add_ln162                   | add       | fabric                   | 0       |
|       icmp_ln162_fu_657_p2                                                         |     |        | icmp_ln162                  | seteq     | auto                     | 0       |
|       sparsemux_9_2_32_1_1_U870                                                    |     |        | tmp_s                       | sparsemux | compactencoding_dontcare | 0       |
|       sparsemux_9_2_32_1_1_U871                                                    |     |        | tmp_7                       | sparsemux | compactencoding_dontcare | 0       |
|       sparsemux_9_2_32_1_1_U872                                                    |     |        | tmp_8                       | sparsemux | compactencoding_dontcare | 0       |
|       sparsemux_9_2_32_1_1_U873                                                    |     |        | tmp_9                       | sparsemux | compactencoding_dontcare | 0       |
|       sparsemux_9_2_32_1_1_U874                                                    |     |        | tmp_10                      | sparsemux | compactencoding_dontcare | 0       |
|       sparsemux_9_2_32_1_1_U875                                                    |     |        | tmp_11                      | sparsemux | compactencoding_dontcare | 0       |
|       sparsemux_9_2_32_1_1_U876                                                    |     |        | tmp_12                      | sparsemux | compactencoding_dontcare | 0       |
|       sparsemux_9_2_32_1_1_U877                                                    |     |        | tmp_13                      | sparsemux | compactencoding_dontcare | 0       |
|       sparsemux_9_2_32_1_1_U878                                                    |     |        | tmp_14                      | sparsemux | compactencoding_dontcare | 0       |
|       sparsemux_9_2_32_1_1_U879                                                    |     |        | tmp_15                      | sparsemux | compactencoding_dontcare | 0       |
|       sparsemux_9_2_32_1_1_U880                                                    |     |        | tmp_16                      | sparsemux | compactencoding_dontcare | 0       |
|       sparsemux_9_2_32_1_1_U881                                                    |     |        | tmp_17                      | sparsemux | compactencoding_dontcare | 0       |
|       sparsemux_9_2_32_1_1_U882                                                    |     |        | tmp_18                      | sparsemux | compactencoding_dontcare | 0       |
|       sparsemux_9_2_32_1_1_U883                                                    |     |        | tmp_19                      | sparsemux | compactencoding_dontcare | 0       |
|       sparsemux_9_2_32_1_1_U884                                                    |     |        | tmp_20                      | sparsemux | compactencoding_dontcare | 0       |
|       sparsemux_9_2_32_1_1_U885                                                    |     |        | tmp_21                      | sparsemux | compactencoding_dontcare | 0       |
|       fmul_32ns_32ns_32_3_primitive_dsp_1_U854                                     | 1   |        | mul_i_i_i                   | fmul      | primitivedsp             | 2       |
|       fmul_32ns_32ns_32_3_primitive_dsp_1_U855                                     | 1   |        | mul_i_i_1_i                 | fmul      | primitivedsp             | 2       |
|       fmul_32ns_32ns_32_3_primitive_dsp_1_U856                                     | 1   |        | mul_i_i_2_i                 | fmul      | primitivedsp             | 2       |
|       fmul_32ns_32ns_32_3_primitive_dsp_1_U857                                     | 1   |        | mul_i_i_3_i                 | fmul      | primitivedsp             | 2       |
|       fmul_32ns_32ns_32_3_primitive_dsp_1_U858                                     | 1   |        | mul_i_i_4_i                 | fmul      | primitivedsp             | 2       |
|       fmul_32ns_32ns_32_3_primitive_dsp_1_U859                                     | 1   |        | mul_i_i_5_i                 | fmul      | primitivedsp             | 2       |
|       fmul_32ns_32ns_32_3_primitive_dsp_1_U860                                     | 1   |        | mul_i_i_6_i                 | fmul      | primitivedsp             | 2       |
|       fmul_32ns_32ns_32_3_primitive_dsp_1_U861                                     | 1   |        | mul_i_i_7_i                 | fmul      | primitivedsp             | 2       |
|       fmul_32ns_32ns_32_3_primitive_dsp_1_U862                                     | 1   |        | mul_i_i_8_i                 | fmul      | primitivedsp             | 2       |
|       fmul_32ns_32ns_32_3_primitive_dsp_1_U863                                     | 1   |        | mul_i_i_9_i                 | fmul      | primitivedsp             | 2       |
|       fmul_32ns_32ns_32_3_primitive_dsp_1_U864                                     | 1   |        | mul_i_i_10_i                | fmul      | primitivedsp             | 2       |
|       fmul_32ns_32ns_32_3_primitive_dsp_1_U865                                     | 1   |        | mul_i_i_11_i                | fmul      | primitivedsp             | 2       |
|       fmul_32ns_32ns_32_3_primitive_dsp_1_U866                                     | 1   |        | mul_i_i_12_i                | fmul      | primitivedsp             | 2       |
|       fmul_32ns_32ns_32_3_primitive_dsp_1_U867                                     | 1   |        | mul_i_i_13_i                | fmul      | primitivedsp             | 2       |
|       fmul_32ns_32ns_32_3_primitive_dsp_1_U868                                     | 1   |        | mul_i_i_14_i                | fmul      | primitivedsp             | 2       |
|       fmul_32ns_32ns_32_3_primitive_dsp_1_U869                                     | 1   |        | mul_i_i_15_i                | fmul      | primitivedsp             | 2       |
|    + vec_down_converter_float_4ul_16ul_s                                           | 0   |        |                             |           |                          |         |
|      add_ln177_fu_307_p2                                                           |     |        | add_ln177                   | add       | fabric                   | 0       |
|      icmp_ln177_fu_313_p2                                                          |     |        | icmp_ln177                  | seteq     | auto                     | 0       |
|      icmp_ln180_fu_323_p2                                                          |     |        | icmp_ln180                  | seteq     | auto                     | 0       |
|   + calc_loop                                                                      | 164 |        |                             |           |                          |         |
|    + sfCount                                                                       | 3   |        |                             |           |                          |         |
|      mul_32s_32s_32_5_1_U996                                                       | 3   |        | mul_ln22                    | mul       | auto                     | 4       |
|    + quantizer_kernel                                                              | 11  |        |                             |           |                          |         |
|      sub_ln103_fu_141_p2                                                           |     |        | sub_ln103                   | sub       | fabric                   | 0       |
|      sub_ln103_1_fu_170_p2                                                         |     |        | sub_ln103_1                 | sub       | fabric                   | 0       |
|      SF_COUNT_fu_179_p3                                                            |     |        | SF_COUNT                    | select    | auto_sel                 | 0       |
|     + dataflow_parent_loop_proc                                                    | 11  |        |                             |           |                          |         |
|      + dataflow_in_loop_VITIS_LOOP_106_1_1                                         | 11  |        |                             |           |                          |         |
|       + abs_intake                                                                 | 0   |        |                             |           |                          |         |
|         j_8_fu_96_p2                                                               |     |        | j_8                         | add       | fabric                   | 0       |
|         icmp_ln34_fu_138_p2                                                        |     |        | icmp_ln34                   | seteq     | auto                     | 0       |
|       + max_finder                                                                 | 1   |        |                             |           |                          |         |
|         fcmp_32ns_32ns_1_1_no_dsp_1_x_U1094                                        |     |        | cmp                         | fcmp      | auto                     | 0       |
|         select_ln71_fu_950_p3                                                      |     |        | select_ln71                 | select    | auto_sel                 | 0       |
|         fcmp_32ns_32ns_1_1_no_dsp_1_x_U1095                                        |     |        | cmp24_s                     | fcmp      | auto                     | 0       |
|         select_ln71_1_fu_955_p3                                                    |     |        | select_ln71_1               | select    | auto_sel                 | 0       |
|         fcmp_32ns_32ns_1_1_no_dsp_1_x_U1096                                        |     |        | cmp24_19                    | fcmp      | auto                     | 0       |
|         select_ln71_2_fu_960_p3                                                    |     |        | select_ln71_2               | select    | auto_sel                 | 0       |
|         fcmp_32ns_32ns_1_1_no_dsp_1_x_U1097                                        |     |        | cmp24_32                    | fcmp      | auto                     | 0       |
|         select_ln71_3_fu_965_p3                                                    |     |        | select_ln71_3               | select    | auto_sel                 | 0       |
|         fcmp_32ns_32ns_1_1_no_dsp_1_x_U1098                                        |     |        | cmp24_33                    | fcmp      | auto                     | 0       |
|         select_ln71_4_fu_970_p3                                                    |     |        | select_ln71_4               | select    | auto_sel                 | 0       |
|         fcmp_32ns_32ns_1_1_no_dsp_1_x_U1099                                        |     |        | cmp24_34                    | fcmp      | auto                     | 0       |
|         select_ln71_5_fu_975_p3                                                    |     |        | select_ln71_5               | select    | auto_sel                 | 0       |
|         fcmp_32ns_32ns_1_1_no_dsp_1_x_U1100                                        |     |        | cmp24_6                     | fcmp      | auto                     | 0       |
|         select_ln71_6_fu_980_p3                                                    |     |        | select_ln71_6               | select    | auto_sel                 | 0       |
|         fcmp_32ns_32ns_1_1_no_dsp_1_x_U1101                                        |     |        | cmp24_7                     | fcmp      | auto                     | 0       |
|         select_ln71_7_fu_985_p3                                                    |     |        | select_ln71_7               | select    | auto_sel                 | 0       |
|         fcmp_32ns_32ns_1_1_no_dsp_1_x_U1102                                        |     |        | cmp24_8                     | fcmp      | auto                     | 0       |
|         select_ln71_8_fu_990_p3                                                    |     |        | select_ln71_8               | select    | auto_sel                 | 0       |
|         fcmp_32ns_32ns_1_1_no_dsp_1_x_U1103                                        |     |        | cmp24_9                     | fcmp      | auto                     | 0       |
|         select_ln71_9_fu_995_p3                                                    |     |        | select_ln71_9               | select    | auto_sel                 | 0       |
|         fcmp_32ns_32ns_1_1_no_dsp_1_x_U1104                                        |     |        | cmp24_10                    | fcmp      | auto                     | 0       |
|         select_ln71_10_fu_1000_p3                                                  |     |        | select_ln71_10              | select    | auto_sel                 | 0       |
|         fcmp_32ns_32ns_1_1_no_dsp_1_x_U1105                                        |     |        | cmp24_11                    | fcmp      | auto                     | 0       |
|         select_ln71_11_fu_1005_p3                                                  |     |        | select_ln71_11              | select    | auto_sel                 | 0       |
|         fcmp_32ns_32ns_1_1_no_dsp_1_x_U1106                                        |     |        | cmp24_12                    | fcmp      | auto                     | 0       |
|         select_ln71_12_fu_1010_p3                                                  |     |        | select_ln71_12              | select    | auto_sel                 | 0       |
|         fcmp_32ns_32ns_1_1_no_dsp_1_x_U1107                                        |     |        | cmp24_13                    | fcmp      | auto                     | 0       |
|         select_ln71_13_fu_1015_p3                                                  |     |        | select_ln71_13              | select    | auto_sel                 | 0       |
|         fcmp_32ns_32ns_1_1_no_dsp_1_x_U1108                                        |     |        | cmp24_14                    | fcmp      | auto                     | 0       |
|         select_ln71_14_fu_1020_p3                                                  |     |        | select_ln71_14              | select    | auto_sel                 | 0       |
|         fcmp_32ns_32ns_1_1_no_dsp_1_x_U1109                                        |     |        | cmp24_15                    | fcmp      | auto                     | 0       |
|         select_ln71_15_fu_1025_p3                                                  |     |        | select_ln71_15              | select    | auto_sel                 | 0       |
|         fcmp_32ns_32ns_1_1_no_dsp_1_x_U1110                                        |     |        | cmp24_16                    | fcmp      | auto                     | 0       |
|         c_val_fu_1030_p3                                                           |     |        | c_val                       | select    | auto_sel                 | 0       |
|         fcmp_32ns_32ns_1_1_no_dsp_1_x_U1111                                        |     |        | cmp24_17                    | fcmp      | auto                     | 0       |
|         c_val_4_fu_1035_p3                                                         |     |        | c_val_4                     | select    | auto_sel                 | 0       |
|         fcmp_32ns_32ns_1_1_no_dsp_1_x_U1112                                        |     |        | cmp24_18                    | fcmp      | auto                     | 0       |
|         c_val_5_fu_1040_p3                                                         |     |        | c_val_5                     | select    | auto_sel                 | 0       |
|         fcmp_32ns_32ns_1_1_no_dsp_1_x_U1113                                        |     |        | cmp24_35                    | fcmp      | auto                     | 0       |
|         c_val_6_fu_1045_p3                                                         |     |        | c_val_6                     | select    | auto_sel                 | 0       |
|         fcmp_32ns_32ns_1_1_no_dsp_1_x_U1114                                        |     |        | cmp24_20                    | fcmp      | auto                     | 0       |
|         c_val_7_fu_1050_p3                                                         |     |        | c_val_7                     | select    | auto_sel                 | 0       |
|         fcmp_32ns_32ns_1_1_no_dsp_1_x_U1115                                        |     |        | cmp24_21                    | fcmp      | auto                     | 0       |
|         c_val_8_fu_1055_p3                                                         |     |        | c_val_8                     | select    | auto_sel                 | 0       |
|         fcmp_32ns_32ns_1_1_no_dsp_1_x_U1116                                        |     |        | cmp24_22                    | fcmp      | auto                     | 0       |
|         c_val_9_fu_1060_p3                                                         |     |        | c_val_9                     | select    | auto_sel                 | 0       |
|         fcmp_32ns_32ns_1_1_no_dsp_1_x_U1117                                        |     |        | cmp24_23                    | fcmp      | auto                     | 0       |
|         c_val_10_fu_1065_p3                                                        |     |        | c_val_10                    | select    | auto_sel                 | 0       |
|         fcmp_32ns_32ns_1_1_no_dsp_1_x_U1118                                        |     |        | cmp24_24                    | fcmp      | auto                     | 0       |
|         c_val_11_fu_1070_p3                                                        |     |        | c_val_11                    | select    | auto_sel                 | 0       |
|         fcmp_32ns_32ns_1_1_no_dsp_1_x_U1119                                        |     |        | cmp24_25                    | fcmp      | auto                     | 0       |
|         c_val_12_fu_1075_p3                                                        |     |        | c_val_12                    | select    | auto_sel                 | 0       |
|         fcmp_32ns_32ns_1_1_no_dsp_1_x_U1120                                        |     |        | cmp24_26                    | fcmp      | auto                     | 0       |
|         c_val_13_fu_1080_p3                                                        |     |        | c_val_13                    | select    | auto_sel                 | 0       |
|         fcmp_32ns_32ns_1_1_no_dsp_1_x_U1121                                        |     |        | cmp24_27                    | fcmp      | auto                     | 0       |
|         c_val_14_fu_1085_p3                                                        |     |        | c_val_14                    | select    | auto_sel                 | 0       |
|         fcmp_32ns_32ns_1_1_no_dsp_1_x_U1122                                        |     |        | cmp24_28                    | fcmp      | auto                     | 0       |
|         c_val_15_fu_1090_p3                                                        |     |        | c_val_15                    | select    | auto_sel                 | 0       |
|         fcmp_32ns_32ns_1_1_no_dsp_1_x_U1123                                        |     |        | cmp24_29                    | fcmp      | auto                     | 0       |
|         c_val_16_fu_1095_p3                                                        |     |        | c_val_16                    | select    | auto_sel                 | 0       |
|         fcmp_32ns_32ns_1_1_no_dsp_1_x_U1124                                        |     |        | cmp24_30                    | fcmp      | auto                     | 0       |
|         c_val_17_fu_1100_p3                                                        |     |        | c_val_17                    | select    | auto_sel                 | 0       |
|         fcmp_32ns_32ns_1_1_no_dsp_1_x_U1125                                        |     |        | cmp24_31                    | fcmp      | auto                     | 0       |
|         select_ln71_31_fu_1105_p3                                                  |     |        | select_ln71_31              | select    | auto_sel                 | 0       |
|         fcmp_32ns_32ns_1_1_no_dsp_1_x_U1094                                        |     |        | cmp24_1                     | fcmp      | auto                     | 0       |
|         select_ln71_32_fu_1238_p3                                                  |     |        | select_ln71_32              | select    | auto_sel                 | 0       |
|         fcmp_32ns_32ns_1_1_no_dsp_1_x_U1095                                        |     |        | cmp24_1_1                   | fcmp      | auto                     | 0       |
|         select_ln71_33_fu_1243_p3                                                  |     |        | select_ln71_33              | select    | auto_sel                 | 0       |
|         fcmp_32ns_32ns_1_1_no_dsp_1_x_U1096                                        |     |        | cmp24_1_2                   | fcmp      | auto                     | 0       |
|         select_ln71_34_fu_1248_p3                                                  |     |        | select_ln71_34              | select    | auto_sel                 | 0       |
|         fcmp_32ns_32ns_1_1_no_dsp_1_x_U1097                                        |     |        | cmp24_1_3                   | fcmp      | auto                     | 0       |
|         select_ln71_35_fu_1253_p3                                                  |     |        | select_ln71_35              | select    | auto_sel                 | 0       |
|         fcmp_32ns_32ns_1_1_no_dsp_1_x_U1098                                        |     |        | cmp24_1_4                   | fcmp      | auto                     | 0       |
|         select_ln71_36_fu_1258_p3                                                  |     |        | select_ln71_36              | select    | auto_sel                 | 0       |
|         fcmp_32ns_32ns_1_1_no_dsp_1_x_U1099                                        |     |        | cmp24_1_5                   | fcmp      | auto                     | 0       |
|         select_ln71_37_fu_1263_p3                                                  |     |        | select_ln71_37              | select    | auto_sel                 | 0       |
|         fcmp_32ns_32ns_1_1_no_dsp_1_x_U1100                                        |     |        | cmp24_1_6                   | fcmp      | auto                     | 0       |
|         select_ln71_38_fu_1268_p3                                                  |     |        | select_ln71_38              | select    | auto_sel                 | 0       |
|         fcmp_32ns_32ns_1_1_no_dsp_1_x_U1101                                        |     |        | cmp24_1_7                   | fcmp      | auto                     | 0       |
|         select_ln71_39_fu_1273_p3                                                  |     |        | select_ln71_39              | select    | auto_sel                 | 0       |
|         fcmp_32ns_32ns_1_1_no_dsp_1_x_U1102                                        |     |        | cmp24_1_8                   | fcmp      | auto                     | 0       |
|         select_ln71_40_fu_1278_p3                                                  |     |        | select_ln71_40              | select    | auto_sel                 | 0       |
|         fcmp_32ns_32ns_1_1_no_dsp_1_x_U1103                                        |     |        | cmp24_1_9                   | fcmp      | auto                     | 0       |
|         select_ln71_41_fu_1283_p3                                                  |     |        | select_ln71_41              | select    | auto_sel                 | 0       |
|         fcmp_32ns_32ns_1_1_no_dsp_1_x_U1104                                        |     |        | cmp24_1_s                   | fcmp      | auto                     | 0       |
|         select_ln71_42_fu_1288_p3                                                  |     |        | select_ln71_42              | select    | auto_sel                 | 0       |
|         fcmp_32ns_32ns_1_1_no_dsp_1_x_U1105                                        |     |        | cmp24_1_10                  | fcmp      | auto                     | 0       |
|         select_ln71_43_fu_1293_p3                                                  |     |        | select_ln71_43              | select    | auto_sel                 | 0       |
|         fcmp_32ns_32ns_1_1_no_dsp_1_x_U1106                                        |     |        | cmp24_1_11                  | fcmp      | auto                     | 0       |
|         select_ln71_44_fu_1298_p3                                                  |     |        | select_ln71_44              | select    | auto_sel                 | 0       |
|         fcmp_32ns_32ns_1_1_no_dsp_1_x_U1107                                        |     |        | cmp24_1_12                  | fcmp      | auto                     | 0       |
|         select_ln71_45_fu_1303_p3                                                  |     |        | select_ln71_45              | select    | auto_sel                 | 0       |
|         fcmp_32ns_32ns_1_1_no_dsp_1_x_U1108                                        |     |        | cmp24_1_13                  | fcmp      | auto                     | 0       |
|         select_ln71_46_fu_1308_p3                                                  |     |        | select_ln71_46              | select    | auto_sel                 | 0       |
|         fcmp_32ns_32ns_1_1_no_dsp_1_x_U1109                                        |     |        | cmp24_1_14                  | fcmp      | auto                     | 0       |
|         select_ln71_47_fu_1313_p3                                                  |     |        | select_ln71_47              | select    | auto_sel                 | 0       |
|         fcmp_32ns_32ns_1_1_no_dsp_1_x_U1094                                        |     |        | cmp24_2                     | fcmp      | auto                     | 0       |
|         select_ln71_48_fu_1382_p3                                                  |     |        | select_ln71_48              | select    | auto_sel                 | 0       |
|         fcmp_32ns_32ns_1_1_no_dsp_1_x_U1095                                        |     |        | cmp24_2_1                   | fcmp      | auto                     | 0       |
|         select_ln71_49_fu_1387_p3                                                  |     |        | select_ln71_49              | select    | auto_sel                 | 0       |
|         fcmp_32ns_32ns_1_1_no_dsp_1_x_U1096                                        |     |        | cmp24_2_2                   | fcmp      | auto                     | 0       |
|         select_ln71_50_fu_1392_p3                                                  |     |        | select_ln71_50              | select    | auto_sel                 | 0       |
|         fcmp_32ns_32ns_1_1_no_dsp_1_x_U1097                                        |     |        | cmp24_2_3                   | fcmp      | auto                     | 0       |
|         select_ln71_51_fu_1397_p3                                                  |     |        | select_ln71_51              | select    | auto_sel                 | 0       |
|         fcmp_32ns_32ns_1_1_no_dsp_1_x_U1098                                        |     |        | cmp24_2_4                   | fcmp      | auto                     | 0       |
|         select_ln71_52_fu_1402_p3                                                  |     |        | select_ln71_52              | select    | auto_sel                 | 0       |
|         fcmp_32ns_32ns_1_1_no_dsp_1_x_U1099                                        |     |        | cmp24_2_5                   | fcmp      | auto                     | 0       |
|         select_ln71_53_fu_1407_p3                                                  |     |        | select_ln71_53              | select    | auto_sel                 | 0       |
|         fcmp_32ns_32ns_1_1_no_dsp_1_x_U1100                                        |     |        | cmp24_2_6                   | fcmp      | auto                     | 0       |
|         select_ln71_54_fu_1412_p3                                                  |     |        | select_ln71_54              | select    | auto_sel                 | 0       |
|         fcmp_32ns_32ns_1_1_no_dsp_1_x_U1101                                        |     |        | cmp24_2_7                   | fcmp      | auto                     | 0       |
|         select_ln71_55_fu_1417_p3                                                  |     |        | select_ln71_55              | select    | auto_sel                 | 0       |
|         fcmp_32ns_32ns_1_1_no_dsp_1_x_U1094                                        |     |        | cmp24_3                     | fcmp      | auto                     | 0       |
|         select_ln71_56_fu_1454_p3                                                  |     |        | select_ln71_56              | select    | auto_sel                 | 0       |
|         fcmp_32ns_32ns_1_1_no_dsp_1_x_U1095                                        |     |        | cmp24_3_1                   | fcmp      | auto                     | 0       |
|         select_ln71_57_fu_1459_p3                                                  |     |        | select_ln71_57              | select    | auto_sel                 | 0       |
|         fcmp_32ns_32ns_1_1_no_dsp_1_x_U1096                                        |     |        | cmp24_3_2                   | fcmp      | auto                     | 0       |
|         select_ln71_58_fu_1464_p3                                                  |     |        | select_ln71_58              | select    | auto_sel                 | 0       |
|         fcmp_32ns_32ns_1_1_no_dsp_1_x_U1097                                        |     |        | cmp24_3_3                   | fcmp      | auto                     | 0       |
|         select_ln71_59_fu_1469_p3                                                  |     |        | select_ln71_59              | select    | auto_sel                 | 0       |
|         fcmp_32ns_32ns_1_1_no_dsp_1_x_U1094                                        |     |        | cmp24_4                     | fcmp      | auto                     | 0       |
|         select_ln71_60_fu_1490_p3                                                  |     |        | select_ln71_60              | select    | auto_sel                 | 0       |
|         fcmp_32ns_32ns_1_1_no_dsp_1_x_U1095                                        |     |        | cmp24_4_1                   | fcmp      | auto                     | 0       |
|         select_ln71_61_fu_1495_p3                                                  |     |        | select_ln71_61              | select    | auto_sel                 | 0       |
|         fcmp_32ns_32ns_1_1_no_dsp_1_x_U1094                                        |     |        | cmp24_5                     | fcmp      | auto                     | 0       |
|         grp_fu_357_p0                                                              |     |        | select_ln71_62              | select    | auto_sel                 | 0       |
|         fmul_32ns_32ns_32_3_primitive_dsp_1_U1093                                  | 1   |        | mul                         | fmul      | primitivedsp             | 2       |
|        + max_finder_Pipeline_mf_intake                                             | 0   |        |                             |           |                          |         |
|          i_23_fu_924_p2                                                            |     |        | i_23                        | add       | fabric                   | 0       |
|          icmp_ln59_fu_1336_p2                                                      |     |        | icmp_ln59                   | seteq     | auto                     | 0       |
|       + quant_out                                                                  | 10  |        |                             |           |                          |         |
|         frecip_32ns_32ns_32_17_full_dsp_1_U1141                                    | 8   |        | scale                       | frecip    | fulldsp                  | 16      |
|        + quant_out_Pipeline_create_q_val                                           | 2   |        |                             |           |                          |         |
|          j_2_fu_377_p2                                                             |     |        | j_2                         | add       | fabric                   | 0       |
|          fmul_32ns_32ns_32_3_primitive_dsp_1_U1129                                 | 1   |        | dc                          | fmul      | primitivedsp             | 2       |
|          icmp_ln167_fu_399_p2                                                      |     |        | icmp_ln167                  | setlt     | auto                     | 0       |
|          icmp_ln170_fu_413_p2                                                      |     |        | icmp_ln170                  | setgt     | auto                     | 0       |
|          data_2_fu_626_p2                                                          |     |        | data_2                      | add       | fabric                   | 0       |
|          xor_ln184_fu_635_p2                                                       |     |        | xor_ln184                   | xor       | auto                     | 0       |
|          xs_sig_fu_641_p2                                                          |     |        | xs_sig                      | and       | auto                     | 0       |
|          xor_ln167_fu_669_p2                                                       |     |        | xor_ln167                   | xor       | auto                     | 0       |
|          and_ln170_fu_674_p2                                                       |     |        | and_ln170                   | and       | auto                     | 0       |
|          sparsemux_7_2_32_1_1_U1131                                                |     |        | dc_1                        | sparsemux | onehotencoding_realdef   | 0       |
|          add_ln317_fu_826_p2                                                       |     |        | add_ln317                   | add       | fabric                   | 0       |
|          sub_ln18_fu_840_p2                                                        |     |        | sub_ln18                    | sub       | fabric                   | 0       |
|          select_ln18_fu_850_p3                                                     |     |        | select_ln18                 | select    | auto_sel                 | 0       |
|          lshr_ln18_fu_1125_p2                                                      |     |        | lshr_ln18                   | lshr      | auto_pipe                | 0       |
|          shl_ln18_fu_1131_p2                                                       |     |        | shl_ln18                    | shl       | auto_pipe                | 0       |
|          val_fu_1157_p3                                                            |     |        | val                         | select    | auto_sel                 | 0       |
|          sub_ln59_fu_1341_p2                                                       |     |        | sub_ln59                    | sub       | fabric                   | 0       |
|          result_1_fu_1346_p3                                                       |     |        | result_1                    | select    | auto_sel                 | 0       |
|          fmul_32ns_32ns_32_3_primitive_dsp_1_U1130                                 | 1   |        | dc_3                        | fmul      | primitivedsp             | 2       |
|          icmp_ln167_1_fu_455_p2                                                    |     |        | icmp_ln167_1                | setlt     | auto                     | 0       |
|          icmp_ln170_1_fu_469_p2                                                    |     |        | icmp_ln170_1                | setgt     | auto                     | 0       |
|          data_4_fu_720_p2                                                          |     |        | data_4                      | add       | fabric                   | 0       |
|          xor_ln184_1_fu_729_p2                                                     |     |        | xor_ln184_1                 | xor       | auto                     | 0       |
|          xs_sig_1_fu_735_p2                                                        |     |        | xs_sig_1                    | and       | auto                     | 0       |
|          xor_ln167_1_fu_763_p2                                                     |     |        | xor_ln167_1                 | xor       | auto                     | 0       |
|          and_ln170_1_fu_768_p2                                                     |     |        | and_ln170_1                 | and       | auto                     | 0       |
|          sparsemux_7_2_32_1_1_U1132                                                |     |        | dc_4                        | sparsemux | onehotencoding_realdef   | 0       |
|          add_ln317_1_fu_885_p2                                                     |     |        | add_ln317_1                 | add       | fabric                   | 0       |
|          sub_ln18_1_fu_899_p2                                                      |     |        | sub_ln18_1                  | sub       | fabric                   | 0       |
|          select_ln18_2_fu_909_p3                                                   |     |        | select_ln18_2               | select    | auto_sel                 | 0       |
|          lshr_ln18_1_fu_1184_p2                                                    |     |        | lshr_ln18_1                 | lshr      | auto_pipe                | 0       |
|          shl_ln18_1_fu_1190_p2                                                     |     |        | shl_ln18_1                  | shl       | auto_pipe                | 0       |
|          val_3_fu_1216_p3                                                          |     |        | val_3                       | select    | auto_sel                 | 0       |
|          sub_ln59_1_fu_1352_p2                                                     |     |        | sub_ln59_1                  | sub       | fabric                   | 0       |
|          result_3_fu_1357_p3                                                       |     |        | result_3                    | select    | auto_sel                 | 0       |
|          fmul_32ns_32ns_32_3_primitive_dsp_1_U1129                                 | 1   |        | dc_6                        | fmul      | primitivedsp             | 2       |
|          icmp_ln167_2_fu_511_p2                                                    |     |        | icmp_ln167_2                | setlt     | auto                     | 0       |
|          icmp_ln170_2_fu_525_p2                                                    |     |        | icmp_ln170_2                | setgt     | auto                     | 0       |
|          data_7_fu_932_p2                                                          |     |        | data_7                      | add       | fabric                   | 0       |
|          xor_ln184_2_fu_941_p2                                                     |     |        | xor_ln184_2                 | xor       | auto                     | 0       |
|          xs_sig_2_fu_947_p2                                                        |     |        | xs_sig_2                    | and       | auto                     | 0       |
|          xor_ln167_2_fu_975_p2                                                     |     |        | xor_ln167_2                 | xor       | auto                     | 0       |
|          and_ln170_2_fu_980_p2                                                     |     |        | and_ln170_2                 | and       | auto                     | 0       |
|          sparsemux_7_2_32_1_1_U1133                                                |     |        | dc_7                        | sparsemux | onehotencoding_realdef   | 0       |
|          add_ln317_2_fu_1250_p2                                                    |     |        | add_ln317_2                 | add       | fabric                   | 0       |
|          sub_ln18_2_fu_1264_p2                                                     |     |        | sub_ln18_2                  | sub       | fabric                   | 0       |
|          select_ln18_4_fu_1274_p3                                                  |     |        | select_ln18_4               | select    | auto_sel                 | 0       |
|          lshr_ln18_2_fu_1383_p2                                                    |     |        | lshr_ln18_2                 | lshr      | auto_pipe                | 0       |
|          shl_ln18_2_fu_1389_p2                                                     |     |        | shl_ln18_2                  | shl       | auto_pipe                | 0       |
|          val_4_fu_1415_p3                                                          |     |        | val_4                       | select    | auto_sel                 | 0       |
|          sub_ln59_2_fu_1519_p2                                                     |     |        | sub_ln59_2                  | sub       | fabric                   | 0       |
|          result_5_fu_1524_p3                                                       |     |        | result_5                    | select    | auto_sel                 | 0       |
|          fmul_32ns_32ns_32_3_primitive_dsp_1_U1130                                 | 1   |        | dc_9                        | fmul      | primitivedsp             | 2       |
|          icmp_ln167_3_fu_567_p2                                                    |     |        | icmp_ln167_3                | setlt     | auto                     | 0       |
|          icmp_ln170_3_fu_581_p2                                                    |     |        | icmp_ln170_3                | setgt     | auto                     | 0       |
|          data_10_fu_1026_p2                                                        |     |        | data_10                     | add       | fabric                   | 0       |
|          xor_ln184_3_fu_1035_p2                                                    |     |        | xor_ln184_3                 | xor       | auto                     | 0       |
|          xs_sig_3_fu_1041_p2                                                       |     |        | xs_sig_3                    | and       | auto                     | 0       |
|          xor_ln167_3_fu_1069_p2                                                    |     |        | xor_ln167_3                 | xor       | auto                     | 0       |
|          and_ln170_3_fu_1074_p2                                                    |     |        | and_ln170_3                 | and       | auto                     | 0       |
|          sparsemux_7_2_32_1_1_U1134                                                |     |        | dc_10                       | sparsemux | onehotencoding_realdef   | 0       |
|          add_ln317_3_fu_1309_p2                                                    |     |        | add_ln317_3                 | add       | fabric                   | 0       |
|          sub_ln18_3_fu_1323_p2                                                     |     |        | sub_ln18_3                  | sub       | fabric                   | 0       |
|          select_ln18_6_fu_1333_p3                                                  |     |        | select_ln18_6               | select    | auto_sel                 | 0       |
|          lshr_ln18_3_fu_1442_p2                                                    |     |        | lshr_ln18_3                 | lshr      | auto_pipe                | 0       |
|          shl_ln18_3_fu_1448_p2                                                     |     |        | shl_ln18_3                  | shl       | auto_pipe                | 0       |
|          val_5_fu_1474_p3                                                          |     |        | val_5                       | select    | auto_sel                 | 0       |
|          sub_ln59_3_fu_1530_p2                                                     |     |        | sub_ln59_3                  | sub       | fabric                   | 0       |
|          result_7_fu_1535_p3                                                       |     |        | result_7                    | select    | auto_sel                 | 0       |
|          icmp_ln86_fu_371_p2                                                       |     |        | icmp_ln86                   | seteq     | auto                     | 0       |
|    + mm2s_input_data_vector_float_16ul_s                                           | 2   |        |                             |           |                          |         |
|      mul_32s_22s_32_3_1_U1004                                                      | 2   | yes    | mul_ln236                   | mul       | dsp                      | 2       |
|      tot_off_fu_192_p2                                                             |     |        | tot_off                     | add       | fabric                   | 0       |
|      icmp_ln240_fu_197_p2                                                          |     |        | icmp_ln240                  | setgt     | auto                     | 0       |
|      add_ln240_fu_213_p2                                                           |     |        | add_ln240                   | add       | fabric                   | 0       |
|      empty_270_fu_229_p3                                                           |     |        | empty_270                   | select    | auto_sel                 | 0       |
|     + mm2s_input_data_vector_float_16ul_Pipeline_AXI4_to_STREAM                    | 0   |        |                             |           |                          |         |
|       add_ln240_fu_116_p2                                                          |     |        | add_ln240                   | add       | fabric                   | 0       |
|       icmp_ln240_fu_126_p2                                                         |     |        | icmp_ln240                  | setlt     | auto                     | 0       |
|    + mm2s_input_data_vector_float_16ul_9                                           | 2   |        |                             |           |                          |         |
|      mul_21s_32s_32_3_1_U1017                                                      | 2   | yes    | mul_ln236                   | mul       | dsp                      | 2       |
|      tot_off_fu_178_p2                                                             |     |        | tot_off                     | add       | fabric                   | 0       |
|      icmp_ln240_fu_183_p2                                                          |     |        | icmp_ln240                  | setgt     | auto                     | 0       |
|      add_ln240_fu_199_p2                                                           |     |        | add_ln240                   | add       | fabric                   | 0       |
|      empty_268_fu_215_p3                                                           |     |        | empty_268                   | select    | auto_sel                 | 0       |
|     + mm2s_input_data_vector_float_16ul_9_Pipeline_AXI4_to_STREAM                  | 0   |        |                             |           |                          |         |
|       add_ln240_fu_116_p2                                                          |     |        | add_ln240                   | add       | fabric                   | 0       |
|       icmp_ln240_fu_126_p2                                                         |     |        | icmp_ln240                  | setlt     | auto                     | 0       |
|    + inf_split_tee_float_2ul_4ul_s                                                 | 0   |        |                             |           |                          |         |
|     + inf_split_tee_float_2ul_4ul_Pipeline_VITIS_LOOP_110_1                        | 0   |        |                             |           |                          |         |
|       add_ln110_fu_86_p2                                                           |     |        | add_ln110                   | add       | fabric                   | 0       |
|       icmp_ln110_fu_96_p2                                                          |     |        | icmp_ln110                  | setlt     | auto                     | 0       |
|    + inf_split_tee_vector_signed_char_64ul_2_s                                     | 0   |        |                             |           |                          |         |
|     + inf_split_tee_vector_signed_char_64ul_2_Pipeline_VITIS_LOOP_95_1             | 0   |        |                             |           |                          |         |
|       add_ln95_fu_84_p2                                                            |     |        | add_ln95                    | add       | fabric                   | 0       |
|       icmp_ln95_fu_94_p2                                                           |     |        | icmp_ln95                   | setlt     | auto                     | 0       |
|    + s_GeMV_kernel                                                                 | 73  |        |                             |           |                          |         |
|     + s_GeMV_kernel_Block_newFuncRoot_proc_26                                      | 3   |        |                             |           |                          |         |
|       sub_ln230_fu_66_p2                                                           |     |        | sub_ln230                   | sub       | fabric                   | 0       |
|       sub_ln230_1_fu_92_p2                                                         |     |        | sub_ln230_1                 | sub       | fabric                   | 0       |
|       select_ln230_fu_97_p3                                                        |     |        | select_ln230                | select    | auto_sel                 | 0       |
|       mul_32s_31s_32_5_1_U1193                                                     | 3   |        | mul_ln80                    | mul       | auto                     | 4       |
|     + inf_split_tee_vector_float_4ul_2_14                                          | 0   |        |                             |           |                          |         |
|       add_ln95_fu_100_p2                                                           |     |        | add_ln95                    | add       | fabric                   | 0       |
|       icmp_ln95_fu_110_p2                                                          |     |        | icmp_ln95                   | setlt     | auto                     | 0       |
|     + inf_split_tee_vector_signed_char_64ul_2_15                                   | 0   |        |                             |           |                          |         |
|       add_ln95_fu_100_p2                                                           |     |        | add_ln95                    | add       | fabric                   | 0       |
|       icmp_ln95_fu_110_p2                                                          |     |        | icmp_ln95                   | setlt     | auto                     | 0       |
|     + inf_round_robin_vector_signed_char_64ul_2_18                                 | 2   |        |                             |           |                          |         |
|       sub_ln128_fu_133_p2                                                          |     |        | sub_ln128                   | sub       | fabric                   | 0       |
|       sub_ln128_1_fu_159_p2                                                        |     |        | sub_ln128_1                 | sub       | fabric                   | 0       |
|       vSize_fu_164_p3                                                              |     |        | vSize                       | select    | auto_sel                 | 0       |
|       empty_fu_174_p2                                                              |     |        | empty                       | setgt     | auto                     | 0       |
|       empty_369_fu_191_p3                                                          |     |        | empty_369                   | select    | auto_sel                 | 0       |
|       empty_370_fu_179_p2                                                          |     |        | empty_370                   | setgt     | auto                     | 0       |
|       smax2_fu_184_p3                                                              |     |        | smax2                       | select    | auto_sel                 | 0       |
|       mul_29ns_26ns_55_4_1_U1227                                                   | 2   |        | bound6                      | mul       | auto                     | 3       |
|      + inf_round_robin_18_Pipeline_inf_rr_loop_elem_dist_loop_elem_per_stream_loop | 0   |        |                             |           |                          |         |
|        add_ln131_fu_168_p2                                                         |     |        | add_ln131                   | add       | fabric                   | 0       |
|        icmp_ln131_fu_174_p2                                                        |     |        | icmp_ln131                  | seteq     | auto                     | 0       |
|        icmp_ln135_fu_187_p2                                                        |     |        | icmp_ln135                  | seteq     | auto                     | 0       |
|        select_ln131_fu_217_p3                                                      |     |        | select_ln131                | select    | auto_sel                 | 0       |
|        icmp_ln138_fu_224_p2                                                        |     |        | icmp_ln138                  | setlt     | auto                     | 0       |
|        select_ln131_1_fu_229_p3                                                    |     |        | select_ln131_1              | select    | auto_sel                 | 0       |
|        add_ln135_fu_235_p2                                                         |     |        | add_ln135                   | add       | fabric                   | 0       |
|        select_ln135_fu_241_p3                                                      |     |        | select_ln135                | select    | auto_sel                 | 0       |
|        icmp_ln142_fu_249_p2                                                        |     |        | icmp_ln142                  | seteq     | auto                     | 0       |
|        add_ln138_fu_257_p2                                                         |     |        | add_ln138                   | add       | fabric                   | 0       |
|        select_ln138_fu_263_p3                                                      |     |        | select_ln138                | select    | auto_sel                 | 0       |
|        select_ln138_1_fu_270_p3                                                    |     |        | select_ln138_1              | select    | auto_sel                 | 0       |
|        add_ln135_1_fu_192_p2                                                       |     |        | add_ln135_1                 | add       | fabric                   | 0       |
|        select_ln135_1_fu_198_p3                                                    |     |        | select_ln135_1              | select    | auto_sel                 | 0       |
|     + vec_down_converter_float_4ul_16ul_16                                         | 0   |        |                             |           |                          |         |
|       add_ln177_fu_315_p2                                                          |     |        | add_ln177                   | add       | fabric                   | 0       |
|       icmp_ln177_fu_325_p2                                                         |     |        | icmp_ln177                  | setlt     | auto                     | 0       |
|       icmp_ln180_fu_335_p2                                                         |     |        | icmp_ln180                  | seteq     | auto                     | 0       |
|     + inf_round_robin_vector_float_4ul_2_17                                        | 2   |        |                             |           |                          |         |
|       sub_ln128_fu_133_p2                                                          |     |        | sub_ln128                   | sub       | fabric                   | 0       |
|       sub_ln128_3_fu_159_p2                                                        |     |        | sub_ln128_3                 | sub       | fabric                   | 0       |
|       vSize_fu_164_p3                                                              |     |        | vSize                       | select    | auto_sel                 | 0       |
|       empty_fu_174_p2                                                              |     |        | empty                       | setgt     | auto                     | 0       |
|       empty_373_fu_191_p3                                                          |     |        | empty_373                   | select    | auto_sel                 | 0       |
|       empty_374_fu_179_p2                                                          |     |        | empty_374                   | setgt     | auto                     | 0       |
|       smax2_fu_184_p3                                                              |     |        | smax2                       | select    | auto_sel                 | 0       |
|       mul_29ns_24ns_53_4_1_U1214                                                   | 2   |        | bound6                      | mul       | auto                     | 3       |
|      + inf_round_robin_17_Pipeline_inf_rr_loop_elem_dist_loop_elem_per_stream_loop | 0   |        |                             |           |                          |         |
|        add_ln131_fu_168_p2                                                         |     |        | add_ln131                   | add       | fabric                   | 0       |
|        icmp_ln131_fu_174_p2                                                        |     |        | icmp_ln131                  | seteq     | auto                     | 0       |
|        icmp_ln135_fu_187_p2                                                        |     |        | icmp_ln135                  | seteq     | auto                     | 0       |
|        select_ln131_fu_217_p3                                                      |     |        | select_ln131                | select    | auto_sel                 | 0       |
|        icmp_ln138_fu_224_p2                                                        |     |        | icmp_ln138                  | setlt     | auto                     | 0       |
|        select_ln131_3_fu_229_p3                                                    |     |        | select_ln131_3              | select    | auto_sel                 | 0       |
|        add_ln135_fu_235_p2                                                         |     |        | add_ln135                   | add       | fabric                   | 0       |
|        select_ln135_fu_241_p3                                                      |     |        | select_ln135                | select    | auto_sel                 | 0       |
|        icmp_ln142_fu_249_p2                                                        |     |        | icmp_ln142                  | seteq     | auto                     | 0       |
|        add_ln138_fu_257_p2                                                         |     |        | add_ln138                   | add       | fabric                   | 0       |
|        select_ln138_fu_263_p3                                                      |     |        | select_ln138                | select    | auto_sel                 | 0       |
|        select_ln138_3_fu_270_p3                                                    |     |        | select_ln138_3              | select    | auto_sel                 | 0       |
|        add_ln135_3_fu_192_p2                                                       |     |        | add_ln135_3                 | add       | fabric                   | 0       |
|        select_ln135_3_fu_198_p3                                                    |     |        | select_ln135_3              | select    | auto_sel                 | 0       |
|     + alt_mat_mult_main_19                                                         | 33  |        |                             |           |                          |         |
|       sub_ln116_fu_1848_p2                                                         |     |        | sub_ln116                   | sub       | fabric                   | 0       |
|       sub_ln116_2_fu_1874_p2                                                       |     |        | sub_ln116_2                 | sub       | fabric                   | 0       |
|       select_ln116_fu_1879_p3                                                      |     |        | select_ln116                | select    | auto_sel                 | 0       |
|       i_fu_1913_p2                                                                 |     |        | i                           | add       | fabric                   | 0       |
|       icmp_ln33_fu_1919_p2                                                         |     |        | icmp_ln33                   | seteq     | auto                     | 0       |
|       add_ln37_fu_1924_p2                                                          |     |        | add_ln37                    | add       | fabric                   | 0       |
|       icmp_ln37_fu_1930_p2                                                         |     |        | icmp_ln37                   | seteq     | auto                     | 0       |
|       icmp_ln44_fu_1935_p2                                                         |     |        | icmp_ln44                   | seteq     | auto                     | 0       |
|       select_ln37_fu_1941_p3                                                       |     |        | select_ln37                 | select    | auto_sel                 | 0       |
|       add_ln37_2_fu_1949_p2                                                        |     |        | add_ln37_2                  | add       | fabric                   | 0       |
|       select_ln37_3_fu_1955_p3                                                     |     |        | select_ln37_3               | select    | auto_sel                 | 0       |
|       first_iter_0_fu_1963_p2                                                      |     |        | first_iter_0                | seteq     | auto                     | 0       |
|       lshr_ln48_fu_4402_p2                                                         |     |        | lshr_ln48                   | lshr      | auto_pipe                | 0       |
|       lshr_ln48_2_fu_4352_p2                                                       |     |        | lshr_ln48_2                 | lshr      | auto_pipe                | 0       |
|       add_ln59_fu_1992_p2                                                          |     |        | add_ln59                    | add       | fabric                   | 0       |
|       mac_muladd_8s_8s_21s_22_4_1_U1360                                            | 1   |        | mul_ln63                    | mul       | dsp_slice                | 3       |
|       mac_muladd_8s_8s_21s_22_4_1_U1360                                            | 1   |        | sext_ln63_324               | sext      | dsp_slice                | 3       |
|       dsp_dotpra3add_8s_8s_8s_8s_8s_8s_17s_18_4_1_U1357                            | 1   |        | mul_ln63_64                 | mul       | dsp58_dp                 | 3       |
|       dsp_dotpra3add_8s_8s_8s_8s_8s_8s_17s_18_4_1_U1357                            | 1   |        | sext_ln63_325               | sext      | dsp58_dp                 | 3       |
|       dsp_dotpra3add_8s_8s_8s_8s_8s_8s_17s_18_4_1_U1357                            | 1   |        | mul_ln63_65                 | mul       | dsp58_dp                 | 3       |
|       dsp_dotpra3add_8s_8s_8s_8s_8s_8s_17s_18_4_1_U1357                            | 1   |        | sext_ln63_326               | sext      | dsp58_dp                 | 3       |
|       dsp_dotpra3add_8s_8s_8s_8s_8s_8s_17s_18_4_1_U1357                            | 1   |        | mul_ln63_66                 | mul       | dsp58_dp                 | 3       |
|       dsp_dotpra3add_8s_8s_8s_8s_8s_8s_17s_18_4_1_U1357                            | 1   |        | sext_ln63_327               | sext      | dsp58_dp                 | 3       |
|       mac_muladd_8s_8s_16s_17_4_1_U1339                                            | 1   |        | mul_ln63_67                 | mul       | dsp_slice                | 3       |
|       mac_muladd_8s_8s_16s_17_4_1_U1339                                            | 1   |        | sext_ln63_328               | sext      | dsp_slice                | 3       |
|       mul_8s_8s_16_1_1_U1312                                                       |     |        | mul_ln63_68                 | mul       | auto                     | 0       |
|       mac_muladd_8s_8s_16s_17_4_1_U1345                                            | 1   |        | mul_ln63_69                 | mul       | dsp_slice                | 3       |
|       mac_muladd_8s_8s_16s_17_4_1_U1345                                            | 1   |        | sext_ln63_330               | sext      | dsp_slice                | 3       |
|       mul_8s_8s_16_1_1_U1316                                                       |     |        | mul_ln63_70                 | mul       | auto                     | 0       |
|       mac_muladd_8s_8s_16s_17_4_1_U1346                                            | 1   |        | mul_ln63_71                 | mul       | dsp_slice                | 3       |
|       mac_muladd_8s_8s_16s_17_4_1_U1346                                            | 1   |        | sext_ln63_332               | sext      | dsp_slice                | 3       |
|       mul_8s_8s_16_1_1_U1317                                                       |     |        | mul_ln63_72                 | mul       | auto                     | 0       |
|       mac_muladd_8s_8s_16s_17_4_1_U1347                                            | 1   |        | mul_ln63_73                 | mul       | dsp_slice                | 3       |
|       mac_muladd_8s_8s_16s_17_4_1_U1347                                            | 1   |        | sext_ln63_334               | sext      | dsp_slice                | 3       |
|       mul_8s_8s_16_1_1_U1318                                                       |     |        | mul_ln63_74                 | mul       | auto                     | 0       |
|       mac_muladd_8s_8s_16s_17_4_1_U1348                                            | 1   |        | mul_ln63_75                 | mul       | dsp_slice                | 3       |
|       mac_muladd_8s_8s_16s_17_4_1_U1348                                            | 1   |        | sext_ln63_336               | sext      | dsp_slice                | 3       |
|       mul_8s_8s_16_1_1_U1319                                                       |     |        | mul_ln63_76                 | mul       | auto                     | 0       |
|       mac_muladd_8s_8s_16s_17_4_1_U1349                                            | 1   |        | mul_ln63_77                 | mul       | dsp_slice                | 3       |
|       mac_muladd_8s_8s_16s_17_4_1_U1349                                            | 1   |        | sext_ln63_338               | sext      | dsp_slice                | 3       |
|       mul_8s_8s_16_1_1_U1320                                                       |     |        | mul_ln63_78                 | mul       | auto                     | 0       |
|       mac_muladd_8s_8s_16s_17_4_1_U1350                                            | 1   |        | mul_ln63_79                 | mul       | dsp_slice                | 3       |
|       mac_muladd_8s_8s_16s_17_4_1_U1350                                            | 1   |        | sext_ln63_340               | sext      | dsp_slice                | 3       |
|       mul_8s_8s_16_1_1_U1321                                                       |     |        | mul_ln63_80                 | mul       | auto                     | 0       |
|       mac_muladd_8s_8s_16s_17_4_1_U1351                                            | 1   |        | mul_ln63_81                 | mul       | dsp_slice                | 3       |
|       mac_muladd_8s_8s_16s_17_4_1_U1351                                            | 1   |        | sext_ln63_342               | sext      | dsp_slice                | 3       |
|       mul_8s_8s_16_1_1_U1322                                                       |     |        | mul_ln63_82                 | mul       | auto                     | 0       |
|       mac_muladd_8s_8s_16s_17_4_1_U1352                                            | 1   |        | mul_ln63_83                 | mul       | dsp_slice                | 3       |
|       mac_muladd_8s_8s_16s_17_4_1_U1352                                            | 1   |        | sext_ln63_344               | sext      | dsp_slice                | 3       |
|       mul_8s_8s_16_1_1_U1323                                                       |     |        | mul_ln63_84                 | mul       | auto                     | 0       |
|       mac_muladd_8s_8s_16s_17_4_1_U1353                                            | 1   |        | mul_ln63_85                 | mul       | dsp_slice                | 3       |
|       mac_muladd_8s_8s_16s_17_4_1_U1353                                            | 1   |        | sext_ln63_346               | sext      | dsp_slice                | 3       |
|       mul_8s_8s_16_1_1_U1324                                                       |     |        | mul_ln63_86                 | mul       | auto                     | 0       |
|       mac_muladd_8s_8s_16s_17_4_1_U1354                                            | 1   |        | mul_ln63_87                 | mul       | dsp_slice                | 3       |
|       mac_muladd_8s_8s_16s_17_4_1_U1354                                            | 1   |        | sext_ln63_348               | sext      | dsp_slice                | 3       |
|       mul_8s_8s_16_1_1_U1325                                                       |     |        | mul_ln63_88                 | mul       | auto                     | 0       |
|       mac_muladd_8s_8s_16s_17_4_1_U1355                                            | 1   |        | mul_ln63_89                 | mul       | dsp_slice                | 3       |
|       mac_muladd_8s_8s_16s_17_4_1_U1355                                            | 1   |        | sext_ln63_350               | sext      | dsp_slice                | 3       |
|       mul_8s_8s_16_1_1_U1326                                                       |     |        | mul_ln63_90                 | mul       | auto                     | 0       |
|       mac_muladd_8s_8s_16s_17_4_1_U1356                                            | 1   |        | mul_ln63_91                 | mul       | dsp_slice                | 3       |
|       mac_muladd_8s_8s_16s_17_4_1_U1356                                            | 1   |        | sext_ln63_352               | sext      | dsp_slice                | 3       |
|       mul_8s_8s_16_1_1_U1327                                                       |     |        | mul_ln63_92                 | mul       | auto                     | 0       |
|       mac_muladd_8s_8s_16s_17_4_1_U1358                                            | 1   |        | mul_ln63_93                 | mul       | dsp_slice                | 3       |
|       mac_muladd_8s_8s_16s_17_4_1_U1358                                            | 1   |        | sext_ln63_354               | sext      | dsp_slice                | 3       |
|       mul_8s_8s_16_1_1_U1328                                                       |     |        | mul_ln63_94                 | mul       | auto                     | 0       |
|       mac_muladd_8s_8s_20s_21_4_1_U1359                                            | 1   |        | mul_ln63_95                 | mul       | dsp_slice                | 3       |
|       mac_muladd_8s_8s_20s_21_4_1_U1359                                            | 1   |        | sext_ln63_356               | sext      | dsp_slice                | 3       |
|       dsp_dotpra3add_8s_8s_8s_8s_8s_8s_17s_18_4_1_U1340                            | 1   |        | mul_ln63_96                 | mul       | dsp58_dp                 | 3       |
|       dsp_dotpra3add_8s_8s_8s_8s_8s_8s_17s_18_4_1_U1340                            | 1   |        | sext_ln63_357               | sext      | dsp58_dp                 | 3       |
|       dsp_dotpra3add_8s_8s_8s_8s_8s_8s_17s_18_4_1_U1340                            | 1   |        | mul_ln63_97                 | mul       | dsp58_dp                 | 3       |
|       dsp_dotpra3add_8s_8s_8s_8s_8s_8s_17s_18_4_1_U1340                            | 1   |        | sext_ln63_358               | sext      | dsp58_dp                 | 3       |
|       dsp_dotpra3add_8s_8s_8s_8s_8s_8s_17s_18_4_1_U1340                            | 1   |        | mul_ln63_98                 | mul       | dsp58_dp                 | 3       |
|       dsp_dotpra3add_8s_8s_8s_8s_8s_8s_17s_18_4_1_U1340                            | 1   |        | sext_ln63_359               | sext      | dsp58_dp                 | 3       |
|       mac_muladd_8s_8s_16s_17_4_1_U1333                                            | 1   |        | mul_ln63_99                 | mul       | dsp_slice                | 3       |
|       mac_muladd_8s_8s_16s_17_4_1_U1333                                            | 1   |        | sext_ln63_360               | sext      | dsp_slice                | 3       |
|       mul_8s_8s_16_1_1_U1308                                                       |     |        | mul_ln63_100                | mul       | auto                     | 0       |
|       mac_muladd_8s_8s_16s_17_4_1_U1336                                            | 1   |        | mul_ln63_101                | mul       | dsp_slice                | 3       |
|       mac_muladd_8s_8s_16s_17_4_1_U1336                                            | 1   |        | sext_ln63_362               | sext      | dsp_slice                | 3       |
|       mul_8s_8s_16_1_1_U1310                                                       |     |        | mul_ln63_102                | mul       | auto                     | 0       |
|       mac_muladd_8s_8s_16s_17_4_1_U1337                                            | 1   |        | mul_ln63_103                | mul       | dsp_slice                | 3       |
|       mac_muladd_8s_8s_16s_17_4_1_U1337                                            | 1   |        | sext_ln63_364               | sext      | dsp_slice                | 3       |
|       mul_8s_8s_16_1_1_U1311                                                       |     |        | mul_ln63_104                | mul       | auto                     | 0       |
|       mac_muladd_8s_8s_16s_17_4_1_U1341                                            | 1   |        | mul_ln63_105                | mul       | dsp_slice                | 3       |
|       mac_muladd_8s_8s_16s_17_4_1_U1341                                            | 1   |        | sext_ln63_366               | sext      | dsp_slice                | 3       |
|       mul_8s_8s_16_1_1_U1313                                                       |     |        | mul_ln63_106                | mul       | auto                     | 0       |
|       mac_muladd_8s_8s_16s_17_4_1_U1342                                            | 1   |        | mul_ln63_107                | mul       | dsp_slice                | 3       |
|       mac_muladd_8s_8s_16s_17_4_1_U1342                                            | 1   |        | sext_ln63_368               | sext      | dsp_slice                | 3       |
|       mul_8s_8s_16_1_1_U1314                                                       |     |        | mul_ln63_108                | mul       | auto                     | 0       |
|       mac_muladd_8s_8s_16s_17_4_1_U1343                                            | 1   |        | mul_ln63_109                | mul       | dsp_slice                | 3       |
|       mac_muladd_8s_8s_16s_17_4_1_U1343                                            | 1   |        | sext_ln63_370               | sext      | dsp_slice                | 3       |
|       mul_8s_8s_16_1_1_U1315                                                       |     |        | mul_ln63_110                | mul       | auto                     | 0       |
|       mac_muladd_8s_8s_19s_20_4_1_U1344                                            | 1   |        | mul_ln63_111                | mul       | dsp_slice                | 3       |
|       mac_muladd_8s_8s_19s_20_4_1_U1344                                            | 1   |        | sext_ln63_372               | sext      | dsp_slice                | 3       |
|       dsp_dotpra3add_8s_8s_8s_8s_8s_8s_17s_18_4_1_U1338                            | 1   |        | mul_ln63_112                | mul       | dsp58_dp                 | 3       |
|       dsp_dotpra3add_8s_8s_8s_8s_8s_8s_17s_18_4_1_U1338                            | 1   |        | sext_ln63_373               | sext      | dsp58_dp                 | 3       |
|       dsp_dotpra3add_8s_8s_8s_8s_8s_8s_17s_18_4_1_U1338                            | 1   |        | mul_ln63_113                | mul       | dsp58_dp                 | 3       |
|       dsp_dotpra3add_8s_8s_8s_8s_8s_8s_17s_18_4_1_U1338                            | 1   |        | sext_ln63_374               | sext      | dsp58_dp                 | 3       |
|       dsp_dotpra3add_8s_8s_8s_8s_8s_8s_17s_18_4_1_U1338                            | 1   |        | mul_ln63_114                | mul       | dsp58_dp                 | 3       |
|       dsp_dotpra3add_8s_8s_8s_8s_8s_8s_17s_18_4_1_U1338                            | 1   |        | sext_ln63_375               | sext      | dsp58_dp                 | 3       |
|       mac_muladd_8s_8s_16s_17_4_1_U1331                                            | 1   |        | mul_ln63_115                | mul       | dsp_slice                | 3       |
|       mac_muladd_8s_8s_16s_17_4_1_U1331                                            | 1   |        | sext_ln63_376               | sext      | dsp_slice                | 3       |
|       mul_8s_8s_16_1_1_U1307                                                       |     |        | mul_ln63_116                | mul       | auto                     | 0       |
|       mac_muladd_8s_8s_16s_17_4_1_U1334                                            | 1   |        | mul_ln63_117                | mul       | dsp_slice                | 3       |
|       mac_muladd_8s_8s_16s_17_4_1_U1334                                            | 1   |        | sext_ln63_378               | sext      | dsp_slice                | 3       |
|       mul_8s_8s_16_1_1_U1309                                                       |     |        | mul_ln63_118                | mul       | auto                     | 0       |
|       mac_muladd_8s_8s_18s_19_4_1_U1335                                            | 1   |        | mul_ln63_119                | mul       | dsp_slice                | 3       |
|       mac_muladd_8s_8s_18s_19_4_1_U1335                                            | 1   |        | sext_ln63_380               | sext      | dsp_slice                | 3       |
|       dsp_dotpra3add_8s_8s_8s_8s_8s_8s_18s_18_4_1_U1332                            | 1   |        | mul_ln63_120                | mul       | dsp58_dp                 | 3       |
|       dsp_dotpra3add_8s_8s_8s_8s_8s_8s_18s_18_4_1_U1332                            | 1   |        | sext_ln63_381               | sext      | dsp58_dp                 | 3       |
|       dsp_dotpra3add_8s_8s_8s_8s_8s_8s_18s_18_4_1_U1332                            | 1   |        | mul_ln63_121                | mul       | dsp58_dp                 | 3       |
|       dsp_dotpra3add_8s_8s_8s_8s_8s_8s_18s_18_4_1_U1332                            | 1   |        | sext_ln63_382               | sext      | dsp58_dp                 | 3       |
|       dsp_dotpra3add_8s_8s_8s_8s_8s_8s_18s_18_4_1_U1332                            | 1   |        | mul_ln63_122                | mul       | dsp58_dp                 | 3       |
|       dsp_dotpra3add_8s_8s_8s_8s_8s_8s_18s_18_4_1_U1332                            | 1   |        | sext_ln63_383               | sext      | dsp58_dp                 | 3       |
|       mul_8s_8s_16_1_1_U1306                                                       |     |        | mul_ln63_123                | mul       | auto                     | 0       |
|       dsp_dotpra3add_8s_8s_8s_8s_8s_8s_16s_18_4_1_U1330                            | 1   |        | mul_ln63_124                | mul       | dsp58_dp                 | 3       |
|       dsp_dotpra3add_8s_8s_8s_8s_8s_8s_16s_18_4_1_U1330                            | 1   |        | sext_ln63_385               | sext      | dsp58_dp                 | 3       |
|       dsp_dotpra3add_8s_8s_8s_8s_8s_8s_16s_18_4_1_U1330                            | 1   |        | mul_ln63_125                | mul       | dsp58_dp                 | 3       |
|       dsp_dotpra3add_8s_8s_8s_8s_8s_8s_16s_18_4_1_U1330                            | 1   |        | sext_ln63_386               | sext      | dsp58_dp                 | 3       |
|       dsp_dotpra3add_8s_8s_8s_8s_8s_8s_16s_18_4_1_U1330                            | 1   |        | mul_ln63_126                | mul       | dsp58_dp                 | 3       |
|       dsp_dotpra3add_8s_8s_8s_8s_8s_8s_16s_18_4_1_U1330                            | 1   |        | sext_ln63_387               | sext      | dsp58_dp                 | 3       |
|       dsp_dotpra3add_8s_8s_8s_8s_8s_8s_16s_18_4_1_U1330                            | 1   |        | add_ln63                    | add       | dsp58_dp                 | 3       |
|       dsp_dotpra3add_8s_8s_8s_8s_8s_8s_16s_18_4_1_U1330                            | 1   |        | add_ln63_63                 | add       | dsp58_dp                 | 3       |
|       dsp_dotpra3add_8s_8s_8s_8s_8s_8s_16s_18_4_1_U1330                            | 1   |        | sext_ln63_388               | sext      | dsp58_dp                 | 3       |
|       dsp_dotpra3add_8s_8s_8s_8s_8s_8s_16s_18_4_1_U1330                            | 1   |        | add_ln63_64                 | add       | dsp58_dp                 | 3       |
|       dsp_dotpra3add_8s_8s_8s_8s_8s_8s_18s_18_4_1_U1332                            | 1   |        | add_ln63_65                 | add       | dsp58_dp                 | 3       |
|       dsp_dotpra3add_8s_8s_8s_8s_8s_8s_18s_18_4_1_U1332                            | 1   |        | add_ln63_66                 | add       | dsp58_dp                 | 3       |
|       dsp_dotpra3add_8s_8s_8s_8s_8s_8s_18s_18_4_1_U1332                            | 1   |        | sext_ln63_393               | sext      | dsp58_dp                 | 3       |
|       dsp_dotpra3add_8s_8s_8s_8s_8s_8s_18s_18_4_1_U1332                            | 1   |        | add_ln63_67                 | add       | dsp58_dp                 | 3       |
|       mac_muladd_8s_8s_18s_19_4_1_U1335                                            | 1   |        | add_ln63_68                 | add       | dsp_slice                | 3       |
|       mac_muladd_8s_8s_16s_17_4_1_U1334                                            | 1   |        | add_ln63_69                 | add       | dsp_slice                | 3       |
|       mac_muladd_8s_8s_16s_17_4_1_U1331                                            | 1   |        | add_ln63_71                 | add       | dsp_slice                | 3       |
|       dsp_dotpra3add_8s_8s_8s_8s_8s_8s_17s_18_4_1_U1338                            | 1   |        | add_ln63_72                 | add       | dsp58_dp                 | 3       |
|       dsp_dotpra3add_8s_8s_8s_8s_8s_8s_17s_18_4_1_U1338                            | 1   |        | add_ln63_73                 | add       | dsp58_dp                 | 3       |
|       dsp_dotpra3add_8s_8s_8s_8s_8s_8s_17s_18_4_1_U1338                            | 1   |        | sext_ln63_396               | sext      | dsp58_dp                 | 3       |
|       dsp_dotpra3add_8s_8s_8s_8s_8s_8s_17s_18_4_1_U1338                            | 1   |        | add_ln63_74                 | add       | dsp58_dp                 | 3       |
|       mac_muladd_8s_8s_19s_20_4_1_U1344                                            | 1   |        | add_ln63_76                 | add       | dsp_slice                | 3       |
|       mac_muladd_8s_8s_16s_17_4_1_U1343                                            | 1   |        | add_ln63_77                 | add       | dsp_slice                | 3       |
|       add_ln63_78_fu_4077_p2                                                       |     |        | add_ln63_78                 | add       | fabric                   | 0       |
|       mac_muladd_8s_8s_16s_17_4_1_U1342                                            | 1   |        | add_ln63_79                 | add       | dsp_slice                | 3       |
|       mac_muladd_8s_8s_16s_17_4_1_U1341                                            | 1   |        | add_ln63_80                 | add       | dsp_slice                | 3       |
|       add_ln63_81_fu_4088_p2                                                       |     |        | add_ln63_81                 | add       | fabric                   | 0       |
|       mac_muladd_8s_8s_16s_17_4_1_U1337                                            | 1   |        | add_ln63_83                 | add       | dsp_slice                | 3       |
|       mac_muladd_8s_8s_16s_17_4_1_U1336                                            | 1   |        | add_ln63_84                 | add       | dsp_slice                | 3       |
|       add_ln63_85_fu_4008_p2                                                       |     |        | add_ln63_85                 | add       | fabric                   | 0       |
|       mac_muladd_8s_8s_16s_17_4_1_U1333                                            | 1   |        | add_ln63_86                 | add       | dsp_slice                | 3       |
|       dsp_dotpra3add_8s_8s_8s_8s_8s_8s_17s_18_4_1_U1340                            | 1   |        | add_ln63_87                 | add       | dsp58_dp                 | 3       |
|       dsp_dotpra3add_8s_8s_8s_8s_8s_8s_17s_18_4_1_U1340                            | 1   |        | add_ln63_88                 | add       | dsp58_dp                 | 3       |
|       dsp_dotpra3add_8s_8s_8s_8s_8s_8s_17s_18_4_1_U1340                            | 1   |        | sext_ln63_406               | sext      | dsp58_dp                 | 3       |
|       dsp_dotpra3add_8s_8s_8s_8s_8s_8s_17s_18_4_1_U1340                            | 1   |        | add_ln63_89                 | add       | dsp58_dp                 | 3       |
|       add_ln63_90_fu_4100_p2                                                       |     |        | add_ln63_90                 | add       | fabric                   | 0       |
|       mac_muladd_8s_8s_20s_21_4_1_U1359                                            | 1   |        | add_ln63_92                 | add       | dsp_slice                | 3       |
|       mac_muladd_8s_8s_16s_17_4_1_U1358                                            | 1   |        | add_ln63_93                 | add       | dsp_slice                | 3       |
|       mac_muladd_8s_8s_16s_17_4_1_U1356                                            | 1   |        | add_ln63_95                 | add       | dsp_slice                | 3       |
|       mac_muladd_8s_8s_16s_17_4_1_U1355                                            | 1   |        | add_ln63_96                 | add       | dsp_slice                | 3       |
|       add_ln63_97_fu_4154_p2                                                       |     |        | add_ln63_97                 | add       | fabric                   | 0       |
|       mac_muladd_8s_8s_16s_17_4_1_U1354                                            | 1   |        | add_ln63_99                 | add       | dsp_slice                | 3       |
|       mac_muladd_8s_8s_16s_17_4_1_U1353                                            | 1   |        | add_ln63_100                | add       | dsp_slice                | 3       |
|       add_ln63_101_fu_4166_p2                                                      |     |        | add_ln63_101                | add       | fabric                   | 0       |
|       mac_muladd_8s_8s_16s_17_4_1_U1352                                            | 1   |        | add_ln63_102                | add       | dsp_slice                | 3       |
|       mac_muladd_8s_8s_16s_17_4_1_U1351                                            | 1   |        | add_ln63_103                | add       | dsp_slice                | 3       |
|       add_ln63_104_fu_4178_p2                                                      |     |        | add_ln63_104                | add       | fabric                   | 0       |
|       add_ln63_105_fu_4243_p2                                                      |     |        | add_ln63_105                | add       | fabric                   | 0       |
|       mac_muladd_8s_8s_16s_17_4_1_U1350                                            | 1   |        | add_ln63_107                | add       | dsp_slice                | 3       |
|       mac_muladd_8s_8s_16s_17_4_1_U1349                                            | 1   |        | add_ln63_108                | add       | dsp_slice                | 3       |
|       add_ln63_109_fu_4190_p2                                                      |     |        | add_ln63_109                | add       | fabric                   | 0       |
|       mac_muladd_8s_8s_16s_17_4_1_U1348                                            | 1   |        | add_ln63_110                | add       | dsp_slice                | 3       |
|       mac_muladd_8s_8s_16s_17_4_1_U1347                                            | 1   |        | add_ln63_111                | add       | dsp_slice                | 3       |
|       add_ln63_112_fu_4202_p2                                                      |     |        | add_ln63_112                | add       | fabric                   | 0       |
|       add_ln63_113_fu_4255_p2                                                      |     |        | add_ln63_113                | add       | fabric                   | 0       |
|       mac_muladd_8s_8s_16s_17_4_1_U1346                                            | 1   |        | add_ln63_114                | add       | dsp_slice                | 3       |
|       mac_muladd_8s_8s_16s_17_4_1_U1345                                            | 1   |        | add_ln63_115                | add       | dsp_slice                | 3       |
|       add_ln63_116_fu_4214_p2                                                      |     |        | add_ln63_116                | add       | fabric                   | 0       |
|       mac_muladd_8s_8s_16s_17_4_1_U1339                                            | 1   |        | add_ln63_117                | add       | dsp_slice                | 3       |
|       dsp_dotpra3add_8s_8s_8s_8s_8s_8s_17s_18_4_1_U1357                            | 1   |        | add_ln63_118                | add       | dsp58_dp                 | 3       |
|       dsp_dotpra3add_8s_8s_8s_8s_8s_8s_17s_18_4_1_U1357                            | 1   |        | add_ln63_119                | add       | dsp58_dp                 | 3       |
|       dsp_dotpra3add_8s_8s_8s_8s_8s_8s_17s_18_4_1_U1357                            | 1   |        | sext_ln63_431               | sext      | dsp58_dp                 | 3       |
|       dsp_dotpra3add_8s_8s_8s_8s_8s_8s_17s_18_4_1_U1357                            | 1   |        | add_ln63_120                | add       | dsp58_dp                 | 3       |
|       add_ln63_121_fu_4271_p2                                                      |     |        | add_ln63_121                | add       | fabric                   | 0       |
|       add_ln63_122_fu_4281_p2                                                      |     |        | add_ln63_122                | add       | fabric                   | 0       |
|       mac_muladd_8s_8s_21s_22_4_1_U1360                                            | 1   |        | prod                        | add       | dsp_slice                | 3       |
|       sitofp_32s_32_5_no_dsp_1_U1305                                               |     |        | conv51_i_i                  | sitofp    | auto                     | 4       |
|       fmul_32ns_32ns_32_3_primitive_dsp_1_U1304                                    | 1   |        | tmp63                       | fmul      | primitivedsp             | 2       |
|       icmp_ln65_fu_2022_p2                                                         |     |        | icmp_ln65                   | seteq     | auto                     | 0       |
|       fmacc_32ns_32ns_32ns_1ns_32_4_primitive_dsp_1_U1329                          | 1   |        | sum_out_2                   | fmacc     | primitivedsp             | 3       |
|       k_fu_1969_p2                                                                 |     |        | k                           | add       | fabric                   | 0       |
|      + alt_mat_mult_main_19_Pipeline_amm_tok_sf                                    | 0   |        |                             |           |                          |         |
|        i_32_fu_3869_p2                                                             |     |        | i_32                        | add       | fabric                   | 0       |
|        icmp_ln23_fu_3879_p2                                                        |     |        | icmp_ln23                   | seteq     | auto                     | 0       |
|     + alt_mat_mult_main_20                                                         | 33  |        |                             |           |                          |         |
|       sub_ln116_fu_1848_p2                                                         |     |        | sub_ln116                   | sub       | fabric                   | 0       |
|       sub_ln116_1_fu_1874_p2                                                       |     |        | sub_ln116_1                 | sub       | fabric                   | 0       |
|       select_ln116_fu_1879_p3                                                      |     |        | select_ln116                | select    | auto_sel                 | 0       |
|       i_fu_1913_p2                                                                 |     |        | i                           | add       | fabric                   | 0       |
|       icmp_ln33_fu_1919_p2                                                         |     |        | icmp_ln33                   | seteq     | auto                     | 0       |
|       add_ln37_fu_1924_p2                                                          |     |        | add_ln37                    | add       | fabric                   | 0       |
|       icmp_ln37_fu_1930_p2                                                         |     |        | icmp_ln37                   | seteq     | auto                     | 0       |
|       icmp_ln44_fu_1935_p2                                                         |     |        | icmp_ln44                   | seteq     | auto                     | 0       |
|       select_ln37_fu_1941_p3                                                       |     |        | select_ln37                 | select    | auto_sel                 | 0       |
|       add_ln37_1_fu_1949_p2                                                        |     |        | add_ln37_1                  | add       | fabric                   | 0       |
|       select_ln37_2_fu_1955_p3                                                     |     |        | select_ln37_2               | select    | auto_sel                 | 0       |
|       first_iter_0_fu_1963_p2                                                      |     |        | first_iter_0                | seteq     | auto                     | 0       |
|       lshr_ln48_fu_4402_p2                                                         |     |        | lshr_ln48                   | lshr      | auto_pipe                | 0       |
|       lshr_ln48_1_fu_4352_p2                                                       |     |        | lshr_ln48_1                 | lshr      | auto_pipe                | 0       |
|       add_ln59_fu_1992_p2                                                          |     |        | add_ln59                    | add       | fabric                   | 0       |
|       mac_muladd_8s_8s_21s_22_4_1_U1506                                            | 1   |        | mul_ln63                    | mul       | dsp_slice                | 3       |
|       mac_muladd_8s_8s_21s_22_4_1_U1506                                            | 1   |        | sext_ln63_128               | sext      | dsp_slice                | 3       |
|       dsp_dotpra3add_8s_8s_8s_8s_8s_8s_17s_18_4_1_U1503                            | 1   |        | mul_ln63_1                  | mul       | dsp58_dp                 | 3       |
|       dsp_dotpra3add_8s_8s_8s_8s_8s_8s_17s_18_4_1_U1503                            | 1   |        | sext_ln63_129               | sext      | dsp58_dp                 | 3       |
|       dsp_dotpra3add_8s_8s_8s_8s_8s_8s_17s_18_4_1_U1503                            | 1   |        | mul_ln63_2                  | mul       | dsp58_dp                 | 3       |
|       dsp_dotpra3add_8s_8s_8s_8s_8s_8s_17s_18_4_1_U1503                            | 1   |        | sext_ln63_130               | sext      | dsp58_dp                 | 3       |
|       dsp_dotpra3add_8s_8s_8s_8s_8s_8s_17s_18_4_1_U1503                            | 1   |        | mul_ln63_3                  | mul       | dsp58_dp                 | 3       |
|       dsp_dotpra3add_8s_8s_8s_8s_8s_8s_17s_18_4_1_U1503                            | 1   |        | sext_ln63_131               | sext      | dsp58_dp                 | 3       |
|       mac_muladd_8s_8s_16s_17_4_1_U1485                                            | 1   |        | mul_ln63_4                  | mul       | dsp_slice                | 3       |
|       mac_muladd_8s_8s_16s_17_4_1_U1485                                            | 1   |        | sext_ln63_132               | sext      | dsp_slice                | 3       |
|       mul_8s_8s_16_1_1_U1458                                                       |     |        | mul_ln63_5                  | mul       | auto                     | 0       |
|       mac_muladd_8s_8s_16s_17_4_1_U1491                                            | 1   |        | mul_ln63_6                  | mul       | dsp_slice                | 3       |
|       mac_muladd_8s_8s_16s_17_4_1_U1491                                            | 1   |        | sext_ln63_134               | sext      | dsp_slice                | 3       |
|       mul_8s_8s_16_1_1_U1462                                                       |     |        | mul_ln63_7                  | mul       | auto                     | 0       |
|       mac_muladd_8s_8s_16s_17_4_1_U1492                                            | 1   |        | mul_ln63_8                  | mul       | dsp_slice                | 3       |
|       mac_muladd_8s_8s_16s_17_4_1_U1492                                            | 1   |        | sext_ln63_136               | sext      | dsp_slice                | 3       |
|       mul_8s_8s_16_1_1_U1463                                                       |     |        | mul_ln63_9                  | mul       | auto                     | 0       |
|       mac_muladd_8s_8s_16s_17_4_1_U1493                                            | 1   |        | mul_ln63_10                 | mul       | dsp_slice                | 3       |
|       mac_muladd_8s_8s_16s_17_4_1_U1493                                            | 1   |        | sext_ln63_138               | sext      | dsp_slice                | 3       |
|       mul_8s_8s_16_1_1_U1464                                                       |     |        | mul_ln63_11                 | mul       | auto                     | 0       |
|       mac_muladd_8s_8s_16s_17_4_1_U1494                                            | 1   |        | mul_ln63_12                 | mul       | dsp_slice                | 3       |
|       mac_muladd_8s_8s_16s_17_4_1_U1494                                            | 1   |        | sext_ln63_140               | sext      | dsp_slice                | 3       |
|       mul_8s_8s_16_1_1_U1465                                                       |     |        | mul_ln63_13                 | mul       | auto                     | 0       |
|       mac_muladd_8s_8s_16s_17_4_1_U1495                                            | 1   |        | mul_ln63_14                 | mul       | dsp_slice                | 3       |
|       mac_muladd_8s_8s_16s_17_4_1_U1495                                            | 1   |        | sext_ln63_142               | sext      | dsp_slice                | 3       |
|       mul_8s_8s_16_1_1_U1466                                                       |     |        | mul_ln63_15                 | mul       | auto                     | 0       |
|       mac_muladd_8s_8s_16s_17_4_1_U1496                                            | 1   |        | mul_ln63_16                 | mul       | dsp_slice                | 3       |
|       mac_muladd_8s_8s_16s_17_4_1_U1496                                            | 1   |        | sext_ln63_144               | sext      | dsp_slice                | 3       |
|       mul_8s_8s_16_1_1_U1467                                                       |     |        | mul_ln63_17                 | mul       | auto                     | 0       |
|       mac_muladd_8s_8s_16s_17_4_1_U1497                                            | 1   |        | mul_ln63_18                 | mul       | dsp_slice                | 3       |
|       mac_muladd_8s_8s_16s_17_4_1_U1497                                            | 1   |        | sext_ln63_146               | sext      | dsp_slice                | 3       |
|       mul_8s_8s_16_1_1_U1468                                                       |     |        | mul_ln63_19                 | mul       | auto                     | 0       |
|       mac_muladd_8s_8s_16s_17_4_1_U1498                                            | 1   |        | mul_ln63_20                 | mul       | dsp_slice                | 3       |
|       mac_muladd_8s_8s_16s_17_4_1_U1498                                            | 1   |        | sext_ln63_148               | sext      | dsp_slice                | 3       |
|       mul_8s_8s_16_1_1_U1469                                                       |     |        | mul_ln63_21                 | mul       | auto                     | 0       |
|       mac_muladd_8s_8s_16s_17_4_1_U1499                                            | 1   |        | mul_ln63_22                 | mul       | dsp_slice                | 3       |
|       mac_muladd_8s_8s_16s_17_4_1_U1499                                            | 1   |        | sext_ln63_150               | sext      | dsp_slice                | 3       |
|       mul_8s_8s_16_1_1_U1470                                                       |     |        | mul_ln63_23                 | mul       | auto                     | 0       |
|       mac_muladd_8s_8s_16s_17_4_1_U1500                                            | 1   |        | mul_ln63_24                 | mul       | dsp_slice                | 3       |
|       mac_muladd_8s_8s_16s_17_4_1_U1500                                            | 1   |        | sext_ln63_152               | sext      | dsp_slice                | 3       |
|       mul_8s_8s_16_1_1_U1471                                                       |     |        | mul_ln63_25                 | mul       | auto                     | 0       |
|       mac_muladd_8s_8s_16s_17_4_1_U1501                                            | 1   |        | mul_ln63_26                 | mul       | dsp_slice                | 3       |
|       mac_muladd_8s_8s_16s_17_4_1_U1501                                            | 1   |        | sext_ln63_154               | sext      | dsp_slice                | 3       |
|       mul_8s_8s_16_1_1_U1472                                                       |     |        | mul_ln63_27                 | mul       | auto                     | 0       |
|       mac_muladd_8s_8s_16s_17_4_1_U1502                                            | 1   |        | mul_ln63_28                 | mul       | dsp_slice                | 3       |
|       mac_muladd_8s_8s_16s_17_4_1_U1502                                            | 1   |        | sext_ln63_156               | sext      | dsp_slice                | 3       |
|       mul_8s_8s_16_1_1_U1473                                                       |     |        | mul_ln63_29                 | mul       | auto                     | 0       |
|       mac_muladd_8s_8s_16s_17_4_1_U1504                                            | 1   |        | mul_ln63_30                 | mul       | dsp_slice                | 3       |
|       mac_muladd_8s_8s_16s_17_4_1_U1504                                            | 1   |        | sext_ln63_158               | sext      | dsp_slice                | 3       |
|       mul_8s_8s_16_1_1_U1474                                                       |     |        | mul_ln63_31                 | mul       | auto                     | 0       |
|       mac_muladd_8s_8s_20s_21_4_1_U1505                                            | 1   |        | mul_ln63_32                 | mul       | dsp_slice                | 3       |
|       mac_muladd_8s_8s_20s_21_4_1_U1505                                            | 1   |        | sext_ln63_160               | sext      | dsp_slice                | 3       |
|       dsp_dotpra3add_8s_8s_8s_8s_8s_8s_17s_18_4_1_U1486                            | 1   |        | mul_ln63_33                 | mul       | dsp58_dp                 | 3       |
|       dsp_dotpra3add_8s_8s_8s_8s_8s_8s_17s_18_4_1_U1486                            | 1   |        | sext_ln63_161               | sext      | dsp58_dp                 | 3       |
|       dsp_dotpra3add_8s_8s_8s_8s_8s_8s_17s_18_4_1_U1486                            | 1   |        | mul_ln63_34                 | mul       | dsp58_dp                 | 3       |
|       dsp_dotpra3add_8s_8s_8s_8s_8s_8s_17s_18_4_1_U1486                            | 1   |        | sext_ln63_162               | sext      | dsp58_dp                 | 3       |
|       dsp_dotpra3add_8s_8s_8s_8s_8s_8s_17s_18_4_1_U1486                            | 1   |        | mul_ln63_35                 | mul       | dsp58_dp                 | 3       |
|       dsp_dotpra3add_8s_8s_8s_8s_8s_8s_17s_18_4_1_U1486                            | 1   |        | sext_ln63_163               | sext      | dsp58_dp                 | 3       |
|       mac_muladd_8s_8s_16s_17_4_1_U1479                                            | 1   |        | mul_ln63_36                 | mul       | dsp_slice                | 3       |
|       mac_muladd_8s_8s_16s_17_4_1_U1479                                            | 1   |        | sext_ln63_164               | sext      | dsp_slice                | 3       |
|       mul_8s_8s_16_1_1_U1454                                                       |     |        | mul_ln63_37                 | mul       | auto                     | 0       |
|       mac_muladd_8s_8s_16s_17_4_1_U1482                                            | 1   |        | mul_ln63_38                 | mul       | dsp_slice                | 3       |
|       mac_muladd_8s_8s_16s_17_4_1_U1482                                            | 1   |        | sext_ln63_166               | sext      | dsp_slice                | 3       |
|       mul_8s_8s_16_1_1_U1456                                                       |     |        | mul_ln63_39                 | mul       | auto                     | 0       |
|       mac_muladd_8s_8s_16s_17_4_1_U1483                                            | 1   |        | mul_ln63_40                 | mul       | dsp_slice                | 3       |
|       mac_muladd_8s_8s_16s_17_4_1_U1483                                            | 1   |        | sext_ln63_168               | sext      | dsp_slice                | 3       |
|       mul_8s_8s_16_1_1_U1457                                                       |     |        | mul_ln63_41                 | mul       | auto                     | 0       |
|       mac_muladd_8s_8s_16s_17_4_1_U1487                                            | 1   |        | mul_ln63_42                 | mul       | dsp_slice                | 3       |
|       mac_muladd_8s_8s_16s_17_4_1_U1487                                            | 1   |        | sext_ln63_170               | sext      | dsp_slice                | 3       |
|       mul_8s_8s_16_1_1_U1459                                                       |     |        | mul_ln63_43                 | mul       | auto                     | 0       |
|       mac_muladd_8s_8s_16s_17_4_1_U1488                                            | 1   |        | mul_ln63_44                 | mul       | dsp_slice                | 3       |
|       mac_muladd_8s_8s_16s_17_4_1_U1488                                            | 1   |        | sext_ln63_172               | sext      | dsp_slice                | 3       |
|       mul_8s_8s_16_1_1_U1460                                                       |     |        | mul_ln63_45                 | mul       | auto                     | 0       |
|       mac_muladd_8s_8s_16s_17_4_1_U1489                                            | 1   |        | mul_ln63_46                 | mul       | dsp_slice                | 3       |
|       mac_muladd_8s_8s_16s_17_4_1_U1489                                            | 1   |        | sext_ln63_174               | sext      | dsp_slice                | 3       |
|       mul_8s_8s_16_1_1_U1461                                                       |     |        | mul_ln63_47                 | mul       | auto                     | 0       |
|       mac_muladd_8s_8s_19s_20_4_1_U1490                                            | 1   |        | mul_ln63_48                 | mul       | dsp_slice                | 3       |
|       mac_muladd_8s_8s_19s_20_4_1_U1490                                            | 1   |        | sext_ln63_176               | sext      | dsp_slice                | 3       |
|       dsp_dotpra3add_8s_8s_8s_8s_8s_8s_17s_18_4_1_U1484                            | 1   |        | mul_ln63_49                 | mul       | dsp58_dp                 | 3       |
|       dsp_dotpra3add_8s_8s_8s_8s_8s_8s_17s_18_4_1_U1484                            | 1   |        | sext_ln63_177               | sext      | dsp58_dp                 | 3       |
|       dsp_dotpra3add_8s_8s_8s_8s_8s_8s_17s_18_4_1_U1484                            | 1   |        | mul_ln63_50                 | mul       | dsp58_dp                 | 3       |
|       dsp_dotpra3add_8s_8s_8s_8s_8s_8s_17s_18_4_1_U1484                            | 1   |        | sext_ln63_178               | sext      | dsp58_dp                 | 3       |
|       dsp_dotpra3add_8s_8s_8s_8s_8s_8s_17s_18_4_1_U1484                            | 1   |        | mul_ln63_51                 | mul       | dsp58_dp                 | 3       |
|       dsp_dotpra3add_8s_8s_8s_8s_8s_8s_17s_18_4_1_U1484                            | 1   |        | sext_ln63_179               | sext      | dsp58_dp                 | 3       |
|       mac_muladd_8s_8s_16s_17_4_1_U1477                                            | 1   |        | mul_ln63_52                 | mul       | dsp_slice                | 3       |
|       mac_muladd_8s_8s_16s_17_4_1_U1477                                            | 1   |        | sext_ln63_180               | sext      | dsp_slice                | 3       |
|       mul_8s_8s_16_1_1_U1453                                                       |     |        | mul_ln63_53                 | mul       | auto                     | 0       |
|       mac_muladd_8s_8s_16s_17_4_1_U1480                                            | 1   |        | mul_ln63_54                 | mul       | dsp_slice                | 3       |
|       mac_muladd_8s_8s_16s_17_4_1_U1480                                            | 1   |        | sext_ln63_182               | sext      | dsp_slice                | 3       |
|       mul_8s_8s_16_1_1_U1455                                                       |     |        | mul_ln63_55                 | mul       | auto                     | 0       |
|       mac_muladd_8s_8s_18s_19_4_1_U1481                                            | 1   |        | mul_ln63_56                 | mul       | dsp_slice                | 3       |
|       mac_muladd_8s_8s_18s_19_4_1_U1481                                            | 1   |        | sext_ln63_184               | sext      | dsp_slice                | 3       |
|       dsp_dotpra3add_8s_8s_8s_8s_8s_8s_18s_18_4_1_U1478                            | 1   |        | mul_ln63_57                 | mul       | dsp58_dp                 | 3       |
|       dsp_dotpra3add_8s_8s_8s_8s_8s_8s_18s_18_4_1_U1478                            | 1   |        | sext_ln63_185               | sext      | dsp58_dp                 | 3       |
|       dsp_dotpra3add_8s_8s_8s_8s_8s_8s_18s_18_4_1_U1478                            | 1   |        | mul_ln63_58                 | mul       | dsp58_dp                 | 3       |
|       dsp_dotpra3add_8s_8s_8s_8s_8s_8s_18s_18_4_1_U1478                            | 1   |        | sext_ln63_186               | sext      | dsp58_dp                 | 3       |
|       dsp_dotpra3add_8s_8s_8s_8s_8s_8s_18s_18_4_1_U1478                            | 1   |        | mul_ln63_59                 | mul       | dsp58_dp                 | 3       |
|       dsp_dotpra3add_8s_8s_8s_8s_8s_8s_18s_18_4_1_U1478                            | 1   |        | sext_ln63_187               | sext      | dsp58_dp                 | 3       |
|       mul_8s_8s_16_1_1_U1452                                                       |     |        | mul_ln63_60                 | mul       | auto                     | 0       |
|       dsp_dotpra3add_8s_8s_8s_8s_8s_8s_16s_18_4_1_U1476                            | 1   |        | mul_ln63_61                 | mul       | dsp58_dp                 | 3       |
|       dsp_dotpra3add_8s_8s_8s_8s_8s_8s_16s_18_4_1_U1476                            | 1   |        | sext_ln63_189               | sext      | dsp58_dp                 | 3       |
|       dsp_dotpra3add_8s_8s_8s_8s_8s_8s_16s_18_4_1_U1476                            | 1   |        | mul_ln63_62                 | mul       | dsp58_dp                 | 3       |
|       dsp_dotpra3add_8s_8s_8s_8s_8s_8s_16s_18_4_1_U1476                            | 1   |        | sext_ln63_190               | sext      | dsp58_dp                 | 3       |
|       dsp_dotpra3add_8s_8s_8s_8s_8s_8s_16s_18_4_1_U1476                            | 1   |        | mul_ln63_63                 | mul       | dsp58_dp                 | 3       |
|       dsp_dotpra3add_8s_8s_8s_8s_8s_8s_16s_18_4_1_U1476                            | 1   |        | sext_ln63_191               | sext      | dsp58_dp                 | 3       |
|       dsp_dotpra3add_8s_8s_8s_8s_8s_8s_16s_18_4_1_U1476                            | 1   |        | add_ln63                    | add       | dsp58_dp                 | 3       |
|       dsp_dotpra3add_8s_8s_8s_8s_8s_8s_16s_18_4_1_U1476                            | 1   |        | add_ln63_1                  | add       | dsp58_dp                 | 3       |
|       dsp_dotpra3add_8s_8s_8s_8s_8s_8s_16s_18_4_1_U1476                            | 1   |        | sext_ln63_192               | sext      | dsp58_dp                 | 3       |
|       dsp_dotpra3add_8s_8s_8s_8s_8s_8s_16s_18_4_1_U1476                            | 1   |        | add_ln63_2                  | add       | dsp58_dp                 | 3       |
|       dsp_dotpra3add_8s_8s_8s_8s_8s_8s_18s_18_4_1_U1478                            | 1   |        | add_ln63_3                  | add       | dsp58_dp                 | 3       |
|       dsp_dotpra3add_8s_8s_8s_8s_8s_8s_18s_18_4_1_U1478                            | 1   |        | add_ln63_4                  | add       | dsp58_dp                 | 3       |
|       dsp_dotpra3add_8s_8s_8s_8s_8s_8s_18s_18_4_1_U1478                            | 1   |        | sext_ln63_197               | sext      | dsp58_dp                 | 3       |
|       dsp_dotpra3add_8s_8s_8s_8s_8s_8s_18s_18_4_1_U1478                            | 1   |        | add_ln63_5                  | add       | dsp58_dp                 | 3       |
|       mac_muladd_8s_8s_18s_19_4_1_U1481                                            | 1   |        | add_ln63_6                  | add       | dsp_slice                | 3       |
|       mac_muladd_8s_8s_16s_17_4_1_U1480                                            | 1   |        | add_ln63_7                  | add       | dsp_slice                | 3       |
|       mac_muladd_8s_8s_16s_17_4_1_U1477                                            | 1   |        | add_ln63_9                  | add       | dsp_slice                | 3       |
|       dsp_dotpra3add_8s_8s_8s_8s_8s_8s_17s_18_4_1_U1484                            | 1   |        | add_ln63_10                 | add       | dsp58_dp                 | 3       |
|       dsp_dotpra3add_8s_8s_8s_8s_8s_8s_17s_18_4_1_U1484                            | 1   |        | add_ln63_11                 | add       | dsp58_dp                 | 3       |
|       dsp_dotpra3add_8s_8s_8s_8s_8s_8s_17s_18_4_1_U1484                            | 1   |        | sext_ln63_200               | sext      | dsp58_dp                 | 3       |
|       dsp_dotpra3add_8s_8s_8s_8s_8s_8s_17s_18_4_1_U1484                            | 1   |        | add_ln63_12                 | add       | dsp58_dp                 | 3       |
|       mac_muladd_8s_8s_19s_20_4_1_U1490                                            | 1   |        | add_ln63_14                 | add       | dsp_slice                | 3       |
|       mac_muladd_8s_8s_16s_17_4_1_U1489                                            | 1   |        | add_ln63_15                 | add       | dsp_slice                | 3       |
|       add_ln63_16_fu_4077_p2                                                       |     |        | add_ln63_16                 | add       | fabric                   | 0       |
|       mac_muladd_8s_8s_16s_17_4_1_U1488                                            | 1   |        | add_ln63_17                 | add       | dsp_slice                | 3       |
|       mac_muladd_8s_8s_16s_17_4_1_U1487                                            | 1   |        | add_ln63_18                 | add       | dsp_slice                | 3       |
|       add_ln63_19_fu_4088_p2                                                       |     |        | add_ln63_19                 | add       | fabric                   | 0       |
|       mac_muladd_8s_8s_16s_17_4_1_U1483                                            | 1   |        | add_ln63_21                 | add       | dsp_slice                | 3       |
|       mac_muladd_8s_8s_16s_17_4_1_U1482                                            | 1   |        | add_ln63_22                 | add       | dsp_slice                | 3       |
|       add_ln63_23_fu_4008_p2                                                       |     |        | add_ln63_23                 | add       | fabric                   | 0       |
|       mac_muladd_8s_8s_16s_17_4_1_U1479                                            | 1   |        | add_ln63_24                 | add       | dsp_slice                | 3       |
|       dsp_dotpra3add_8s_8s_8s_8s_8s_8s_17s_18_4_1_U1486                            | 1   |        | add_ln63_25                 | add       | dsp58_dp                 | 3       |
|       dsp_dotpra3add_8s_8s_8s_8s_8s_8s_17s_18_4_1_U1486                            | 1   |        | add_ln63_26                 | add       | dsp58_dp                 | 3       |
|       dsp_dotpra3add_8s_8s_8s_8s_8s_8s_17s_18_4_1_U1486                            | 1   |        | sext_ln63_210               | sext      | dsp58_dp                 | 3       |
|       dsp_dotpra3add_8s_8s_8s_8s_8s_8s_17s_18_4_1_U1486                            | 1   |        | add_ln63_27                 | add       | dsp58_dp                 | 3       |
|       add_ln63_28_fu_4100_p2                                                       |     |        | add_ln63_28                 | add       | fabric                   | 0       |
|       mac_muladd_8s_8s_20s_21_4_1_U1505                                            | 1   |        | add_ln63_30                 | add       | dsp_slice                | 3       |
|       mac_muladd_8s_8s_16s_17_4_1_U1504                                            | 1   |        | add_ln63_31                 | add       | dsp_slice                | 3       |
|       mac_muladd_8s_8s_16s_17_4_1_U1502                                            | 1   |        | add_ln63_33                 | add       | dsp_slice                | 3       |
|       mac_muladd_8s_8s_16s_17_4_1_U1501                                            | 1   |        | add_ln63_34                 | add       | dsp_slice                | 3       |
|       add_ln63_35_fu_4154_p2                                                       |     |        | add_ln63_35                 | add       | fabric                   | 0       |
|       mac_muladd_8s_8s_16s_17_4_1_U1500                                            | 1   |        | add_ln63_37                 | add       | dsp_slice                | 3       |
|       mac_muladd_8s_8s_16s_17_4_1_U1499                                            | 1   |        | add_ln63_38                 | add       | dsp_slice                | 3       |
|       add_ln63_39_fu_4166_p2                                                       |     |        | add_ln63_39                 | add       | fabric                   | 0       |
|       mac_muladd_8s_8s_16s_17_4_1_U1498                                            | 1   |        | add_ln63_40                 | add       | dsp_slice                | 3       |
|       mac_muladd_8s_8s_16s_17_4_1_U1497                                            | 1   |        | add_ln63_41                 | add       | dsp_slice                | 3       |
|       add_ln63_42_fu_4178_p2                                                       |     |        | add_ln63_42                 | add       | fabric                   | 0       |
|       add_ln63_43_fu_4243_p2                                                       |     |        | add_ln63_43                 | add       | fabric                   | 0       |
|       mac_muladd_8s_8s_16s_17_4_1_U1496                                            | 1   |        | add_ln63_45                 | add       | dsp_slice                | 3       |
|       mac_muladd_8s_8s_16s_17_4_1_U1495                                            | 1   |        | add_ln63_46                 | add       | dsp_slice                | 3       |
|       add_ln63_47_fu_4190_p2                                                       |     |        | add_ln63_47                 | add       | fabric                   | 0       |
|       mac_muladd_8s_8s_16s_17_4_1_U1494                                            | 1   |        | add_ln63_48                 | add       | dsp_slice                | 3       |
|       mac_muladd_8s_8s_16s_17_4_1_U1493                                            | 1   |        | add_ln63_49                 | add       | dsp_slice                | 3       |
|       add_ln63_50_fu_4202_p2                                                       |     |        | add_ln63_50                 | add       | fabric                   | 0       |
|       add_ln63_51_fu_4255_p2                                                       |     |        | add_ln63_51                 | add       | fabric                   | 0       |
|       mac_muladd_8s_8s_16s_17_4_1_U1492                                            | 1   |        | add_ln63_52                 | add       | dsp_slice                | 3       |
|       mac_muladd_8s_8s_16s_17_4_1_U1491                                            | 1   |        | add_ln63_53                 | add       | dsp_slice                | 3       |
|       add_ln63_54_fu_4214_p2                                                       |     |        | add_ln63_54                 | add       | fabric                   | 0       |
|       mac_muladd_8s_8s_16s_17_4_1_U1485                                            | 1   |        | add_ln63_55                 | add       | dsp_slice                | 3       |
|       dsp_dotpra3add_8s_8s_8s_8s_8s_8s_17s_18_4_1_U1503                            | 1   |        | add_ln63_56                 | add       | dsp58_dp                 | 3       |
|       dsp_dotpra3add_8s_8s_8s_8s_8s_8s_17s_18_4_1_U1503                            | 1   |        | add_ln63_57                 | add       | dsp58_dp                 | 3       |
|       dsp_dotpra3add_8s_8s_8s_8s_8s_8s_17s_18_4_1_U1503                            | 1   |        | sext_ln63_235               | sext      | dsp58_dp                 | 3       |
|       dsp_dotpra3add_8s_8s_8s_8s_8s_8s_17s_18_4_1_U1503                            | 1   |        | add_ln63_58                 | add       | dsp58_dp                 | 3       |
|       add_ln63_59_fu_4271_p2                                                       |     |        | add_ln63_59                 | add       | fabric                   | 0       |
|       add_ln63_60_fu_4281_p2                                                       |     |        | add_ln63_60                 | add       | fabric                   | 0       |
|       mac_muladd_8s_8s_21s_22_4_1_U1506                                            | 1   |        | prod                        | add       | dsp_slice                | 3       |
|       sitofp_32s_32_5_no_dsp_1_U1451                                               |     |        | conv51_i_i                  | sitofp    | auto                     | 4       |
|       fmul_32ns_32ns_32_3_primitive_dsp_1_U1450                                    | 1   |        | tmp63                       | fmul      | primitivedsp             | 2       |
|       icmp_ln65_fu_2022_p2                                                         |     |        | icmp_ln65                   | seteq     | auto                     | 0       |
|       fmacc_32ns_32ns_32ns_1ns_32_4_primitive_dsp_1_U1475                          | 1   |        | sum_out_1                   | fmacc     | primitivedsp             | 3       |
|       k_fu_1969_p2                                                                 |     |        | k                           | add       | fabric                   | 0       |
|      + alt_mat_mult_main_20_Pipeline_amm_tok_sf                                    | 0   |        |                             |           |                          |         |
|        i_30_fu_3869_p2                                                             |     |        | i_30                        | add       | fabric                   | 0       |
|        icmp_ln23_fu_3879_p2                                                        |     |        | icmp_ln23                   | seteq     | auto                     | 0       |
|     + rr_merge_float_2_21                                                          | 0   |        |                             |           |                          |         |
|       sub_ln152_fu_87_p2                                                           |     |        | sub_ln152                   | sub       | fabric                   | 0       |
|       sub_ln152_1_fu_113_p2                                                        |     |        | sub_ln152_1                 | sub       | fabric                   | 0       |
|       select_ln152_fu_118_p3                                                       |     |        | select_ln152                | select    | auto_sel                 | 0       |
|      + rr_merge_float_2_21_Pipeline_tot_num_data                                   | 0   |        |                             |           |                          |         |
|        add_ln152_fu_92_p2                                                          |     |        | add_ln152                   | add       | fabric                   | 0       |
|        icmp_ln152_fu_102_p2                                                        |     |        | icmp_ln152                  | setlt     | auto                     | 0       |
|    + s_GeMV_kernel_10                                                              | 73  |        |                             |           |                          |         |
|     + s_GeMV_kernel_Block_newFuncRoot_proc                                         | 3   |        |                             |           |                          |         |
|       sub_ln230_fu_64_p2                                                           |     |        | sub_ln230                   | sub       | fabric                   | 0       |
|       sub_ln230_2_fu_93_p2                                                         |     |        | sub_ln230_2                 | sub       | fabric                   | 0       |
|       select_ln230_fu_102_p3                                                       |     |        | select_ln230                | select    | auto_sel                 | 0       |
|       mul_32s_32s_32_5_1_U1549                                                     | 3   |        | mul_ln80                    | mul       | auto                     | 4       |
|     + inf_split_tee_vector_float_4ul_2_s                                           | 0   |        |                             |           |                          |         |
|       add_ln95_fu_100_p2                                                           |     |        | add_ln95                    | add       | fabric                   | 0       |
|       icmp_ln95_fu_110_p2                                                          |     |        | icmp_ln95                   | setlt     | auto                     | 0       |
|     + inf_split_tee_vector_signed_char_64ul_2_11                                   | 0   |        |                             |           |                          |         |
|       add_ln95_fu_100_p2                                                           |     |        | add_ln95                    | add       | fabric                   | 0       |
|       icmp_ln95_fu_110_p2                                                          |     |        | icmp_ln95                   | setlt     | auto                     | 0       |
|     + inf_round_robin_vector_signed_char_64ul_2_s                                  | 2   |        |                             |           |                          |         |
|       sub_ln128_fu_133_p2                                                          |     |        | sub_ln128                   | sub       | fabric                   | 0       |
|       sub_ln128_2_fu_162_p2                                                        |     |        | sub_ln128_2                 | sub       | fabric                   | 0       |
|       vSize_fu_171_p3                                                              |     |        | vSize                       | select    | auto_sel                 | 0       |
|       empty_fu_182_p2                                                              |     |        | empty                       | setgt     | auto                     | 0       |
|       empty_371_fu_199_p3                                                          |     |        | empty_371                   | select    | auto_sel                 | 0       |
|       empty_372_fu_187_p2                                                          |     |        | empty_372                   | setgt     | auto                     | 0       |
|       smax2_fu_192_p3                                                              |     |        | smax2                       | select    | auto_sel                 | 0       |
|       mul_30ns_26ns_56_4_1_U1582                                                   | 2   |        | bound6                      | mul       | auto                     | 3       |
|      + inf_round_robin_Pipeline_inf_rr_loop_elem_dist_loop_elem_per_stream_loop    | 0   |        |                             |           |                          |         |
|        add_ln131_fu_168_p2                                                         |     |        | add_ln131                   | add       | fabric                   | 0       |
|        icmp_ln131_fu_174_p2                                                        |     |        | icmp_ln131                  | seteq     | auto                     | 0       |
|        icmp_ln135_fu_187_p2                                                        |     |        | icmp_ln135                  | seteq     | auto                     | 0       |
|        select_ln131_fu_217_p3                                                      |     |        | select_ln131                | select    | auto_sel                 | 0       |
|        icmp_ln138_fu_224_p2                                                        |     |        | icmp_ln138                  | setlt     | auto                     | 0       |
|        select_ln131_2_fu_229_p3                                                    |     |        | select_ln131_2              | select    | auto_sel                 | 0       |
|        add_ln135_fu_235_p2                                                         |     |        | add_ln135                   | add       | fabric                   | 0       |
|        select_ln135_fu_241_p3                                                      |     |        | select_ln135                | select    | auto_sel                 | 0       |
|        icmp_ln142_fu_249_p2                                                        |     |        | icmp_ln142                  | seteq     | auto                     | 0       |
|        add_ln138_fu_257_p2                                                         |     |        | add_ln138                   | add       | fabric                   | 0       |
|        select_ln138_fu_263_p3                                                      |     |        | select_ln138                | select    | auto_sel                 | 0       |
|        select_ln138_2_fu_270_p3                                                    |     |        | select_ln138_2              | select    | auto_sel                 | 0       |
|        add_ln135_2_fu_192_p2                                                       |     |        | add_ln135_2                 | add       | fabric                   | 0       |
|        select_ln135_2_fu_198_p3                                                    |     |        | select_ln135_2              | select    | auto_sel                 | 0       |
|     + vec_down_converter_float_4ul_16ul_12                                         | 0   |        |                             |           |                          |         |
|       add_ln177_fu_315_p2                                                          |     |        | add_ln177                   | add       | fabric                   | 0       |
|       icmp_ln177_fu_325_p2                                                         |     |        | icmp_ln177                  | setlt     | auto                     | 0       |
|       icmp_ln180_fu_335_p2                                                         |     |        | icmp_ln180                  | seteq     | auto                     | 0       |
|     + inf_round_robin_vector_float_4ul_2_s                                         | 2   |        |                             |           |                          |         |
|       sub_ln128_fu_133_p2                                                          |     |        | sub_ln128                   | sub       | fabric                   | 0       |
|       sub_ln128_4_fu_162_p2                                                        |     |        | sub_ln128_4                 | sub       | fabric                   | 0       |
|       vSize_fu_171_p3                                                              |     |        | vSize                       | select    | auto_sel                 | 0       |
|       empty_fu_182_p2                                                              |     |        | empty                       | setgt     | auto                     | 0       |
|       empty_375_fu_199_p3                                                          |     |        | empty_375                   | select    | auto_sel                 | 0       |
|       empty_376_fu_187_p2                                                          |     |        | empty_376                   | setgt     | auto                     | 0       |
|       smax2_fu_192_p3                                                              |     |        | smax2                       | select    | auto_sel                 | 0       |
|       mul_30ns_24ns_54_4_1_U1569                                                   | 2   |        | bound6                      | mul       | auto                     | 3       |
|      + inf_round_robin_Pipeline_inf_rr_loop_elem_dist_loop_elem_per_stream_loop_1  | 0   |        |                             |           |                          |         |
|        add_ln131_fu_168_p2                                                         |     |        | add_ln131                   | add       | fabric                   | 0       |
|        icmp_ln131_fu_174_p2                                                        |     |        | icmp_ln131                  | seteq     | auto                     | 0       |
|        icmp_ln135_fu_187_p2                                                        |     |        | icmp_ln135                  | seteq     | auto                     | 0       |
|        select_ln131_fu_217_p3                                                      |     |        | select_ln131                | select    | auto_sel                 | 0       |
|        icmp_ln138_fu_224_p2                                                        |     |        | icmp_ln138                  | setlt     | auto                     | 0       |
|        select_ln131_1_fu_229_p3                                                    |     |        | select_ln131_1              | select    | auto_sel                 | 0       |
|        add_ln135_fu_235_p2                                                         |     |        | add_ln135                   | add       | fabric                   | 0       |
|        select_ln135_fu_241_p3                                                      |     |        | select_ln135                | select    | auto_sel                 | 0       |
|        icmp_ln142_fu_249_p2                                                        |     |        | icmp_ln142                  | seteq     | auto                     | 0       |
|        add_ln138_fu_257_p2                                                         |     |        | add_ln138                   | add       | fabric                   | 0       |
|        select_ln138_fu_263_p3                                                      |     |        | select_ln138                | select    | auto_sel                 | 0       |
|        select_ln138_1_fu_270_p3                                                    |     |        | select_ln138_1              | select    | auto_sel                 | 0       |
|        add_ln135_1_fu_192_p2                                                       |     |        | add_ln135_1                 | add       | fabric                   | 0       |
|        select_ln135_1_fu_198_p3                                                    |     |        | select_ln135_1              | select    | auto_sel                 | 0       |
|     + alt_mat_mult_main                                                            | 33  |        |                             |           |                          |         |
|       sub_ln116_fu_1779_p2                                                         |     |        | sub_ln116                   | sub       | fabric                   | 0       |
|       sub_ln116_4_fu_1808_p2                                                       |     |        | sub_ln116_4                 | sub       | fabric                   | 0       |
|       select_ln116_fu_1817_p3                                                      |     |        | select_ln116                | select    | auto_sel                 | 0       |
|       i_fu_1852_p2                                                                 |     |        | i                           | add       | fabric                   | 0       |
|       icmp_ln33_fu_1858_p2                                                         |     |        | icmp_ln33                   | seteq     | auto                     | 0       |
|       add_ln37_fu_1863_p2                                                          |     |        | add_ln37                    | add       | fabric                   | 0       |
|       icmp_ln37_fu_1869_p2                                                         |     |        | icmp_ln37                   | seteq     | auto                     | 0       |
|       icmp_ln44_fu_1874_p2                                                         |     |        | icmp_ln44                   | seteq     | auto                     | 0       |
|       select_ln37_fu_1880_p3                                                       |     |        | select_ln37                 | select    | auto_sel                 | 0       |
|       add_ln37_4_fu_1888_p2                                                        |     |        | add_ln37_4                  | add       | fabric                   | 0       |
|       select_ln37_5_fu_1894_p3                                                     |     |        | select_ln37_5               | select    | auto_sel                 | 0       |
|       first_iter_0_fu_1902_p2                                                      |     |        | first_iter_0                | seteq     | auto                     | 0       |
|       lshr_ln48_fu_4341_p2                                                         |     |        | lshr_ln48                   | lshr      | auto_pipe                | 0       |
|       lshr_ln48_4_fu_4291_p2                                                       |     |        | lshr_ln48_4                 | lshr      | auto_pipe                | 0       |
|       add_ln59_fu_1931_p2                                                          |     |        | add_ln59                    | add       | fabric                   | 0       |
|       mac_muladd_8s_8s_21s_22_4_1_U1715                                            | 1   |        | mul_ln63                    | mul       | dsp_slice                | 3       |
|       mac_muladd_8s_8s_21s_22_4_1_U1715                                            | 1   |        | sext_ln63_716               | sext      | dsp_slice                | 3       |
|       dsp_dotpra3add_8s_8s_8s_8s_8s_8s_17s_18_4_1_U1712                            | 1   |        | mul_ln63_190                | mul       | dsp58_dp                 | 3       |
|       dsp_dotpra3add_8s_8s_8s_8s_8s_8s_17s_18_4_1_U1712                            | 1   |        | sext_ln63_717               | sext      | dsp58_dp                 | 3       |
|       dsp_dotpra3add_8s_8s_8s_8s_8s_8s_17s_18_4_1_U1712                            | 1   |        | mul_ln63_191                | mul       | dsp58_dp                 | 3       |
|       dsp_dotpra3add_8s_8s_8s_8s_8s_8s_17s_18_4_1_U1712                            | 1   |        | sext_ln63_718               | sext      | dsp58_dp                 | 3       |
|       dsp_dotpra3add_8s_8s_8s_8s_8s_8s_17s_18_4_1_U1712                            | 1   |        | mul_ln63_192                | mul       | dsp58_dp                 | 3       |
|       dsp_dotpra3add_8s_8s_8s_8s_8s_8s_17s_18_4_1_U1712                            | 1   |        | sext_ln63_719               | sext      | dsp58_dp                 | 3       |
|       mac_muladd_8s_8s_16s_17_4_1_U1694                                            | 1   |        | mul_ln63_193                | mul       | dsp_slice                | 3       |
|       mac_muladd_8s_8s_16s_17_4_1_U1694                                            | 1   |        | sext_ln63_720               | sext      | dsp_slice                | 3       |
|       mul_8s_8s_16_1_1_U1667                                                       |     |        | mul_ln63_194                | mul       | auto                     | 0       |
|       mac_muladd_8s_8s_16s_17_4_1_U1700                                            | 1   |        | mul_ln63_195                | mul       | dsp_slice                | 3       |
|       mac_muladd_8s_8s_16s_17_4_1_U1700                                            | 1   |        | sext_ln63_722               | sext      | dsp_slice                | 3       |
|       mul_8s_8s_16_1_1_U1671                                                       |     |        | mul_ln63_196                | mul       | auto                     | 0       |
|       mac_muladd_8s_8s_16s_17_4_1_U1701                                            | 1   |        | mul_ln63_197                | mul       | dsp_slice                | 3       |
|       mac_muladd_8s_8s_16s_17_4_1_U1701                                            | 1   |        | sext_ln63_724               | sext      | dsp_slice                | 3       |
|       mul_8s_8s_16_1_1_U1672                                                       |     |        | mul_ln63_198                | mul       | auto                     | 0       |
|       mac_muladd_8s_8s_16s_17_4_1_U1702                                            | 1   |        | mul_ln63_199                | mul       | dsp_slice                | 3       |
|       mac_muladd_8s_8s_16s_17_4_1_U1702                                            | 1   |        | sext_ln63_726               | sext      | dsp_slice                | 3       |
|       mul_8s_8s_16_1_1_U1673                                                       |     |        | mul_ln63_200                | mul       | auto                     | 0       |
|       mac_muladd_8s_8s_16s_17_4_1_U1703                                            | 1   |        | mul_ln63_201                | mul       | dsp_slice                | 3       |
|       mac_muladd_8s_8s_16s_17_4_1_U1703                                            | 1   |        | sext_ln63_728               | sext      | dsp_slice                | 3       |
|       mul_8s_8s_16_1_1_U1674                                                       |     |        | mul_ln63_202                | mul       | auto                     | 0       |
|       mac_muladd_8s_8s_16s_17_4_1_U1704                                            | 1   |        | mul_ln63_203                | mul       | dsp_slice                | 3       |
|       mac_muladd_8s_8s_16s_17_4_1_U1704                                            | 1   |        | sext_ln63_730               | sext      | dsp_slice                | 3       |
|       mul_8s_8s_16_1_1_U1675                                                       |     |        | mul_ln63_204                | mul       | auto                     | 0       |
|       mac_muladd_8s_8s_16s_17_4_1_U1705                                            | 1   |        | mul_ln63_205                | mul       | dsp_slice                | 3       |
|       mac_muladd_8s_8s_16s_17_4_1_U1705                                            | 1   |        | sext_ln63_732               | sext      | dsp_slice                | 3       |
|       mul_8s_8s_16_1_1_U1676                                                       |     |        | mul_ln63_206                | mul       | auto                     | 0       |
|       mac_muladd_8s_8s_16s_17_4_1_U1706                                            | 1   |        | mul_ln63_207                | mul       | dsp_slice                | 3       |
|       mac_muladd_8s_8s_16s_17_4_1_U1706                                            | 1   |        | sext_ln63_734               | sext      | dsp_slice                | 3       |
|       mul_8s_8s_16_1_1_U1677                                                       |     |        | mul_ln63_208                | mul       | auto                     | 0       |
|       mac_muladd_8s_8s_16s_17_4_1_U1707                                            | 1   |        | mul_ln63_209                | mul       | dsp_slice                | 3       |
|       mac_muladd_8s_8s_16s_17_4_1_U1707                                            | 1   |        | sext_ln63_736               | sext      | dsp_slice                | 3       |
|       mul_8s_8s_16_1_1_U1678                                                       |     |        | mul_ln63_210                | mul       | auto                     | 0       |
|       mac_muladd_8s_8s_16s_17_4_1_U1708                                            | 1   |        | mul_ln63_211                | mul       | dsp_slice                | 3       |
|       mac_muladd_8s_8s_16s_17_4_1_U1708                                            | 1   |        | sext_ln63_738               | sext      | dsp_slice                | 3       |
|       mul_8s_8s_16_1_1_U1679                                                       |     |        | mul_ln63_212                | mul       | auto                     | 0       |
|       mac_muladd_8s_8s_16s_17_4_1_U1709                                            | 1   |        | mul_ln63_213                | mul       | dsp_slice                | 3       |
|       mac_muladd_8s_8s_16s_17_4_1_U1709                                            | 1   |        | sext_ln63_740               | sext      | dsp_slice                | 3       |
|       mul_8s_8s_16_1_1_U1680                                                       |     |        | mul_ln63_214                | mul       | auto                     | 0       |
|       mac_muladd_8s_8s_16s_17_4_1_U1710                                            | 1   |        | mul_ln63_215                | mul       | dsp_slice                | 3       |
|       mac_muladd_8s_8s_16s_17_4_1_U1710                                            | 1   |        | sext_ln63_742               | sext      | dsp_slice                | 3       |
|       mul_8s_8s_16_1_1_U1681                                                       |     |        | mul_ln63_216                | mul       | auto                     | 0       |
|       mac_muladd_8s_8s_16s_17_4_1_U1711                                            | 1   |        | mul_ln63_217                | mul       | dsp_slice                | 3       |
|       mac_muladd_8s_8s_16s_17_4_1_U1711                                            | 1   |        | sext_ln63_744               | sext      | dsp_slice                | 3       |
|       mul_8s_8s_16_1_1_U1682                                                       |     |        | mul_ln63_218                | mul       | auto                     | 0       |
|       mac_muladd_8s_8s_16s_17_4_1_U1713                                            | 1   |        | mul_ln63_219                | mul       | dsp_slice                | 3       |
|       mac_muladd_8s_8s_16s_17_4_1_U1713                                            | 1   |        | sext_ln63_746               | sext      | dsp_slice                | 3       |
|       mul_8s_8s_16_1_1_U1683                                                       |     |        | mul_ln63_220                | mul       | auto                     | 0       |
|       mac_muladd_8s_8s_20s_21_4_1_U1714                                            | 1   |        | mul_ln63_221                | mul       | dsp_slice                | 3       |
|       mac_muladd_8s_8s_20s_21_4_1_U1714                                            | 1   |        | sext_ln63_748               | sext      | dsp_slice                | 3       |
|       dsp_dotpra3add_8s_8s_8s_8s_8s_8s_17s_18_4_1_U1695                            | 1   |        | mul_ln63_222                | mul       | dsp58_dp                 | 3       |
|       dsp_dotpra3add_8s_8s_8s_8s_8s_8s_17s_18_4_1_U1695                            | 1   |        | sext_ln63_749               | sext      | dsp58_dp                 | 3       |
|       dsp_dotpra3add_8s_8s_8s_8s_8s_8s_17s_18_4_1_U1695                            | 1   |        | mul_ln63_223                | mul       | dsp58_dp                 | 3       |
|       dsp_dotpra3add_8s_8s_8s_8s_8s_8s_17s_18_4_1_U1695                            | 1   |        | sext_ln63_750               | sext      | dsp58_dp                 | 3       |
|       dsp_dotpra3add_8s_8s_8s_8s_8s_8s_17s_18_4_1_U1695                            | 1   |        | mul_ln63_224                | mul       | dsp58_dp                 | 3       |
|       dsp_dotpra3add_8s_8s_8s_8s_8s_8s_17s_18_4_1_U1695                            | 1   |        | sext_ln63_751               | sext      | dsp58_dp                 | 3       |
|       mac_muladd_8s_8s_16s_17_4_1_U1688                                            | 1   |        | mul_ln63_225                | mul       | dsp_slice                | 3       |
|       mac_muladd_8s_8s_16s_17_4_1_U1688                                            | 1   |        | sext_ln63_752               | sext      | dsp_slice                | 3       |
|       mul_8s_8s_16_1_1_U1663                                                       |     |        | mul_ln63_226                | mul       | auto                     | 0       |
|       mac_muladd_8s_8s_16s_17_4_1_U1691                                            | 1   |        | mul_ln63_227                | mul       | dsp_slice                | 3       |
|       mac_muladd_8s_8s_16s_17_4_1_U1691                                            | 1   |        | sext_ln63_754               | sext      | dsp_slice                | 3       |
|       mul_8s_8s_16_1_1_U1665                                                       |     |        | mul_ln63_228                | mul       | auto                     | 0       |
|       mac_muladd_8s_8s_16s_17_4_1_U1692                                            | 1   |        | mul_ln63_229                | mul       | dsp_slice                | 3       |
|       mac_muladd_8s_8s_16s_17_4_1_U1692                                            | 1   |        | sext_ln63_756               | sext      | dsp_slice                | 3       |
|       mul_8s_8s_16_1_1_U1666                                                       |     |        | mul_ln63_230                | mul       | auto                     | 0       |
|       mac_muladd_8s_8s_16s_17_4_1_U1696                                            | 1   |        | mul_ln63_231                | mul       | dsp_slice                | 3       |
|       mac_muladd_8s_8s_16s_17_4_1_U1696                                            | 1   |        | sext_ln63_758               | sext      | dsp_slice                | 3       |
|       mul_8s_8s_16_1_1_U1668                                                       |     |        | mul_ln63_232                | mul       | auto                     | 0       |
|       mac_muladd_8s_8s_16s_17_4_1_U1697                                            | 1   |        | mul_ln63_233                | mul       | dsp_slice                | 3       |
|       mac_muladd_8s_8s_16s_17_4_1_U1697                                            | 1   |        | sext_ln63_760               | sext      | dsp_slice                | 3       |
|       mul_8s_8s_16_1_1_U1669                                                       |     |        | mul_ln63_234                | mul       | auto                     | 0       |
|       mac_muladd_8s_8s_16s_17_4_1_U1698                                            | 1   |        | mul_ln63_235                | mul       | dsp_slice                | 3       |
|       mac_muladd_8s_8s_16s_17_4_1_U1698                                            | 1   |        | sext_ln63_762               | sext      | dsp_slice                | 3       |
|       mul_8s_8s_16_1_1_U1670                                                       |     |        | mul_ln63_236                | mul       | auto                     | 0       |
|       mac_muladd_8s_8s_19s_20_4_1_U1699                                            | 1   |        | mul_ln63_237                | mul       | dsp_slice                | 3       |
|       mac_muladd_8s_8s_19s_20_4_1_U1699                                            | 1   |        | sext_ln63_764               | sext      | dsp_slice                | 3       |
|       dsp_dotpra3add_8s_8s_8s_8s_8s_8s_17s_18_4_1_U1693                            | 1   |        | mul_ln63_238                | mul       | dsp58_dp                 | 3       |
|       dsp_dotpra3add_8s_8s_8s_8s_8s_8s_17s_18_4_1_U1693                            | 1   |        | sext_ln63_765               | sext      | dsp58_dp                 | 3       |
|       dsp_dotpra3add_8s_8s_8s_8s_8s_8s_17s_18_4_1_U1693                            | 1   |        | mul_ln63_239                | mul       | dsp58_dp                 | 3       |
|       dsp_dotpra3add_8s_8s_8s_8s_8s_8s_17s_18_4_1_U1693                            | 1   |        | sext_ln63_766               | sext      | dsp58_dp                 | 3       |
|       dsp_dotpra3add_8s_8s_8s_8s_8s_8s_17s_18_4_1_U1693                            | 1   |        | mul_ln63_240                | mul       | dsp58_dp                 | 3       |
|       dsp_dotpra3add_8s_8s_8s_8s_8s_8s_17s_18_4_1_U1693                            | 1   |        | sext_ln63_767               | sext      | dsp58_dp                 | 3       |
|       mac_muladd_8s_8s_16s_17_4_1_U1686                                            | 1   |        | mul_ln63_241                | mul       | dsp_slice                | 3       |
|       mac_muladd_8s_8s_16s_17_4_1_U1686                                            | 1   |        | sext_ln63_768               | sext      | dsp_slice                | 3       |
|       mul_8s_8s_16_1_1_U1662                                                       |     |        | mul_ln63_242                | mul       | auto                     | 0       |
|       mac_muladd_8s_8s_16s_17_4_1_U1689                                            | 1   |        | mul_ln63_243                | mul       | dsp_slice                | 3       |
|       mac_muladd_8s_8s_16s_17_4_1_U1689                                            | 1   |        | sext_ln63_770               | sext      | dsp_slice                | 3       |
|       mul_8s_8s_16_1_1_U1664                                                       |     |        | mul_ln63_244                | mul       | auto                     | 0       |
|       mac_muladd_8s_8s_18s_19_4_1_U1690                                            | 1   |        | mul_ln63_245                | mul       | dsp_slice                | 3       |
|       mac_muladd_8s_8s_18s_19_4_1_U1690                                            | 1   |        | sext_ln63_772               | sext      | dsp_slice                | 3       |
|       dsp_dotpra3add_8s_8s_8s_8s_8s_8s_18s_18_4_1_U1687                            | 1   |        | mul_ln63_246                | mul       | dsp58_dp                 | 3       |
|       dsp_dotpra3add_8s_8s_8s_8s_8s_8s_18s_18_4_1_U1687                            | 1   |        | sext_ln63_773               | sext      | dsp58_dp                 | 3       |
|       dsp_dotpra3add_8s_8s_8s_8s_8s_8s_18s_18_4_1_U1687                            | 1   |        | mul_ln63_247                | mul       | dsp58_dp                 | 3       |
|       dsp_dotpra3add_8s_8s_8s_8s_8s_8s_18s_18_4_1_U1687                            | 1   |        | sext_ln63_774               | sext      | dsp58_dp                 | 3       |
|       dsp_dotpra3add_8s_8s_8s_8s_8s_8s_18s_18_4_1_U1687                            | 1   |        | mul_ln63_248                | mul       | dsp58_dp                 | 3       |
|       dsp_dotpra3add_8s_8s_8s_8s_8s_8s_18s_18_4_1_U1687                            | 1   |        | sext_ln63_775               | sext      | dsp58_dp                 | 3       |
|       mul_8s_8s_16_1_1_U1661                                                       |     |        | mul_ln63_249                | mul       | auto                     | 0       |
|       dsp_dotpra3add_8s_8s_8s_8s_8s_8s_16s_18_4_1_U1685                            | 1   |        | mul_ln63_250                | mul       | dsp58_dp                 | 3       |
|       dsp_dotpra3add_8s_8s_8s_8s_8s_8s_16s_18_4_1_U1685                            | 1   |        | sext_ln63_777               | sext      | dsp58_dp                 | 3       |
|       dsp_dotpra3add_8s_8s_8s_8s_8s_8s_16s_18_4_1_U1685                            | 1   |        | mul_ln63_251                | mul       | dsp58_dp                 | 3       |
|       dsp_dotpra3add_8s_8s_8s_8s_8s_8s_16s_18_4_1_U1685                            | 1   |        | sext_ln63_778               | sext      | dsp58_dp                 | 3       |
|       dsp_dotpra3add_8s_8s_8s_8s_8s_8s_16s_18_4_1_U1685                            | 1   |        | mul_ln63_252                | mul       | dsp58_dp                 | 3       |
|       dsp_dotpra3add_8s_8s_8s_8s_8s_8s_16s_18_4_1_U1685                            | 1   |        | sext_ln63_779               | sext      | dsp58_dp                 | 3       |
|       dsp_dotpra3add_8s_8s_8s_8s_8s_8s_16s_18_4_1_U1685                            | 1   |        | add_ln63                    | add       | dsp58_dp                 | 3       |
|       dsp_dotpra3add_8s_8s_8s_8s_8s_8s_16s_18_4_1_U1685                            | 1   |        | add_ln63_187                | add       | dsp58_dp                 | 3       |
|       dsp_dotpra3add_8s_8s_8s_8s_8s_8s_16s_18_4_1_U1685                            | 1   |        | sext_ln63_780               | sext      | dsp58_dp                 | 3       |
|       dsp_dotpra3add_8s_8s_8s_8s_8s_8s_16s_18_4_1_U1685                            | 1   |        | add_ln63_188                | add       | dsp58_dp                 | 3       |
|       dsp_dotpra3add_8s_8s_8s_8s_8s_8s_18s_18_4_1_U1687                            | 1   |        | add_ln63_189                | add       | dsp58_dp                 | 3       |
|       dsp_dotpra3add_8s_8s_8s_8s_8s_8s_18s_18_4_1_U1687                            | 1   |        | add_ln63_190                | add       | dsp58_dp                 | 3       |
|       dsp_dotpra3add_8s_8s_8s_8s_8s_8s_18s_18_4_1_U1687                            | 1   |        | sext_ln63_785               | sext      | dsp58_dp                 | 3       |
|       dsp_dotpra3add_8s_8s_8s_8s_8s_8s_18s_18_4_1_U1687                            | 1   |        | add_ln63_191                | add       | dsp58_dp                 | 3       |
|       mac_muladd_8s_8s_18s_19_4_1_U1690                                            | 1   |        | add_ln63_192                | add       | dsp_slice                | 3       |
|       mac_muladd_8s_8s_16s_17_4_1_U1689                                            | 1   |        | add_ln63_193                | add       | dsp_slice                | 3       |
|       mac_muladd_8s_8s_16s_17_4_1_U1686                                            | 1   |        | add_ln63_195                | add       | dsp_slice                | 3       |
|       dsp_dotpra3add_8s_8s_8s_8s_8s_8s_17s_18_4_1_U1693                            | 1   |        | add_ln63_196                | add       | dsp58_dp                 | 3       |
|       dsp_dotpra3add_8s_8s_8s_8s_8s_8s_17s_18_4_1_U1693                            | 1   |        | add_ln63_197                | add       | dsp58_dp                 | 3       |
|       dsp_dotpra3add_8s_8s_8s_8s_8s_8s_17s_18_4_1_U1693                            | 1   |        | sext_ln63_788               | sext      | dsp58_dp                 | 3       |
|       dsp_dotpra3add_8s_8s_8s_8s_8s_8s_17s_18_4_1_U1693                            | 1   |        | add_ln63_198                | add       | dsp58_dp                 | 3       |
|       mac_muladd_8s_8s_19s_20_4_1_U1699                                            | 1   |        | add_ln63_200                | add       | dsp_slice                | 3       |
|       mac_muladd_8s_8s_16s_17_4_1_U1698                                            | 1   |        | add_ln63_201                | add       | dsp_slice                | 3       |
|       add_ln63_202_fu_4016_p2                                                      |     |        | add_ln63_202                | add       | fabric                   | 0       |
|       mac_muladd_8s_8s_16s_17_4_1_U1697                                            | 1   |        | add_ln63_203                | add       | dsp_slice                | 3       |
|       mac_muladd_8s_8s_16s_17_4_1_U1696                                            | 1   |        | add_ln63_204                | add       | dsp_slice                | 3       |
|       add_ln63_205_fu_4027_p2                                                      |     |        | add_ln63_205                | add       | fabric                   | 0       |
|       mac_muladd_8s_8s_16s_17_4_1_U1692                                            | 1   |        | add_ln63_207                | add       | dsp_slice                | 3       |
|       mac_muladd_8s_8s_16s_17_4_1_U1691                                            | 1   |        | add_ln63_208                | add       | dsp_slice                | 3       |
|       add_ln63_209_fu_3947_p2                                                      |     |        | add_ln63_209                | add       | fabric                   | 0       |
|       mac_muladd_8s_8s_16s_17_4_1_U1688                                            | 1   |        | add_ln63_210                | add       | dsp_slice                | 3       |
|       dsp_dotpra3add_8s_8s_8s_8s_8s_8s_17s_18_4_1_U1695                            | 1   |        | add_ln63_211                | add       | dsp58_dp                 | 3       |
|       dsp_dotpra3add_8s_8s_8s_8s_8s_8s_17s_18_4_1_U1695                            | 1   |        | add_ln63_212                | add       | dsp58_dp                 | 3       |
|       dsp_dotpra3add_8s_8s_8s_8s_8s_8s_17s_18_4_1_U1695                            | 1   |        | sext_ln63_798               | sext      | dsp58_dp                 | 3       |
|       dsp_dotpra3add_8s_8s_8s_8s_8s_8s_17s_18_4_1_U1695                            | 1   |        | add_ln63_213                | add       | dsp58_dp                 | 3       |
|       add_ln63_214_fu_4039_p2                                                      |     |        | add_ln63_214                | add       | fabric                   | 0       |
|       mac_muladd_8s_8s_20s_21_4_1_U1714                                            | 1   |        | add_ln63_216                | add       | dsp_slice                | 3       |
|       mac_muladd_8s_8s_16s_17_4_1_U1713                                            | 1   |        | add_ln63_217                | add       | dsp_slice                | 3       |
|       mac_muladd_8s_8s_16s_17_4_1_U1711                                            | 1   |        | add_ln63_219                | add       | dsp_slice                | 3       |
|       mac_muladd_8s_8s_16s_17_4_1_U1710                                            | 1   |        | add_ln63_220                | add       | dsp_slice                | 3       |
|       add_ln63_221_fu_4093_p2                                                      |     |        | add_ln63_221                | add       | fabric                   | 0       |
|       mac_muladd_8s_8s_16s_17_4_1_U1709                                            | 1   |        | add_ln63_223                | add       | dsp_slice                | 3       |
|       mac_muladd_8s_8s_16s_17_4_1_U1708                                            | 1   |        | add_ln63_224                | add       | dsp_slice                | 3       |
|       add_ln63_225_fu_4105_p2                                                      |     |        | add_ln63_225                | add       | fabric                   | 0       |
|       mac_muladd_8s_8s_16s_17_4_1_U1707                                            | 1   |        | add_ln63_226                | add       | dsp_slice                | 3       |
|       mac_muladd_8s_8s_16s_17_4_1_U1706                                            | 1   |        | add_ln63_227                | add       | dsp_slice                | 3       |
|       add_ln63_228_fu_4117_p2                                                      |     |        | add_ln63_228                | add       | fabric                   | 0       |
|       add_ln63_229_fu_4182_p2                                                      |     |        | add_ln63_229                | add       | fabric                   | 0       |
|       mac_muladd_8s_8s_16s_17_4_1_U1705                                            | 1   |        | add_ln63_231                | add       | dsp_slice                | 3       |
|       mac_muladd_8s_8s_16s_17_4_1_U1704                                            | 1   |        | add_ln63_232                | add       | dsp_slice                | 3       |
|       add_ln63_233_fu_4129_p2                                                      |     |        | add_ln63_233                | add       | fabric                   | 0       |
|       mac_muladd_8s_8s_16s_17_4_1_U1703                                            | 1   |        | add_ln63_234                | add       | dsp_slice                | 3       |
|       mac_muladd_8s_8s_16s_17_4_1_U1702                                            | 1   |        | add_ln63_235                | add       | dsp_slice                | 3       |
|       add_ln63_236_fu_4141_p2                                                      |     |        | add_ln63_236                | add       | fabric                   | 0       |
|       add_ln63_237_fu_4194_p2                                                      |     |        | add_ln63_237                | add       | fabric                   | 0       |
|       mac_muladd_8s_8s_16s_17_4_1_U1701                                            | 1   |        | add_ln63_238                | add       | dsp_slice                | 3       |
|       mac_muladd_8s_8s_16s_17_4_1_U1700                                            | 1   |        | add_ln63_239                | add       | dsp_slice                | 3       |
|       add_ln63_240_fu_4153_p2                                                      |     |        | add_ln63_240                | add       | fabric                   | 0       |
|       mac_muladd_8s_8s_16s_17_4_1_U1694                                            | 1   |        | add_ln63_241                | add       | dsp_slice                | 3       |
|       dsp_dotpra3add_8s_8s_8s_8s_8s_8s_17s_18_4_1_U1712                            | 1   |        | add_ln63_242                | add       | dsp58_dp                 | 3       |
|       dsp_dotpra3add_8s_8s_8s_8s_8s_8s_17s_18_4_1_U1712                            | 1   |        | add_ln63_243                | add       | dsp58_dp                 | 3       |
|       dsp_dotpra3add_8s_8s_8s_8s_8s_8s_17s_18_4_1_U1712                            | 1   |        | sext_ln63_823               | sext      | dsp58_dp                 | 3       |
|       dsp_dotpra3add_8s_8s_8s_8s_8s_8s_17s_18_4_1_U1712                            | 1   |        | add_ln63_244                | add       | dsp58_dp                 | 3       |
|       add_ln63_245_fu_4210_p2                                                      |     |        | add_ln63_245                | add       | fabric                   | 0       |
|       add_ln63_246_fu_4220_p2                                                      |     |        | add_ln63_246                | add       | fabric                   | 0       |
|       mac_muladd_8s_8s_21s_22_4_1_U1715                                            | 1   |        | prod                        | add       | dsp_slice                | 3       |
|       sitofp_32s_32_5_no_dsp_1_U1660                                               |     |        | conv51_i_i                  | sitofp    | auto                     | 4       |
|       fmul_32ns_32ns_32_3_primitive_dsp_1_U1659                                    | 1   |        | tmp57                       | fmul      | primitivedsp             | 2       |
|       icmp_ln65_fu_1961_p2                                                         |     |        | icmp_ln65                   | seteq     | auto                     | 0       |
|       fmacc_32ns_32ns_32ns_1ns_32_4_primitive_dsp_1_U1684                          | 1   |        | sum_out_4                   | fmacc     | primitivedsp             | 3       |
|       k_fu_1908_p2                                                                 |     |        | k                           | add       | fabric                   | 0       |
|      + alt_mat_mult_main_Pipeline_amm_tok_sf                                       | 0   |        |                             |           |                          |         |
|        i_28_fu_3869_p2                                                             |     |        | i_28                        | add       | fabric                   | 0       |
|        icmp_ln23_fu_3879_p2                                                        |     |        | icmp_ln23                   | seteq     | auto                     | 0       |
|     + alt_mat_mult_main_13                                                         | 33  |        |                             |           |                          |         |
|       sub_ln116_fu_1779_p2                                                         |     |        | sub_ln116                   | sub       | fabric                   | 0       |
|       sub_ln116_3_fu_1808_p2                                                       |     |        | sub_ln116_3                 | sub       | fabric                   | 0       |
|       select_ln116_fu_1817_p3                                                      |     |        | select_ln116                | select    | auto_sel                 | 0       |
|       i_fu_1852_p2                                                                 |     |        | i                           | add       | fabric                   | 0       |
|       icmp_ln33_fu_1858_p2                                                         |     |        | icmp_ln33                   | seteq     | auto                     | 0       |
|       add_ln37_fu_1863_p2                                                          |     |        | add_ln37                    | add       | fabric                   | 0       |
|       icmp_ln37_fu_1869_p2                                                         |     |        | icmp_ln37                   | seteq     | auto                     | 0       |
|       icmp_ln44_fu_1874_p2                                                         |     |        | icmp_ln44                   | seteq     | auto                     | 0       |
|       select_ln37_fu_1880_p3                                                       |     |        | select_ln37                 | select    | auto_sel                 | 0       |
|       add_ln37_3_fu_1888_p2                                                        |     |        | add_ln37_3                  | add       | fabric                   | 0       |
|       select_ln37_4_fu_1894_p3                                                     |     |        | select_ln37_4               | select    | auto_sel                 | 0       |
|       first_iter_0_fu_1902_p2                                                      |     |        | first_iter_0                | seteq     | auto                     | 0       |
|       lshr_ln48_fu_4341_p2                                                         |     |        | lshr_ln48                   | lshr      | auto_pipe                | 0       |
|       lshr_ln48_3_fu_4291_p2                                                       |     |        | lshr_ln48_3                 | lshr      | auto_pipe                | 0       |
|       add_ln59_fu_1931_p2                                                          |     |        | add_ln59                    | add       | fabric                   | 0       |
|       mac_muladd_8s_8s_21s_22_4_1_U1849                                            | 1   |        | mul_ln63                    | mul       | dsp_slice                | 3       |
|       mac_muladd_8s_8s_21s_22_4_1_U1849                                            | 1   |        | sext_ln63_520               | sext      | dsp_slice                | 3       |
|       dsp_dotpra3add_8s_8s_8s_8s_8s_8s_17s_18_4_1_U1846                            | 1   |        | mul_ln63_127                | mul       | dsp58_dp                 | 3       |
|       dsp_dotpra3add_8s_8s_8s_8s_8s_8s_17s_18_4_1_U1846                            | 1   |        | sext_ln63_521               | sext      | dsp58_dp                 | 3       |
|       dsp_dotpra3add_8s_8s_8s_8s_8s_8s_17s_18_4_1_U1846                            | 1   |        | mul_ln63_128                | mul       | dsp58_dp                 | 3       |
|       dsp_dotpra3add_8s_8s_8s_8s_8s_8s_17s_18_4_1_U1846                            | 1   |        | sext_ln63_522               | sext      | dsp58_dp                 | 3       |
|       dsp_dotpra3add_8s_8s_8s_8s_8s_8s_17s_18_4_1_U1846                            | 1   |        | mul_ln63_129                | mul       | dsp58_dp                 | 3       |
|       dsp_dotpra3add_8s_8s_8s_8s_8s_8s_17s_18_4_1_U1846                            | 1   |        | sext_ln63_523               | sext      | dsp58_dp                 | 3       |
|       mac_muladd_8s_8s_16s_17_4_1_U1828                                            | 1   |        | mul_ln63_130                | mul       | dsp_slice                | 3       |
|       mac_muladd_8s_8s_16s_17_4_1_U1828                                            | 1   |        | sext_ln63_524               | sext      | dsp_slice                | 3       |
|       mul_8s_8s_16_1_1_U1801                                                       |     |        | mul_ln63_131                | mul       | auto                     | 0       |
|       mac_muladd_8s_8s_16s_17_4_1_U1834                                            | 1   |        | mul_ln63_132                | mul       | dsp_slice                | 3       |
|       mac_muladd_8s_8s_16s_17_4_1_U1834                                            | 1   |        | sext_ln63_526               | sext      | dsp_slice                | 3       |
|       mul_8s_8s_16_1_1_U1805                                                       |     |        | mul_ln63_133                | mul       | auto                     | 0       |
|       mac_muladd_8s_8s_16s_17_4_1_U1835                                            | 1   |        | mul_ln63_134                | mul       | dsp_slice                | 3       |
|       mac_muladd_8s_8s_16s_17_4_1_U1835                                            | 1   |        | sext_ln63_528               | sext      | dsp_slice                | 3       |
|       mul_8s_8s_16_1_1_U1806                                                       |     |        | mul_ln63_135                | mul       | auto                     | 0       |
|       mac_muladd_8s_8s_16s_17_4_1_U1836                                            | 1   |        | mul_ln63_136                | mul       | dsp_slice                | 3       |
|       mac_muladd_8s_8s_16s_17_4_1_U1836                                            | 1   |        | sext_ln63_530               | sext      | dsp_slice                | 3       |
|       mul_8s_8s_16_1_1_U1807                                                       |     |        | mul_ln63_137                | mul       | auto                     | 0       |
|       mac_muladd_8s_8s_16s_17_4_1_U1837                                            | 1   |        | mul_ln63_138                | mul       | dsp_slice                | 3       |
|       mac_muladd_8s_8s_16s_17_4_1_U1837                                            | 1   |        | sext_ln63_532               | sext      | dsp_slice                | 3       |
|       mul_8s_8s_16_1_1_U1808                                                       |     |        | mul_ln63_139                | mul       | auto                     | 0       |
|       mac_muladd_8s_8s_16s_17_4_1_U1838                                            | 1   |        | mul_ln63_140                | mul       | dsp_slice                | 3       |
|       mac_muladd_8s_8s_16s_17_4_1_U1838                                            | 1   |        | sext_ln63_534               | sext      | dsp_slice                | 3       |
|       mul_8s_8s_16_1_1_U1809                                                       |     |        | mul_ln63_141                | mul       | auto                     | 0       |
|       mac_muladd_8s_8s_16s_17_4_1_U1839                                            | 1   |        | mul_ln63_142                | mul       | dsp_slice                | 3       |
|       mac_muladd_8s_8s_16s_17_4_1_U1839                                            | 1   |        | sext_ln63_536               | sext      | dsp_slice                | 3       |
|       mul_8s_8s_16_1_1_U1810                                                       |     |        | mul_ln63_143                | mul       | auto                     | 0       |
|       mac_muladd_8s_8s_16s_17_4_1_U1840                                            | 1   |        | mul_ln63_144                | mul       | dsp_slice                | 3       |
|       mac_muladd_8s_8s_16s_17_4_1_U1840                                            | 1   |        | sext_ln63_538               | sext      | dsp_slice                | 3       |
|       mul_8s_8s_16_1_1_U1811                                                       |     |        | mul_ln63_145                | mul       | auto                     | 0       |
|       mac_muladd_8s_8s_16s_17_4_1_U1841                                            | 1   |        | mul_ln63_146                | mul       | dsp_slice                | 3       |
|       mac_muladd_8s_8s_16s_17_4_1_U1841                                            | 1   |        | sext_ln63_540               | sext      | dsp_slice                | 3       |
|       mul_8s_8s_16_1_1_U1812                                                       |     |        | mul_ln63_147                | mul       | auto                     | 0       |
|       mac_muladd_8s_8s_16s_17_4_1_U1842                                            | 1   |        | mul_ln63_148                | mul       | dsp_slice                | 3       |
|       mac_muladd_8s_8s_16s_17_4_1_U1842                                            | 1   |        | sext_ln63_542               | sext      | dsp_slice                | 3       |
|       mul_8s_8s_16_1_1_U1813                                                       |     |        | mul_ln63_149                | mul       | auto                     | 0       |
|       mac_muladd_8s_8s_16s_17_4_1_U1843                                            | 1   |        | mul_ln63_150                | mul       | dsp_slice                | 3       |
|       mac_muladd_8s_8s_16s_17_4_1_U1843                                            | 1   |        | sext_ln63_544               | sext      | dsp_slice                | 3       |
|       mul_8s_8s_16_1_1_U1814                                                       |     |        | mul_ln63_151                | mul       | auto                     | 0       |
|       mac_muladd_8s_8s_16s_17_4_1_U1844                                            | 1   |        | mul_ln63_152                | mul       | dsp_slice                | 3       |
|       mac_muladd_8s_8s_16s_17_4_1_U1844                                            | 1   |        | sext_ln63_546               | sext      | dsp_slice                | 3       |
|       mul_8s_8s_16_1_1_U1815                                                       |     |        | mul_ln63_153                | mul       | auto                     | 0       |
|       mac_muladd_8s_8s_16s_17_4_1_U1845                                            | 1   |        | mul_ln63_154                | mul       | dsp_slice                | 3       |
|       mac_muladd_8s_8s_16s_17_4_1_U1845                                            | 1   |        | sext_ln63_548               | sext      | dsp_slice                | 3       |
|       mul_8s_8s_16_1_1_U1816                                                       |     |        | mul_ln63_155                | mul       | auto                     | 0       |
|       mac_muladd_8s_8s_16s_17_4_1_U1847                                            | 1   |        | mul_ln63_156                | mul       | dsp_slice                | 3       |
|       mac_muladd_8s_8s_16s_17_4_1_U1847                                            | 1   |        | sext_ln63_550               | sext      | dsp_slice                | 3       |
|       mul_8s_8s_16_1_1_U1817                                                       |     |        | mul_ln63_157                | mul       | auto                     | 0       |
|       mac_muladd_8s_8s_20s_21_4_1_U1848                                            | 1   |        | mul_ln63_158                | mul       | dsp_slice                | 3       |
|       mac_muladd_8s_8s_20s_21_4_1_U1848                                            | 1   |        | sext_ln63_552               | sext      | dsp_slice                | 3       |
|       dsp_dotpra3add_8s_8s_8s_8s_8s_8s_17s_18_4_1_U1829                            | 1   |        | mul_ln63_159                | mul       | dsp58_dp                 | 3       |
|       dsp_dotpra3add_8s_8s_8s_8s_8s_8s_17s_18_4_1_U1829                            | 1   |        | sext_ln63_553               | sext      | dsp58_dp                 | 3       |
|       dsp_dotpra3add_8s_8s_8s_8s_8s_8s_17s_18_4_1_U1829                            | 1   |        | mul_ln63_160                | mul       | dsp58_dp                 | 3       |
|       dsp_dotpra3add_8s_8s_8s_8s_8s_8s_17s_18_4_1_U1829                            | 1   |        | sext_ln63_554               | sext      | dsp58_dp                 | 3       |
|       dsp_dotpra3add_8s_8s_8s_8s_8s_8s_17s_18_4_1_U1829                            | 1   |        | mul_ln63_161                | mul       | dsp58_dp                 | 3       |
|       dsp_dotpra3add_8s_8s_8s_8s_8s_8s_17s_18_4_1_U1829                            | 1   |        | sext_ln63_555               | sext      | dsp58_dp                 | 3       |
|       mac_muladd_8s_8s_16s_17_4_1_U1822                                            | 1   |        | mul_ln63_162                | mul       | dsp_slice                | 3       |
|       mac_muladd_8s_8s_16s_17_4_1_U1822                                            | 1   |        | sext_ln63_556               | sext      | dsp_slice                | 3       |
|       mul_8s_8s_16_1_1_U1797                                                       |     |        | mul_ln63_163                | mul       | auto                     | 0       |
|       mac_muladd_8s_8s_16s_17_4_1_U1825                                            | 1   |        | mul_ln63_164                | mul       | dsp_slice                | 3       |
|       mac_muladd_8s_8s_16s_17_4_1_U1825                                            | 1   |        | sext_ln63_558               | sext      | dsp_slice                | 3       |
|       mul_8s_8s_16_1_1_U1799                                                       |     |        | mul_ln63_165                | mul       | auto                     | 0       |
|       mac_muladd_8s_8s_16s_17_4_1_U1826                                            | 1   |        | mul_ln63_166                | mul       | dsp_slice                | 3       |
|       mac_muladd_8s_8s_16s_17_4_1_U1826                                            | 1   |        | sext_ln63_560               | sext      | dsp_slice                | 3       |
|       mul_8s_8s_16_1_1_U1800                                                       |     |        | mul_ln63_167                | mul       | auto                     | 0       |
|       mac_muladd_8s_8s_16s_17_4_1_U1830                                            | 1   |        | mul_ln63_168                | mul       | dsp_slice                | 3       |
|       mac_muladd_8s_8s_16s_17_4_1_U1830                                            | 1   |        | sext_ln63_562               | sext      | dsp_slice                | 3       |
|       mul_8s_8s_16_1_1_U1802                                                       |     |        | mul_ln63_169                | mul       | auto                     | 0       |
|       mac_muladd_8s_8s_16s_17_4_1_U1831                                            | 1   |        | mul_ln63_170                | mul       | dsp_slice                | 3       |
|       mac_muladd_8s_8s_16s_17_4_1_U1831                                            | 1   |        | sext_ln63_564               | sext      | dsp_slice                | 3       |
|       mul_8s_8s_16_1_1_U1803                                                       |     |        | mul_ln63_171                | mul       | auto                     | 0       |
|       mac_muladd_8s_8s_16s_17_4_1_U1832                                            | 1   |        | mul_ln63_172                | mul       | dsp_slice                | 3       |
|       mac_muladd_8s_8s_16s_17_4_1_U1832                                            | 1   |        | sext_ln63_566               | sext      | dsp_slice                | 3       |
|       mul_8s_8s_16_1_1_U1804                                                       |     |        | mul_ln63_173                | mul       | auto                     | 0       |
|       mac_muladd_8s_8s_19s_20_4_1_U1833                                            | 1   |        | mul_ln63_174                | mul       | dsp_slice                | 3       |
|       mac_muladd_8s_8s_19s_20_4_1_U1833                                            | 1   |        | sext_ln63_568               | sext      | dsp_slice                | 3       |
|       dsp_dotpra3add_8s_8s_8s_8s_8s_8s_17s_18_4_1_U1827                            | 1   |        | mul_ln63_175                | mul       | dsp58_dp                 | 3       |
|       dsp_dotpra3add_8s_8s_8s_8s_8s_8s_17s_18_4_1_U1827                            | 1   |        | sext_ln63_569               | sext      | dsp58_dp                 | 3       |
|       dsp_dotpra3add_8s_8s_8s_8s_8s_8s_17s_18_4_1_U1827                            | 1   |        | mul_ln63_176                | mul       | dsp58_dp                 | 3       |
|       dsp_dotpra3add_8s_8s_8s_8s_8s_8s_17s_18_4_1_U1827                            | 1   |        | sext_ln63_570               | sext      | dsp58_dp                 | 3       |
|       dsp_dotpra3add_8s_8s_8s_8s_8s_8s_17s_18_4_1_U1827                            | 1   |        | mul_ln63_177                | mul       | dsp58_dp                 | 3       |
|       dsp_dotpra3add_8s_8s_8s_8s_8s_8s_17s_18_4_1_U1827                            | 1   |        | sext_ln63_571               | sext      | dsp58_dp                 | 3       |
|       mac_muladd_8s_8s_16s_17_4_1_U1820                                            | 1   |        | mul_ln63_178                | mul       | dsp_slice                | 3       |
|       mac_muladd_8s_8s_16s_17_4_1_U1820                                            | 1   |        | sext_ln63_572               | sext      | dsp_slice                | 3       |
|       mul_8s_8s_16_1_1_U1796                                                       |     |        | mul_ln63_179                | mul       | auto                     | 0       |
|       mac_muladd_8s_8s_16s_17_4_1_U1823                                            | 1   |        | mul_ln63_180                | mul       | dsp_slice                | 3       |
|       mac_muladd_8s_8s_16s_17_4_1_U1823                                            | 1   |        | sext_ln63_574               | sext      | dsp_slice                | 3       |
|       mul_8s_8s_16_1_1_U1798                                                       |     |        | mul_ln63_181                | mul       | auto                     | 0       |
|       mac_muladd_8s_8s_18s_19_4_1_U1824                                            | 1   |        | mul_ln63_182                | mul       | dsp_slice                | 3       |
|       mac_muladd_8s_8s_18s_19_4_1_U1824                                            | 1   |        | sext_ln63_576               | sext      | dsp_slice                | 3       |
|       dsp_dotpra3add_8s_8s_8s_8s_8s_8s_18s_18_4_1_U1821                            | 1   |        | mul_ln63_183                | mul       | dsp58_dp                 | 3       |
|       dsp_dotpra3add_8s_8s_8s_8s_8s_8s_18s_18_4_1_U1821                            | 1   |        | sext_ln63_577               | sext      | dsp58_dp                 | 3       |
|       dsp_dotpra3add_8s_8s_8s_8s_8s_8s_18s_18_4_1_U1821                            | 1   |        | mul_ln63_184                | mul       | dsp58_dp                 | 3       |
|       dsp_dotpra3add_8s_8s_8s_8s_8s_8s_18s_18_4_1_U1821                            | 1   |        | sext_ln63_578               | sext      | dsp58_dp                 | 3       |
|       dsp_dotpra3add_8s_8s_8s_8s_8s_8s_18s_18_4_1_U1821                            | 1   |        | mul_ln63_185                | mul       | dsp58_dp                 | 3       |
|       dsp_dotpra3add_8s_8s_8s_8s_8s_8s_18s_18_4_1_U1821                            | 1   |        | sext_ln63_579               | sext      | dsp58_dp                 | 3       |
|       mul_8s_8s_16_1_1_U1795                                                       |     |        | mul_ln63_186                | mul       | auto                     | 0       |
|       dsp_dotpra3add_8s_8s_8s_8s_8s_8s_16s_18_4_1_U1819                            | 1   |        | mul_ln63_187                | mul       | dsp58_dp                 | 3       |
|       dsp_dotpra3add_8s_8s_8s_8s_8s_8s_16s_18_4_1_U1819                            | 1   |        | sext_ln63_581               | sext      | dsp58_dp                 | 3       |
|       dsp_dotpra3add_8s_8s_8s_8s_8s_8s_16s_18_4_1_U1819                            | 1   |        | mul_ln63_188                | mul       | dsp58_dp                 | 3       |
|       dsp_dotpra3add_8s_8s_8s_8s_8s_8s_16s_18_4_1_U1819                            | 1   |        | sext_ln63_582               | sext      | dsp58_dp                 | 3       |
|       dsp_dotpra3add_8s_8s_8s_8s_8s_8s_16s_18_4_1_U1819                            | 1   |        | mul_ln63_189                | mul       | dsp58_dp                 | 3       |
|       dsp_dotpra3add_8s_8s_8s_8s_8s_8s_16s_18_4_1_U1819                            | 1   |        | sext_ln63_583               | sext      | dsp58_dp                 | 3       |
|       dsp_dotpra3add_8s_8s_8s_8s_8s_8s_16s_18_4_1_U1819                            | 1   |        | add_ln63                    | add       | dsp58_dp                 | 3       |
|       dsp_dotpra3add_8s_8s_8s_8s_8s_8s_16s_18_4_1_U1819                            | 1   |        | add_ln63_125                | add       | dsp58_dp                 | 3       |
|       dsp_dotpra3add_8s_8s_8s_8s_8s_8s_16s_18_4_1_U1819                            | 1   |        | sext_ln63_584               | sext      | dsp58_dp                 | 3       |
|       dsp_dotpra3add_8s_8s_8s_8s_8s_8s_16s_18_4_1_U1819                            | 1   |        | add_ln63_126                | add       | dsp58_dp                 | 3       |
|       dsp_dotpra3add_8s_8s_8s_8s_8s_8s_18s_18_4_1_U1821                            | 1   |        | add_ln63_127                | add       | dsp58_dp                 | 3       |
|       dsp_dotpra3add_8s_8s_8s_8s_8s_8s_18s_18_4_1_U1821                            | 1   |        | add_ln63_128                | add       | dsp58_dp                 | 3       |
|       dsp_dotpra3add_8s_8s_8s_8s_8s_8s_18s_18_4_1_U1821                            | 1   |        | sext_ln63_589               | sext      | dsp58_dp                 | 3       |
|       dsp_dotpra3add_8s_8s_8s_8s_8s_8s_18s_18_4_1_U1821                            | 1   |        | add_ln63_129                | add       | dsp58_dp                 | 3       |
|       mac_muladd_8s_8s_18s_19_4_1_U1824                                            | 1   |        | add_ln63_130                | add       | dsp_slice                | 3       |
|       mac_muladd_8s_8s_16s_17_4_1_U1823                                            | 1   |        | add_ln63_131                | add       | dsp_slice                | 3       |
|       mac_muladd_8s_8s_16s_17_4_1_U1820                                            | 1   |        | add_ln63_133                | add       | dsp_slice                | 3       |
|       dsp_dotpra3add_8s_8s_8s_8s_8s_8s_17s_18_4_1_U1827                            | 1   |        | add_ln63_134                | add       | dsp58_dp                 | 3       |
|       dsp_dotpra3add_8s_8s_8s_8s_8s_8s_17s_18_4_1_U1827                            | 1   |        | add_ln63_135                | add       | dsp58_dp                 | 3       |
|       dsp_dotpra3add_8s_8s_8s_8s_8s_8s_17s_18_4_1_U1827                            | 1   |        | sext_ln63_592               | sext      | dsp58_dp                 | 3       |
|       dsp_dotpra3add_8s_8s_8s_8s_8s_8s_17s_18_4_1_U1827                            | 1   |        | add_ln63_136                | add       | dsp58_dp                 | 3       |
|       mac_muladd_8s_8s_19s_20_4_1_U1833                                            | 1   |        | add_ln63_138                | add       | dsp_slice                | 3       |
|       mac_muladd_8s_8s_16s_17_4_1_U1832                                            | 1   |        | add_ln63_139                | add       | dsp_slice                | 3       |
|       add_ln63_140_fu_4016_p2                                                      |     |        | add_ln63_140                | add       | fabric                   | 0       |
|       mac_muladd_8s_8s_16s_17_4_1_U1831                                            | 1   |        | add_ln63_141                | add       | dsp_slice                | 3       |
|       mac_muladd_8s_8s_16s_17_4_1_U1830                                            | 1   |        | add_ln63_142                | add       | dsp_slice                | 3       |
|       add_ln63_143_fu_4027_p2                                                      |     |        | add_ln63_143                | add       | fabric                   | 0       |
|       mac_muladd_8s_8s_16s_17_4_1_U1826                                            | 1   |        | add_ln63_145                | add       | dsp_slice                | 3       |
|       mac_muladd_8s_8s_16s_17_4_1_U1825                                            | 1   |        | add_ln63_146                | add       | dsp_slice                | 3       |
|       add_ln63_147_fu_3947_p2                                                      |     |        | add_ln63_147                | add       | fabric                   | 0       |
|       mac_muladd_8s_8s_16s_17_4_1_U1822                                            | 1   |        | add_ln63_148                | add       | dsp_slice                | 3       |
|       dsp_dotpra3add_8s_8s_8s_8s_8s_8s_17s_18_4_1_U1829                            | 1   |        | add_ln63_149                | add       | dsp58_dp                 | 3       |
|       dsp_dotpra3add_8s_8s_8s_8s_8s_8s_17s_18_4_1_U1829                            | 1   |        | add_ln63_150                | add       | dsp58_dp                 | 3       |
|       dsp_dotpra3add_8s_8s_8s_8s_8s_8s_17s_18_4_1_U1829                            | 1   |        | sext_ln63_602               | sext      | dsp58_dp                 | 3       |
|       dsp_dotpra3add_8s_8s_8s_8s_8s_8s_17s_18_4_1_U1829                            | 1   |        | add_ln63_151                | add       | dsp58_dp                 | 3       |
|       add_ln63_152_fu_4039_p2                                                      |     |        | add_ln63_152                | add       | fabric                   | 0       |
|       mac_muladd_8s_8s_20s_21_4_1_U1848                                            | 1   |        | add_ln63_154                | add       | dsp_slice                | 3       |
|       mac_muladd_8s_8s_16s_17_4_1_U1847                                            | 1   |        | add_ln63_155                | add       | dsp_slice                | 3       |
|       mac_muladd_8s_8s_16s_17_4_1_U1845                                            | 1   |        | add_ln63_157                | add       | dsp_slice                | 3       |
|       mac_muladd_8s_8s_16s_17_4_1_U1844                                            | 1   |        | add_ln63_158                | add       | dsp_slice                | 3       |
|       add_ln63_159_fu_4093_p2                                                      |     |        | add_ln63_159                | add       | fabric                   | 0       |
|       mac_muladd_8s_8s_16s_17_4_1_U1843                                            | 1   |        | add_ln63_161                | add       | dsp_slice                | 3       |
|       mac_muladd_8s_8s_16s_17_4_1_U1842                                            | 1   |        | add_ln63_162                | add       | dsp_slice                | 3       |
|       add_ln63_163_fu_4105_p2                                                      |     |        | add_ln63_163                | add       | fabric                   | 0       |
|       mac_muladd_8s_8s_16s_17_4_1_U1841                                            | 1   |        | add_ln63_164                | add       | dsp_slice                | 3       |
|       mac_muladd_8s_8s_16s_17_4_1_U1840                                            | 1   |        | add_ln63_165                | add       | dsp_slice                | 3       |
|       add_ln63_166_fu_4117_p2                                                      |     |        | add_ln63_166                | add       | fabric                   | 0       |
|       add_ln63_167_fu_4182_p2                                                      |     |        | add_ln63_167                | add       | fabric                   | 0       |
|       mac_muladd_8s_8s_16s_17_4_1_U1839                                            | 1   |        | add_ln63_169                | add       | dsp_slice                | 3       |
|       mac_muladd_8s_8s_16s_17_4_1_U1838                                            | 1   |        | add_ln63_170                | add       | dsp_slice                | 3       |
|       add_ln63_171_fu_4129_p2                                                      |     |        | add_ln63_171                | add       | fabric                   | 0       |
|       mac_muladd_8s_8s_16s_17_4_1_U1837                                            | 1   |        | add_ln63_172                | add       | dsp_slice                | 3       |
|       mac_muladd_8s_8s_16s_17_4_1_U1836                                            | 1   |        | add_ln63_173                | add       | dsp_slice                | 3       |
|       add_ln63_174_fu_4141_p2                                                      |     |        | add_ln63_174                | add       | fabric                   | 0       |
|       add_ln63_175_fu_4194_p2                                                      |     |        | add_ln63_175                | add       | fabric                   | 0       |
|       mac_muladd_8s_8s_16s_17_4_1_U1835                                            | 1   |        | add_ln63_176                | add       | dsp_slice                | 3       |
|       mac_muladd_8s_8s_16s_17_4_1_U1834                                            | 1   |        | add_ln63_177                | add       | dsp_slice                | 3       |
|       add_ln63_178_fu_4153_p2                                                      |     |        | add_ln63_178                | add       | fabric                   | 0       |
|       mac_muladd_8s_8s_16s_17_4_1_U1828                                            | 1   |        | add_ln63_179                | add       | dsp_slice                | 3       |
|       dsp_dotpra3add_8s_8s_8s_8s_8s_8s_17s_18_4_1_U1846                            | 1   |        | add_ln63_180                | add       | dsp58_dp                 | 3       |
|       dsp_dotpra3add_8s_8s_8s_8s_8s_8s_17s_18_4_1_U1846                            | 1   |        | add_ln63_181                | add       | dsp58_dp                 | 3       |
|       dsp_dotpra3add_8s_8s_8s_8s_8s_8s_17s_18_4_1_U1846                            | 1   |        | sext_ln63_627               | sext      | dsp58_dp                 | 3       |
|       dsp_dotpra3add_8s_8s_8s_8s_8s_8s_17s_18_4_1_U1846                            | 1   |        | add_ln63_182                | add       | dsp58_dp                 | 3       |
|       add_ln63_183_fu_4210_p2                                                      |     |        | add_ln63_183                | add       | fabric                   | 0       |
|       add_ln63_184_fu_4220_p2                                                      |     |        | add_ln63_184                | add       | fabric                   | 0       |
|       mac_muladd_8s_8s_21s_22_4_1_U1849                                            | 1   |        | prod                        | add       | dsp_slice                | 3       |
|       sitofp_32s_32_5_no_dsp_1_U1794                                               |     |        | conv51_i_i                  | sitofp    | auto                     | 4       |
|       fmul_32ns_32ns_32_3_primitive_dsp_1_U1793                                    | 1   |        | tmp57                       | fmul      | primitivedsp             | 2       |
|       icmp_ln65_fu_1961_p2                                                         |     |        | icmp_ln65                   | seteq     | auto                     | 0       |
|       fmacc_32ns_32ns_32ns_1ns_32_4_primitive_dsp_1_U1818                          | 1   |        | sum_out_3                   | fmacc     | primitivedsp             | 3       |
|       k_fu_1908_p2                                                                 |     |        | k                           | add       | fabric                   | 0       |
|      + alt_mat_mult_main_13_Pipeline_amm_tok_sf                                    | 0   |        |                             |           |                          |         |
|        i_34_fu_3869_p2                                                             |     |        | i_34                        | add       | fabric                   | 0       |
|        icmp_ln23_fu_3879_p2                                                        |     |        | icmp_ln23                   | seteq     | auto                     | 0       |
|     + rr_merge_float_2_s                                                           | 0   |        |                             |           |                          |         |
|       sub_ln152_fu_87_p2                                                           |     |        | sub_ln152                   | sub       | fabric                   | 0       |
|       sub_ln152_2_fu_116_p2                                                        |     |        | sub_ln152_2                 | sub       | fabric                   | 0       |
|       select_ln152_fu_125_p3                                                       |     |        | select_ln152                | select    | auto_sel                 | 0       |
|      + rr_merge_float_2_Pipeline_tot_num_data                                      | 0   |        |                             |           |                          |         |
|        add_ln152_fu_92_p2                                                          |     |        | add_ln152                   | add       | fabric                   | 0       |
|        icmp_ln152_fu_102_p2                                                        |     |        | icmp_ln152                  | setlt     | auto                     | 0       |
|    + gemv_split_float_4ul_2_s                                                      | 0   |        |                             |           |                          |         |
|      add_ln110_fu_383_p2                                                           |     |        | add_ln110                   | add       | fabric                   | 0       |
|      icmp_ln110_fu_393_p2                                                          |     |        | icmp_ln110                  | setlt     | auto                     | 0       |
|      add_ln112_fu_456_p2                                                           |     |        | add_ln112                   | add       | fabric                   | 0       |
|      add_ln112_1_fu_466_p2                                                         |     |        | add_ln112_1                 | add       | fabric                   | 0       |
|      icmp_ln112_fu_472_p2                                                          |     |        | icmp_ln112                  | seteq     | auto                     | 0       |
|      add_ln129_fu_487_p2                                                           |     |        | add_ln129                   | add       | fabric                   | 0       |
|      add_ln133_fu_493_p2                                                           |     |        | add_ln133                   | add       | fabric                   | 0       |
|      icmp_ln134_fu_502_p2                                                          |     |        | icmp_ln134                  | seteq     | auto                     | 0       |
|     + gemv_split_float_4ul_2_Pipeline_flush                                        | 0   |        |                             |           |                          |         |
|       i_24_fu_54_p2                                                                |     |        | i_24                        | add       | fabric                   | 0       |
|       icmp_ln147_fu_60_p2                                                          |     |        | icmp_ln147                  | seteq     | auto                     | 0       |
|     + gemv_split_float_4ul_2_Pipeline_VITIS_LOOP_117_3                             | 0   |        |                             |           |                          |         |
|       add_ln117_fu_148_p2                                                          |     |        | add_ln117                   | add       | fabric                   | 0       |
|       icmp_ln117_fu_154_p2                                                         |     |        | icmp_ln117                  | seteq     | auto                     | 0       |
|       select_ln131_fu_165_p3                                                       |     |        | select_ln131                | select    | auto_sel                 | 0       |
|    + insertion_sort                                                                | 0   |        |                             |           |                          |         |
|      add_ln29_fu_1857_p2                                                           |     |        | add_ln29                    | add       | fabric                   | 0       |
|     + insertion_sort_Pipeline_systolic_sort                                        | 0   |        |                             |           |                          |         |
|       add_ln29_1_fu_3037_p2                                                        |     |        | add_ln29_1                  | add       | fabric                   | 0       |
|       icmp_ln29_fu_3047_p2                                                         |     |        | icmp_ln29                   | setlt     | auto                     | 0       |
|       fcmp_32ns_32ns_1_1_no_dsp_1_x_U1912                                          |     |        | cmp13_i_i                   | fcmp      | auto                     | 0       |
|       current_index_253_fu_3097_p3                                                 |     |        | current_index_253           | select    | auto_sel                 | 0       |
|       st_index_fu_3103_p3                                                          |     |        | st_index                    | select    | auto_sel                 | 0       |
|       current_prob_127_fu_3109_p3                                                  |     |        | current_prob_127            | select    | auto_sel                 | 0       |
|       st_index_128_fu_3114_p3                                                      |     |        | st_index_128                | select    | auto_sel                 | 0       |
|       current_prob_2_fu_3120_p3                                                    |     |        | current_prob_2              | select    | auto_sel                 | 0       |
|       fcmp_32ns_32ns_1_1_no_dsp_1_x_U1912                                          |     |        | cmp13_1_i_i                 | fcmp      | auto                     | 0       |
|       current_index_254_fu_3157_p3                                                 |     |        | current_index_254           | select    | auto_sel                 | 0       |
|       current_index_5_fu_3163_p3                                                   |     |        | current_index_5             | select    | auto_sel                 | 0       |
|       current_prob_128_fu_3169_p3                                                  |     |        | current_prob_128            | select    | auto_sel                 | 0       |
|       current_index_255_fu_3174_p3                                                 |     |        | current_index_255           | select    | auto_sel                 | 0       |
|       current_prob_4_fu_3180_p3                                                    |     |        | current_prob_4              | select    | auto_sel                 | 0       |
|       fcmp_32ns_32ns_1_1_no_dsp_1_x_U1912                                          |     |        | cmp13_2_i_i                 | fcmp      | auto                     | 0       |
|       current_index_256_fu_3217_p3                                                 |     |        | current_index_256           | select    | auto_sel                 | 0       |
|       current_index_9_fu_3223_p3                                                   |     |        | current_index_9             | select    | auto_sel                 | 0       |
|       current_prob_129_fu_3229_p3                                                  |     |        | current_prob_129            | select    | auto_sel                 | 0       |
|       current_index_257_fu_3234_p3                                                 |     |        | current_index_257           | select    | auto_sel                 | 0       |
|       current_prob_6_fu_3240_p3                                                    |     |        | current_prob_6              | select    | auto_sel                 | 0       |
|       fcmp_32ns_32ns_1_1_no_dsp_1_x_U1913                                          |     |        | cmp13_3_i_i                 | fcmp      | auto                     | 0       |
|       current_index_258_fu_3277_p3                                                 |     |        | current_index_258           | select    | auto_sel                 | 0       |
|       current_index_13_fu_3283_p3                                                  |     |        | current_index_13            | select    | auto_sel                 | 0       |
|       current_prob_130_fu_3289_p3                                                  |     |        | current_prob_130            | select    | auto_sel                 | 0       |
|       current_index_259_fu_3294_p3                                                 |     |        | current_index_259           | select    | auto_sel                 | 0       |
|       current_prob_8_fu_3300_p3                                                    |     |        | current_prob_8              | select    | auto_sel                 | 0       |
|       fcmp_32ns_32ns_1_1_no_dsp_1_x_U1913                                          |     |        | cmp13_4_i_i                 | fcmp      | auto                     | 0       |
|       current_index_260_fu_3337_p3                                                 |     |        | current_index_260           | select    | auto_sel                 | 0       |
|       current_index_17_fu_3343_p3                                                  |     |        | current_index_17            | select    | auto_sel                 | 0       |
|       current_prob_131_fu_3349_p3                                                  |     |        | current_prob_131            | select    | auto_sel                 | 0       |
|       current_index_261_fu_3354_p3                                                 |     |        | current_index_261           | select    | auto_sel                 | 0       |
|       current_prob_10_fu_3360_p3                                                   |     |        | current_prob_10             | select    | auto_sel                 | 0       |
|       fcmp_32ns_32ns_1_1_no_dsp_1_x_U1913                                          |     |        | cmp13_5_i_i                 | fcmp      | auto                     | 0       |
|       current_index_262_fu_3397_p3                                                 |     |        | current_index_262           | select    | auto_sel                 | 0       |
|       current_index_21_fu_3403_p3                                                  |     |        | current_index_21            | select    | auto_sel                 | 0       |
|       current_prob_132_fu_3409_p3                                                  |     |        | current_prob_132            | select    | auto_sel                 | 0       |
|       current_index_263_fu_3414_p3                                                 |     |        | current_index_263           | select    | auto_sel                 | 0       |
|       current_prob_12_fu_3420_p3                                                   |     |        | current_prob_12             | select    | auto_sel                 | 0       |
|       fcmp_32ns_32ns_1_1_no_dsp_1_x_U1914                                          |     |        | cmp13_6_i_i                 | fcmp      | auto                     | 0       |
|       current_index_264_fu_3457_p3                                                 |     |        | current_index_264           | select    | auto_sel                 | 0       |
|       current_index_25_fu_3463_p3                                                  |     |        | current_index_25            | select    | auto_sel                 | 0       |
|       current_prob_133_fu_3469_p3                                                  |     |        | current_prob_133            | select    | auto_sel                 | 0       |
|       current_index_265_fu_3474_p3                                                 |     |        | current_index_265           | select    | auto_sel                 | 0       |
|       current_prob_14_fu_3480_p3                                                   |     |        | current_prob_14             | select    | auto_sel                 | 0       |
|       fcmp_32ns_32ns_1_1_no_dsp_1_x_U1914                                          |     |        | cmp13_7_i_i                 | fcmp      | auto                     | 0       |
|       current_index_266_fu_3517_p3                                                 |     |        | current_index_266           | select    | auto_sel                 | 0       |
|       current_index_29_fu_3523_p3                                                  |     |        | current_index_29            | select    | auto_sel                 | 0       |
|       current_prob_134_fu_3529_p3                                                  |     |        | current_prob_134            | select    | auto_sel                 | 0       |
|       current_index_267_fu_3534_p3                                                 |     |        | current_index_267           | select    | auto_sel                 | 0       |
|       current_prob_16_fu_3540_p3                                                   |     |        | current_prob_16             | select    | auto_sel                 | 0       |
|       fcmp_32ns_32ns_1_1_no_dsp_1_x_U1914                                          |     |        | cmp13_8_i_i                 | fcmp      | auto                     | 0       |
|       current_index_268_fu_3577_p3                                                 |     |        | current_index_268           | select    | auto_sel                 | 0       |
|       current_index_33_fu_3583_p3                                                  |     |        | current_index_33            | select    | auto_sel                 | 0       |
|       current_prob_135_fu_3589_p3                                                  |     |        | current_prob_135            | select    | auto_sel                 | 0       |
|       current_index_269_fu_3594_p3                                                 |     |        | current_index_269           | select    | auto_sel                 | 0       |
|       current_prob_18_fu_3600_p3                                                   |     |        | current_prob_18             | select    | auto_sel                 | 0       |
|       fcmp_32ns_32ns_1_1_no_dsp_1_x_U1915                                          |     |        | cmp13_9_i_i                 | fcmp      | auto                     | 0       |
|       current_index_270_fu_3637_p3                                                 |     |        | current_index_270           | select    | auto_sel                 | 0       |
|       current_index_37_fu_3643_p3                                                  |     |        | current_index_37            | select    | auto_sel                 | 0       |
|       current_prob_136_fu_3649_p3                                                  |     |        | current_prob_136            | select    | auto_sel                 | 0       |
|       current_index_271_fu_3654_p3                                                 |     |        | current_index_271           | select    | auto_sel                 | 0       |
|       current_prob_20_fu_3660_p3                                                   |     |        | current_prob_20             | select    | auto_sel                 | 0       |
|       fcmp_32ns_32ns_1_1_no_dsp_1_x_U1915                                          |     |        | cmp13_10_i_i                | fcmp      | auto                     | 0       |
|       current_index_272_fu_3697_p3                                                 |     |        | current_index_272           | select    | auto_sel                 | 0       |
|       current_index_41_fu_3703_p3                                                  |     |        | current_index_41            | select    | auto_sel                 | 0       |
|       current_prob_137_fu_3709_p3                                                  |     |        | current_prob_137            | select    | auto_sel                 | 0       |
|       current_index_273_fu_3714_p3                                                 |     |        | current_index_273           | select    | auto_sel                 | 0       |
|       current_prob_22_fu_3720_p3                                                   |     |        | current_prob_22             | select    | auto_sel                 | 0       |
|       fcmp_32ns_32ns_1_1_no_dsp_1_x_U1915                                          |     |        | cmp13_11_i_i                | fcmp      | auto                     | 0       |
|       current_index_274_fu_3757_p3                                                 |     |        | current_index_274           | select    | auto_sel                 | 0       |
|       current_index_45_fu_3763_p3                                                  |     |        | current_index_45            | select    | auto_sel                 | 0       |
|       current_prob_138_fu_3769_p3                                                  |     |        | current_prob_138            | select    | auto_sel                 | 0       |
|       current_index_275_fu_3774_p3                                                 |     |        | current_index_275           | select    | auto_sel                 | 0       |
|       current_prob_24_fu_3780_p3                                                   |     |        | current_prob_24             | select    | auto_sel                 | 0       |
|       fcmp_32ns_32ns_1_1_no_dsp_1_x_U1916                                          |     |        | cmp13_12_i_i                | fcmp      | auto                     | 0       |
|       current_index_276_fu_3817_p3                                                 |     |        | current_index_276           | select    | auto_sel                 | 0       |
|       current_index_49_fu_3823_p3                                                  |     |        | current_index_49            | select    | auto_sel                 | 0       |
|       current_prob_139_fu_3829_p3                                                  |     |        | current_prob_139            | select    | auto_sel                 | 0       |
|       current_index_277_fu_3834_p3                                                 |     |        | current_index_277           | select    | auto_sel                 | 0       |
|       current_prob_26_fu_3840_p3                                                   |     |        | current_prob_26             | select    | auto_sel                 | 0       |
|       fcmp_32ns_32ns_1_1_no_dsp_1_x_U1916                                          |     |        | cmp13_13_i_i                | fcmp      | auto                     | 0       |
|       current_index_278_fu_3877_p3                                                 |     |        | current_index_278           | select    | auto_sel                 | 0       |
|       current_index_53_fu_3883_p3                                                  |     |        | current_index_53            | select    | auto_sel                 | 0       |
|       current_prob_140_fu_3889_p3                                                  |     |        | current_prob_140            | select    | auto_sel                 | 0       |
|       current_index_279_fu_3894_p3                                                 |     |        | current_index_279           | select    | auto_sel                 | 0       |
|       current_prob_28_fu_3900_p3                                                   |     |        | current_prob_28             | select    | auto_sel                 | 0       |
|       fcmp_32ns_32ns_1_1_no_dsp_1_x_U1916                                          |     |        | cmp13_14_i_i                | fcmp      | auto                     | 0       |
|       current_index_280_fu_3937_p3                                                 |     |        | current_index_280           | select    | auto_sel                 | 0       |
|       current_index_57_fu_3943_p3                                                  |     |        | current_index_57            | select    | auto_sel                 | 0       |
|       current_prob_141_fu_3949_p3                                                  |     |        | current_prob_141            | select    | auto_sel                 | 0       |
|       current_index_281_fu_3954_p3                                                 |     |        | current_index_281           | select    | auto_sel                 | 0       |
|       current_prob_30_fu_3960_p3                                                   |     |        | current_prob_30             | select    | auto_sel                 | 0       |
|       fcmp_32ns_32ns_1_1_no_dsp_1_x_U1917                                          |     |        | cmp13_15_i_i                | fcmp      | auto                     | 0       |
|       current_index_282_fu_3997_p3                                                 |     |        | current_index_282           | select    | auto_sel                 | 0       |
|       current_index_61_fu_4003_p3                                                  |     |        | current_index_61            | select    | auto_sel                 | 0       |
|       current_prob_142_fu_4009_p3                                                  |     |        | current_prob_142            | select    | auto_sel                 | 0       |
|       current_index_283_fu_4014_p3                                                 |     |        | current_index_283           | select    | auto_sel                 | 0       |
|       current_prob_32_fu_4020_p3                                                   |     |        | current_prob_32             | select    | auto_sel                 | 0       |
|       fcmp_32ns_32ns_1_1_no_dsp_1_x_U1917                                          |     |        | cmp13_16_i_i                | fcmp      | auto                     | 0       |
|       current_index_284_fu_4057_p3                                                 |     |        | current_index_284           | select    | auto_sel                 | 0       |
|       current_index_65_fu_4063_p3                                                  |     |        | current_index_65            | select    | auto_sel                 | 0       |
|       current_prob_143_fu_4069_p3                                                  |     |        | current_prob_143            | select    | auto_sel                 | 0       |
|       current_index_285_fu_4074_p3                                                 |     |        | current_index_285           | select    | auto_sel                 | 0       |
|       current_prob_34_fu_4080_p3                                                   |     |        | current_prob_34             | select    | auto_sel                 | 0       |
|       fcmp_32ns_32ns_1_1_no_dsp_1_x_U1917                                          |     |        | cmp13_17_i_i                | fcmp      | auto                     | 0       |
|       current_index_286_fu_4117_p3                                                 |     |        | current_index_286           | select    | auto_sel                 | 0       |
|       current_index_69_fu_4123_p3                                                  |     |        | current_index_69            | select    | auto_sel                 | 0       |
|       current_prob_144_fu_4129_p3                                                  |     |        | current_prob_144            | select    | auto_sel                 | 0       |
|       current_index_287_fu_4134_p3                                                 |     |        | current_index_287           | select    | auto_sel                 | 0       |
|       current_prob_36_fu_4140_p3                                                   |     |        | current_prob_36             | select    | auto_sel                 | 0       |
|       fcmp_32ns_32ns_1_1_no_dsp_1_x_U1918                                          |     |        | cmp13_18_i_i                | fcmp      | auto                     | 0       |
|       current_index_288_fu_4177_p3                                                 |     |        | current_index_288           | select    | auto_sel                 | 0       |
|       current_index_73_fu_4183_p3                                                  |     |        | current_index_73            | select    | auto_sel                 | 0       |
|       current_prob_145_fu_4189_p3                                                  |     |        | current_prob_145            | select    | auto_sel                 | 0       |
|       current_index_289_fu_4194_p3                                                 |     |        | current_index_289           | select    | auto_sel                 | 0       |
|       current_prob_38_fu_4200_p3                                                   |     |        | current_prob_38             | select    | auto_sel                 | 0       |
|       fcmp_32ns_32ns_1_1_no_dsp_1_x_U1918                                          |     |        | cmp13_19_i_i                | fcmp      | auto                     | 0       |
|       current_index_290_fu_4237_p3                                                 |     |        | current_index_290           | select    | auto_sel                 | 0       |
|       current_index_77_fu_4243_p3                                                  |     |        | current_index_77            | select    | auto_sel                 | 0       |
|       current_prob_146_fu_4249_p3                                                  |     |        | current_prob_146            | select    | auto_sel                 | 0       |
|       current_index_291_fu_4254_p3                                                 |     |        | current_index_291           | select    | auto_sel                 | 0       |
|       current_prob_40_fu_4260_p3                                                   |     |        | current_prob_40             | select    | auto_sel                 | 0       |
|       fcmp_32ns_32ns_1_1_no_dsp_1_x_U1918                                          |     |        | cmp13_20_i_i                | fcmp      | auto                     | 0       |
|       current_index_292_fu_4297_p3                                                 |     |        | current_index_292           | select    | auto_sel                 | 0       |
|       current_index_81_fu_4303_p3                                                  |     |        | current_index_81            | select    | auto_sel                 | 0       |
|       current_prob_147_fu_4309_p3                                                  |     |        | current_prob_147            | select    | auto_sel                 | 0       |
|       current_index_293_fu_4314_p3                                                 |     |        | current_index_293           | select    | auto_sel                 | 0       |
|       current_prob_42_fu_4320_p3                                                   |     |        | current_prob_42             | select    | auto_sel                 | 0       |
|       fcmp_32ns_32ns_1_1_no_dsp_1_x_U1919                                          |     |        | cmp13_21_i_i                | fcmp      | auto                     | 0       |
|       current_index_294_fu_4357_p3                                                 |     |        | current_index_294           | select    | auto_sel                 | 0       |
|       current_index_85_fu_4363_p3                                                  |     |        | current_index_85            | select    | auto_sel                 | 0       |
|       current_prob_148_fu_4369_p3                                                  |     |        | current_prob_148            | select    | auto_sel                 | 0       |
|       current_index_295_fu_4374_p3                                                 |     |        | current_index_295           | select    | auto_sel                 | 0       |
|       current_prob_44_fu_4380_p3                                                   |     |        | current_prob_44             | select    | auto_sel                 | 0       |
|       fcmp_32ns_32ns_1_1_no_dsp_1_x_U1919                                          |     |        | cmp13_22_i_i                | fcmp      | auto                     | 0       |
|       current_index_296_fu_4417_p3                                                 |     |        | current_index_296           | select    | auto_sel                 | 0       |
|       current_index_89_fu_4423_p3                                                  |     |        | current_index_89            | select    | auto_sel                 | 0       |
|       current_prob_149_fu_4429_p3                                                  |     |        | current_prob_149            | select    | auto_sel                 | 0       |
|       current_index_297_fu_4434_p3                                                 |     |        | current_index_297           | select    | auto_sel                 | 0       |
|       current_prob_46_fu_4440_p3                                                   |     |        | current_prob_46             | select    | auto_sel                 | 0       |
|       fcmp_32ns_32ns_1_1_no_dsp_1_x_U1919                                          |     |        | cmp13_23_i_i                | fcmp      | auto                     | 0       |
|       current_index_298_fu_4477_p3                                                 |     |        | current_index_298           | select    | auto_sel                 | 0       |
|       current_index_93_fu_4483_p3                                                  |     |        | current_index_93            | select    | auto_sel                 | 0       |
|       current_prob_150_fu_4489_p3                                                  |     |        | current_prob_150            | select    | auto_sel                 | 0       |
|       current_index_299_fu_4494_p3                                                 |     |        | current_index_299           | select    | auto_sel                 | 0       |
|       current_prob_48_fu_4500_p3                                                   |     |        | current_prob_48             | select    | auto_sel                 | 0       |
|       fcmp_32ns_32ns_1_1_no_dsp_1_x_U1920                                          |     |        | cmp13_24_i_i                | fcmp      | auto                     | 0       |
|       current_index_300_fu_4537_p3                                                 |     |        | current_index_300           | select    | auto_sel                 | 0       |
|       current_index_97_fu_4543_p3                                                  |     |        | current_index_97            | select    | auto_sel                 | 0       |
|       current_prob_151_fu_4549_p3                                                  |     |        | current_prob_151            | select    | auto_sel                 | 0       |
|       current_index_301_fu_4554_p3                                                 |     |        | current_index_301           | select    | auto_sel                 | 0       |
|       current_prob_50_fu_4560_p3                                                   |     |        | current_prob_50             | select    | auto_sel                 | 0       |
|       fcmp_32ns_32ns_1_1_no_dsp_1_x_U1920                                          |     |        | cmp13_25_i_i                | fcmp      | auto                     | 0       |
|       current_index_302_fu_4597_p3                                                 |     |        | current_index_302           | select    | auto_sel                 | 0       |
|       current_index_101_fu_4603_p3                                                 |     |        | current_index_101           | select    | auto_sel                 | 0       |
|       current_prob_152_fu_4609_p3                                                  |     |        | current_prob_152            | select    | auto_sel                 | 0       |
|       current_index_303_fu_4614_p3                                                 |     |        | current_index_303           | select    | auto_sel                 | 0       |
|       current_prob_52_fu_4620_p3                                                   |     |        | current_prob_52             | select    | auto_sel                 | 0       |
|       fcmp_32ns_32ns_1_1_no_dsp_1_x_U1920                                          |     |        | cmp13_26_i_i                | fcmp      | auto                     | 0       |
|       current_index_304_fu_4657_p3                                                 |     |        | current_index_304           | select    | auto_sel                 | 0       |
|       current_index_105_fu_4663_p3                                                 |     |        | current_index_105           | select    | auto_sel                 | 0       |
|       current_prob_153_fu_4669_p3                                                  |     |        | current_prob_153            | select    | auto_sel                 | 0       |
|       current_index_305_fu_4674_p3                                                 |     |        | current_index_305           | select    | auto_sel                 | 0       |
|       current_prob_54_fu_4680_p3                                                   |     |        | current_prob_54             | select    | auto_sel                 | 0       |
|       fcmp_32ns_32ns_1_1_no_dsp_1_x_U1921                                          |     |        | cmp13_27_i_i                | fcmp      | auto                     | 0       |
|       current_index_306_fu_4717_p3                                                 |     |        | current_index_306           | select    | auto_sel                 | 0       |
|       current_index_109_fu_4723_p3                                                 |     |        | current_index_109           | select    | auto_sel                 | 0       |
|       current_prob_154_fu_4729_p3                                                  |     |        | current_prob_154            | select    | auto_sel                 | 0       |
|       current_index_307_fu_4734_p3                                                 |     |        | current_index_307           | select    | auto_sel                 | 0       |
|       current_prob_56_fu_4740_p3                                                   |     |        | current_prob_56             | select    | auto_sel                 | 0       |
|       fcmp_32ns_32ns_1_1_no_dsp_1_x_U1921                                          |     |        | cmp13_28_i_i                | fcmp      | auto                     | 0       |
|       current_index_308_fu_4777_p3                                                 |     |        | current_index_308           | select    | auto_sel                 | 0       |
|       current_index_113_fu_4783_p3                                                 |     |        | current_index_113           | select    | auto_sel                 | 0       |
|       current_prob_155_fu_4789_p3                                                  |     |        | current_prob_155            | select    | auto_sel                 | 0       |
|       current_index_309_fu_4794_p3                                                 |     |        | current_index_309           | select    | auto_sel                 | 0       |
|       current_prob_58_fu_4800_p3                                                   |     |        | current_prob_58             | select    | auto_sel                 | 0       |
|       fcmp_32ns_32ns_1_1_no_dsp_1_x_U1921                                          |     |        | cmp13_29_i_i                | fcmp      | auto                     | 0       |
|       current_index_310_fu_4837_p3                                                 |     |        | current_index_310           | select    | auto_sel                 | 0       |
|       current_index_117_fu_4843_p3                                                 |     |        | current_index_117           | select    | auto_sel                 | 0       |
|       current_prob_156_fu_4849_p3                                                  |     |        | current_prob_156            | select    | auto_sel                 | 0       |
|       current_index_311_fu_4854_p3                                                 |     |        | current_index_311           | select    | auto_sel                 | 0       |
|       current_prob_60_fu_4860_p3                                                   |     |        | current_prob_60             | select    | auto_sel                 | 0       |
|       fcmp_32ns_32ns_1_1_no_dsp_1_x_U1922                                          |     |        | cmp13_30_i_i                | fcmp      | auto                     | 0       |
|       current_index_312_fu_4897_p3                                                 |     |        | current_index_312           | select    | auto_sel                 | 0       |
|       current_index_121_fu_4903_p3                                                 |     |        | current_index_121           | select    | auto_sel                 | 0       |
|       current_prob_157_fu_4909_p3                                                  |     |        | current_prob_157            | select    | auto_sel                 | 0       |
|       current_index_313_fu_4914_p3                                                 |     |        | current_index_313           | select    | auto_sel                 | 0       |
|       current_prob_62_fu_4920_p3                                                   |     |        | current_prob_62             | select    | auto_sel                 | 0       |
|       fcmp_32ns_32ns_1_1_no_dsp_1_x_U1922                                          |     |        | cmp13_31_i_i                | fcmp      | auto                     | 0       |
|       current_index_314_fu_4957_p3                                                 |     |        | current_index_314           | select    | auto_sel                 | 0       |
|       current_index_125_fu_4963_p3                                                 |     |        | current_index_125           | select    | auto_sel                 | 0       |
|       current_prob_158_fu_4969_p3                                                  |     |        | current_prob_158            | select    | auto_sel                 | 0       |
|       current_index_315_fu_4974_p3                                                 |     |        | current_index_315           | select    | auto_sel                 | 0       |
|       current_prob_64_fu_4980_p3                                                   |     |        | current_prob_64             | select    | auto_sel                 | 0       |
|       fcmp_32ns_32ns_1_1_no_dsp_1_x_U1922                                          |     |        | cmp13_32_i_i                | fcmp      | auto                     | 0       |
|       current_index_316_fu_5017_p3                                                 |     |        | current_index_316           | select    | auto_sel                 | 0       |
|       current_index_129_fu_5023_p3                                                 |     |        | current_index_129           | select    | auto_sel                 | 0       |
|       current_prob_159_fu_5029_p3                                                  |     |        | current_prob_159            | select    | auto_sel                 | 0       |
|       current_index_317_fu_5034_p3                                                 |     |        | current_index_317           | select    | auto_sel                 | 0       |
|       current_prob_66_fu_5040_p3                                                   |     |        | current_prob_66             | select    | auto_sel                 | 0       |
|       fcmp_32ns_32ns_1_1_no_dsp_1_x_U1923                                          |     |        | cmp13_33_i_i                | fcmp      | auto                     | 0       |
|       current_index_318_fu_5077_p3                                                 |     |        | current_index_318           | select    | auto_sel                 | 0       |
|       current_index_133_fu_5083_p3                                                 |     |        | current_index_133           | select    | auto_sel                 | 0       |
|       current_prob_160_fu_5089_p3                                                  |     |        | current_prob_160            | select    | auto_sel                 | 0       |
|       current_index_319_fu_5094_p3                                                 |     |        | current_index_319           | select    | auto_sel                 | 0       |
|       current_prob_68_fu_5100_p3                                                   |     |        | current_prob_68             | select    | auto_sel                 | 0       |
|       fcmp_32ns_32ns_1_1_no_dsp_1_x_U1923                                          |     |        | cmp13_34_i_i                | fcmp      | auto                     | 0       |
|       current_index_320_fu_5137_p3                                                 |     |        | current_index_320           | select    | auto_sel                 | 0       |
|       current_index_137_fu_5143_p3                                                 |     |        | current_index_137           | select    | auto_sel                 | 0       |
|       current_prob_161_fu_5149_p3                                                  |     |        | current_prob_161            | select    | auto_sel                 | 0       |
|       current_index_321_fu_5154_p3                                                 |     |        | current_index_321           | select    | auto_sel                 | 0       |
|       current_prob_70_fu_5160_p3                                                   |     |        | current_prob_70             | select    | auto_sel                 | 0       |
|       fcmp_32ns_32ns_1_1_no_dsp_1_x_U1923                                          |     |        | cmp13_35_i_i                | fcmp      | auto                     | 0       |
|       current_index_322_fu_5197_p3                                                 |     |        | current_index_322           | select    | auto_sel                 | 0       |
|       current_index_141_fu_5203_p3                                                 |     |        | current_index_141           | select    | auto_sel                 | 0       |
|       current_prob_162_fu_5209_p3                                                  |     |        | current_prob_162            | select    | auto_sel                 | 0       |
|       current_index_323_fu_5214_p3                                                 |     |        | current_index_323           | select    | auto_sel                 | 0       |
|       current_prob_72_fu_5220_p3                                                   |     |        | current_prob_72             | select    | auto_sel                 | 0       |
|       fcmp_32ns_32ns_1_1_no_dsp_1_x_U1924                                          |     |        | cmp13_36_i_i                | fcmp      | auto                     | 0       |
|       current_index_324_fu_5257_p3                                                 |     |        | current_index_324           | select    | auto_sel                 | 0       |
|       current_index_145_fu_5263_p3                                                 |     |        | current_index_145           | select    | auto_sel                 | 0       |
|       current_prob_163_fu_5269_p3                                                  |     |        | current_prob_163            | select    | auto_sel                 | 0       |
|       current_index_325_fu_5274_p3                                                 |     |        | current_index_325           | select    | auto_sel                 | 0       |
|       current_prob_74_fu_5280_p3                                                   |     |        | current_prob_74             | select    | auto_sel                 | 0       |
|       fcmp_32ns_32ns_1_1_no_dsp_1_x_U1924                                          |     |        | cmp13_37_i_i                | fcmp      | auto                     | 0       |
|       current_index_326_fu_5317_p3                                                 |     |        | current_index_326           | select    | auto_sel                 | 0       |
|       current_index_149_fu_5323_p3                                                 |     |        | current_index_149           | select    | auto_sel                 | 0       |
|       current_prob_164_fu_5329_p3                                                  |     |        | current_prob_164            | select    | auto_sel                 | 0       |
|       current_index_327_fu_5334_p3                                                 |     |        | current_index_327           | select    | auto_sel                 | 0       |
|       current_prob_76_fu_5340_p3                                                   |     |        | current_prob_76             | select    | auto_sel                 | 0       |
|       fcmp_32ns_32ns_1_1_no_dsp_1_x_U1924                                          |     |        | cmp13_38_i_i                | fcmp      | auto                     | 0       |
|       current_index_328_fu_5377_p3                                                 |     |        | current_index_328           | select    | auto_sel                 | 0       |
|       current_index_153_fu_5383_p3                                                 |     |        | current_index_153           | select    | auto_sel                 | 0       |
|       current_prob_165_fu_5389_p3                                                  |     |        | current_prob_165            | select    | auto_sel                 | 0       |
|       current_index_329_fu_5394_p3                                                 |     |        | current_index_329           | select    | auto_sel                 | 0       |
|       current_prob_78_fu_5400_p3                                                   |     |        | current_prob_78             | select    | auto_sel                 | 0       |
|       fcmp_32ns_32ns_1_1_no_dsp_1_x_U1925                                          |     |        | cmp13_39_i_i                | fcmp      | auto                     | 0       |
|       current_index_330_fu_5437_p3                                                 |     |        | current_index_330           | select    | auto_sel                 | 0       |
|       current_index_157_fu_5443_p3                                                 |     |        | current_index_157           | select    | auto_sel                 | 0       |
|       current_prob_166_fu_5449_p3                                                  |     |        | current_prob_166            | select    | auto_sel                 | 0       |
|       current_index_331_fu_5454_p3                                                 |     |        | current_index_331           | select    | auto_sel                 | 0       |
|       current_prob_80_fu_5460_p3                                                   |     |        | current_prob_80             | select    | auto_sel                 | 0       |
|       fcmp_32ns_32ns_1_1_no_dsp_1_x_U1925                                          |     |        | cmp13_40_i_i                | fcmp      | auto                     | 0       |
|       current_index_332_fu_5497_p3                                                 |     |        | current_index_332           | select    | auto_sel                 | 0       |
|       current_index_161_fu_5503_p3                                                 |     |        | current_index_161           | select    | auto_sel                 | 0       |
|       current_prob_167_fu_5509_p3                                                  |     |        | current_prob_167            | select    | auto_sel                 | 0       |
|       current_index_333_fu_5514_p3                                                 |     |        | current_index_333           | select    | auto_sel                 | 0       |
|       current_prob_82_fu_5520_p3                                                   |     |        | current_prob_82             | select    | auto_sel                 | 0       |
|       fcmp_32ns_32ns_1_1_no_dsp_1_x_U1925                                          |     |        | cmp13_41_i_i                | fcmp      | auto                     | 0       |
|       current_index_334_fu_5557_p3                                                 |     |        | current_index_334           | select    | auto_sel                 | 0       |
|       current_index_165_fu_5563_p3                                                 |     |        | current_index_165           | select    | auto_sel                 | 0       |
|       current_prob_168_fu_5569_p3                                                  |     |        | current_prob_168            | select    | auto_sel                 | 0       |
|       current_index_335_fu_5574_p3                                                 |     |        | current_index_335           | select    | auto_sel                 | 0       |
|       current_prob_84_fu_5580_p3                                                   |     |        | current_prob_84             | select    | auto_sel                 | 0       |
|       fcmp_32ns_32ns_1_1_no_dsp_1_x_U1926                                          |     |        | cmp13_42_i_i                | fcmp      | auto                     | 0       |
|       current_index_336_fu_5617_p3                                                 |     |        | current_index_336           | select    | auto_sel                 | 0       |
|       current_index_169_fu_5623_p3                                                 |     |        | current_index_169           | select    | auto_sel                 | 0       |
|       current_prob_169_fu_5629_p3                                                  |     |        | current_prob_169            | select    | auto_sel                 | 0       |
|       current_index_337_fu_5634_p3                                                 |     |        | current_index_337           | select    | auto_sel                 | 0       |
|       current_prob_86_fu_5640_p3                                                   |     |        | current_prob_86             | select    | auto_sel                 | 0       |
|       fcmp_32ns_32ns_1_1_no_dsp_1_x_U1926                                          |     |        | cmp13_43_i_i                | fcmp      | auto                     | 0       |
|       current_index_338_fu_5677_p3                                                 |     |        | current_index_338           | select    | auto_sel                 | 0       |
|       current_index_173_fu_5683_p3                                                 |     |        | current_index_173           | select    | auto_sel                 | 0       |
|       current_prob_170_fu_5689_p3                                                  |     |        | current_prob_170            | select    | auto_sel                 | 0       |
|       current_index_339_fu_5694_p3                                                 |     |        | current_index_339           | select    | auto_sel                 | 0       |
|       current_prob_88_fu_5700_p3                                                   |     |        | current_prob_88             | select    | auto_sel                 | 0       |
|       fcmp_32ns_32ns_1_1_no_dsp_1_x_U1926                                          |     |        | cmp13_44_i_i                | fcmp      | auto                     | 0       |
|       current_index_340_fu_5737_p3                                                 |     |        | current_index_340           | select    | auto_sel                 | 0       |
|       current_index_177_fu_5743_p3                                                 |     |        | current_index_177           | select    | auto_sel                 | 0       |
|       current_prob_171_fu_5749_p3                                                  |     |        | current_prob_171            | select    | auto_sel                 | 0       |
|       current_index_341_fu_5754_p3                                                 |     |        | current_index_341           | select    | auto_sel                 | 0       |
|       current_prob_90_fu_5760_p3                                                   |     |        | current_prob_90             | select    | auto_sel                 | 0       |
|       fcmp_32ns_32ns_1_1_no_dsp_1_x_U1927                                          |     |        | cmp13_45_i_i                | fcmp      | auto                     | 0       |
|       current_index_342_fu_5797_p3                                                 |     |        | current_index_342           | select    | auto_sel                 | 0       |
|       current_index_181_fu_5803_p3                                                 |     |        | current_index_181           | select    | auto_sel                 | 0       |
|       current_prob_172_fu_5809_p3                                                  |     |        | current_prob_172            | select    | auto_sel                 | 0       |
|       current_index_343_fu_5814_p3                                                 |     |        | current_index_343           | select    | auto_sel                 | 0       |
|       current_prob_92_fu_5820_p3                                                   |     |        | current_prob_92             | select    | auto_sel                 | 0       |
|       fcmp_32ns_32ns_1_1_no_dsp_1_x_U1927                                          |     |        | cmp13_46_i_i                | fcmp      | auto                     | 0       |
|       current_index_344_fu_5857_p3                                                 |     |        | current_index_344           | select    | auto_sel                 | 0       |
|       current_index_185_fu_5863_p3                                                 |     |        | current_index_185           | select    | auto_sel                 | 0       |
|       current_prob_173_fu_5869_p3                                                  |     |        | current_prob_173            | select    | auto_sel                 | 0       |
|       current_index_345_fu_5874_p3                                                 |     |        | current_index_345           | select    | auto_sel                 | 0       |
|       current_prob_94_fu_5880_p3                                                   |     |        | current_prob_94             | select    | auto_sel                 | 0       |
|       fcmp_32ns_32ns_1_1_no_dsp_1_x_U1927                                          |     |        | cmp13_47_i_i                | fcmp      | auto                     | 0       |
|       current_index_346_fu_5917_p3                                                 |     |        | current_index_346           | select    | auto_sel                 | 0       |
|       current_index_189_fu_5923_p3                                                 |     |        | current_index_189           | select    | auto_sel                 | 0       |
|       current_prob_174_fu_5929_p3                                                  |     |        | current_prob_174            | select    | auto_sel                 | 0       |
|       current_index_347_fu_5934_p3                                                 |     |        | current_index_347           | select    | auto_sel                 | 0       |
|       current_prob_96_fu_5940_p3                                                   |     |        | current_prob_96             | select    | auto_sel                 | 0       |
|       fcmp_32ns_32ns_1_1_no_dsp_1_x_U1928                                          |     |        | cmp13_48_i_i                | fcmp      | auto                     | 0       |
|       current_index_348_fu_5977_p3                                                 |     |        | current_index_348           | select    | auto_sel                 | 0       |
|       current_index_193_fu_5983_p3                                                 |     |        | current_index_193           | select    | auto_sel                 | 0       |
|       current_prob_175_fu_5989_p3                                                  |     |        | current_prob_175            | select    | auto_sel                 | 0       |
|       current_index_349_fu_5994_p3                                                 |     |        | current_index_349           | select    | auto_sel                 | 0       |
|       current_prob_98_fu_6000_p3                                                   |     |        | current_prob_98             | select    | auto_sel                 | 0       |
|       fcmp_32ns_32ns_1_1_no_dsp_1_x_U1928                                          |     |        | cmp13_49_i_i                | fcmp      | auto                     | 0       |
|       current_index_350_fu_6037_p3                                                 |     |        | current_index_350           | select    | auto_sel                 | 0       |
|       current_index_197_fu_6043_p3                                                 |     |        | current_index_197           | select    | auto_sel                 | 0       |
|       current_prob_176_fu_6049_p3                                                  |     |        | current_prob_176            | select    | auto_sel                 | 0       |
|       current_index_351_fu_6054_p3                                                 |     |        | current_index_351           | select    | auto_sel                 | 0       |
|       current_prob_100_fu_6060_p3                                                  |     |        | current_prob_100            | select    | auto_sel                 | 0       |
|       fcmp_32ns_32ns_1_1_no_dsp_1_x_U1928                                          |     |        | cmp13_50_i_i                | fcmp      | auto                     | 0       |
|       current_index_352_fu_6097_p3                                                 |     |        | current_index_352           | select    | auto_sel                 | 0       |
|       current_index_201_fu_6103_p3                                                 |     |        | current_index_201           | select    | auto_sel                 | 0       |
|       current_prob_177_fu_6109_p3                                                  |     |        | current_prob_177            | select    | auto_sel                 | 0       |
|       current_index_353_fu_6114_p3                                                 |     |        | current_index_353           | select    | auto_sel                 | 0       |
|       current_prob_102_fu_6120_p3                                                  |     |        | current_prob_102            | select    | auto_sel                 | 0       |
|       fcmp_32ns_32ns_1_1_no_dsp_1_x_U1929                                          |     |        | cmp13_51_i_i                | fcmp      | auto                     | 0       |
|       current_index_354_fu_6157_p3                                                 |     |        | current_index_354           | select    | auto_sel                 | 0       |
|       current_index_205_fu_6163_p3                                                 |     |        | current_index_205           | select    | auto_sel                 | 0       |
|       current_prob_178_fu_6169_p3                                                  |     |        | current_prob_178            | select    | auto_sel                 | 0       |
|       current_index_355_fu_6174_p3                                                 |     |        | current_index_355           | select    | auto_sel                 | 0       |
|       current_prob_104_fu_6180_p3                                                  |     |        | current_prob_104            | select    | auto_sel                 | 0       |
|       fcmp_32ns_32ns_1_1_no_dsp_1_x_U1929                                          |     |        | cmp13_52_i_i                | fcmp      | auto                     | 0       |
|       current_index_356_fu_6217_p3                                                 |     |        | current_index_356           | select    | auto_sel                 | 0       |
|       current_index_209_fu_6223_p3                                                 |     |        | current_index_209           | select    | auto_sel                 | 0       |
|       current_prob_179_fu_6229_p3                                                  |     |        | current_prob_179            | select    | auto_sel                 | 0       |
|       current_index_357_fu_6234_p3                                                 |     |        | current_index_357           | select    | auto_sel                 | 0       |
|       current_prob_106_fu_6240_p3                                                  |     |        | current_prob_106            | select    | auto_sel                 | 0       |
|       fcmp_32ns_32ns_1_1_no_dsp_1_x_U1929                                          |     |        | cmp13_53_i_i                | fcmp      | auto                     | 0       |
|       current_index_358_fu_6277_p3                                                 |     |        | current_index_358           | select    | auto_sel                 | 0       |
|       current_index_213_fu_6283_p3                                                 |     |        | current_index_213           | select    | auto_sel                 | 0       |
|       current_prob_180_fu_6289_p3                                                  |     |        | current_prob_180            | select    | auto_sel                 | 0       |
|       current_index_359_fu_6294_p3                                                 |     |        | current_index_359           | select    | auto_sel                 | 0       |
|       current_prob_108_fu_6300_p3                                                  |     |        | current_prob_108            | select    | auto_sel                 | 0       |
|       fcmp_32ns_32ns_1_1_no_dsp_1_x_U1930                                          |     |        | cmp13_54_i_i                | fcmp      | auto                     | 0       |
|       current_index_360_fu_6337_p3                                                 |     |        | current_index_360           | select    | auto_sel                 | 0       |
|       current_index_217_fu_6343_p3                                                 |     |        | current_index_217           | select    | auto_sel                 | 0       |
|       current_prob_181_fu_6349_p3                                                  |     |        | current_prob_181            | select    | auto_sel                 | 0       |
|       current_index_361_fu_6354_p3                                                 |     |        | current_index_361           | select    | auto_sel                 | 0       |
|       current_prob_110_fu_6360_p3                                                  |     |        | current_prob_110            | select    | auto_sel                 | 0       |
|       fcmp_32ns_32ns_1_1_no_dsp_1_x_U1930                                          |     |        | cmp13_55_i_i                | fcmp      | auto                     | 0       |
|       current_index_362_fu_6397_p3                                                 |     |        | current_index_362           | select    | auto_sel                 | 0       |
|       current_index_221_fu_6403_p3                                                 |     |        | current_index_221           | select    | auto_sel                 | 0       |
|       current_prob_182_fu_6409_p3                                                  |     |        | current_prob_182            | select    | auto_sel                 | 0       |
|       current_index_363_fu_6414_p3                                                 |     |        | current_index_363           | select    | auto_sel                 | 0       |
|       current_prob_112_fu_6420_p3                                                  |     |        | current_prob_112            | select    | auto_sel                 | 0       |
|       fcmp_32ns_32ns_1_1_no_dsp_1_x_U1930                                          |     |        | cmp13_56_i_i                | fcmp      | auto                     | 0       |
|       current_index_364_fu_6457_p3                                                 |     |        | current_index_364           | select    | auto_sel                 | 0       |
|       current_index_225_fu_6463_p3                                                 |     |        | current_index_225           | select    | auto_sel                 | 0       |
|       current_prob_183_fu_6469_p3                                                  |     |        | current_prob_183            | select    | auto_sel                 | 0       |
|       current_index_365_fu_6474_p3                                                 |     |        | current_index_365           | select    | auto_sel                 | 0       |
|       current_prob_114_fu_6480_p3                                                  |     |        | current_prob_114            | select    | auto_sel                 | 0       |
|       fcmp_32ns_32ns_1_1_no_dsp_1_x_U1931                                          |     |        | cmp13_57_i_i                | fcmp      | auto                     | 0       |
|       current_index_366_fu_6517_p3                                                 |     |        | current_index_366           | select    | auto_sel                 | 0       |
|       current_index_229_fu_6523_p3                                                 |     |        | current_index_229           | select    | auto_sel                 | 0       |
|       current_prob_184_fu_6529_p3                                                  |     |        | current_prob_184            | select    | auto_sel                 | 0       |
|       current_index_367_fu_6534_p3                                                 |     |        | current_index_367           | select    | auto_sel                 | 0       |
|       current_prob_116_fu_6540_p3                                                  |     |        | current_prob_116            | select    | auto_sel                 | 0       |
|       fcmp_32ns_32ns_1_1_no_dsp_1_x_U1931                                          |     |        | cmp13_58_i_i                | fcmp      | auto                     | 0       |
|       current_index_368_fu_6577_p3                                                 |     |        | current_index_368           | select    | auto_sel                 | 0       |
|       current_index_233_fu_6583_p3                                                 |     |        | current_index_233           | select    | auto_sel                 | 0       |
|       current_prob_185_fu_6589_p3                                                  |     |        | current_prob_185            | select    | auto_sel                 | 0       |
|       current_index_369_fu_6594_p3                                                 |     |        | current_index_369           | select    | auto_sel                 | 0       |
|       current_prob_118_fu_6600_p3                                                  |     |        | current_prob_118            | select    | auto_sel                 | 0       |
|       fcmp_32ns_32ns_1_1_no_dsp_1_x_U1931                                          |     |        | cmp13_59_i_i                | fcmp      | auto                     | 0       |
|       current_index_370_fu_6637_p3                                                 |     |        | current_index_370           | select    | auto_sel                 | 0       |
|       current_index_237_fu_6643_p3                                                 |     |        | current_index_237           | select    | auto_sel                 | 0       |
|       current_prob_186_fu_6649_p3                                                  |     |        | current_prob_186            | select    | auto_sel                 | 0       |
|       current_index_371_fu_6654_p3                                                 |     |        | current_index_371           | select    | auto_sel                 | 0       |
|       current_prob_120_fu_6660_p3                                                  |     |        | current_prob_120            | select    | auto_sel                 | 0       |
|       fcmp_32ns_32ns_1_1_no_dsp_1_x_U1932                                          |     |        | cmp13_60_i_i                | fcmp      | auto                     | 0       |
|       current_index_372_fu_6697_p3                                                 |     |        | current_index_372           | select    | auto_sel                 | 0       |
|       current_index_241_fu_6703_p3                                                 |     |        | current_index_241           | select    | auto_sel                 | 0       |
|       current_prob_187_fu_6709_p3                                                  |     |        | current_prob_187            | select    | auto_sel                 | 0       |
|       current_index_373_fu_6714_p3                                                 |     |        | current_index_373           | select    | auto_sel                 | 0       |
|       current_prob_122_fu_6720_p3                                                  |     |        | current_prob_122            | select    | auto_sel                 | 0       |
|       fcmp_32ns_32ns_1_1_no_dsp_1_x_U1932                                          |     |        | cmp13_61_i_i                | fcmp      | auto                     | 0       |
|       current_index_374_fu_6757_p3                                                 |     |        | current_index_374           | select    | auto_sel                 | 0       |
|       current_index_245_fu_6763_p3                                                 |     |        | current_index_245           | select    | auto_sel                 | 0       |
|       current_prob_188_fu_6769_p3                                                  |     |        | current_prob_188            | select    | auto_sel                 | 0       |
|       current_index_375_fu_6774_p3                                                 |     |        | current_index_375           | select    | auto_sel                 | 0       |
|       current_prob_124_fu_6780_p3                                                  |     |        | current_prob_124            | select    | auto_sel                 | 0       |
|       fcmp_32ns_32ns_1_1_no_dsp_1_x_U1932                                          |     |        | cmp13_62_i_i                | fcmp      | auto                     | 0       |
|       current_index_376_fu_6854_p3                                                 |     |        | current_index_376           | select    | auto_sel                 | 0       |
|       current_index_249_fu_6814_p3                                                 |     |        | current_index_249           | select    | auto_sel                 | 0       |
|       current_prob_189_fu_6820_p3                                                  |     |        | current_prob_189            | select    | auto_sel                 | 0       |
|       current_index_377_fu_6860_p3                                                 |     |        | current_index_377           | select    | auto_sel                 | 0       |
|       current_prob_126_fu_6825_p3                                                  |     |        | current_prob_126            | select    | auto_sel                 | 0       |
|       fcmp_32ns_32ns_1_1_no_dsp_1_x_U1933                                          |     |        | cmp13_63_i_i                | fcmp      | auto                     | 0       |
|       select_ln37_fu_6866_p3                                                       |     |        | select_ln37                 | select    | auto_sel                 | 0       |
|       select_ln37_1_fu_6873_p3                                                     |     |        | select_ln37_1               | select    | auto_sel                 | 0       |
|   + calc_fsm_Pipeline_softmax_exp_loop                                             | 3   |        |                             |           |                          |         |
|     add_ln70_fu_1563_p2                                                            |     |        | add_ln70                    | add       | fabric                   | 0       |
|     icmp_ln70_fu_1569_p2                                                           |     |        | icmp_ln70                   | seteq     | auto                     | 0       |
|     sparsemux_129_6_32_1_1_U2372                                                   |     |        | curr_val                    | sparsemux | compactencoding_dontcare | 0       |
|     fsub_32ns_32ns_32_2_primitive_dsp_1_U2369                                      | 1   |        | sub_i_i                     | fsub      | primitivedsp             | 1       |
|     fmul_32ns_32ns_32_3_primitive_dsp_1_U2370                                      | 1   |        | x_assign                    | fmul      | primitivedsp             | 2       |
|     fexp_32ns_32ns_32_19_med_dsp_1_U2371                                           | 1   |        | calc                        | fexp      | meddsp                   | 18      |
|     icmp_ln75_fu_1843_p2                                                           |     |        | icmp_ln75                   | seteq     | auto                     | 0       |
|     facc_32ns_32ns_1ns_32_12_no_dsp_1_U2373                                        |     |        | final_soft_sum_1            | facc      | fabric                   | 11      |
|   + calc_fsm_Pipeline_softmax_normalize_loop                                       | 1   |        |                             |           |                          |         |
|     icmp_ln85_fu_758_p2                                                            |     |        | icmp_ln85                   | seteq     | auto                     | 0       |
|     add_ln85_fu_764_p2                                                             |     |        | add_ln85                    | add       | fabric                   | 0       |
|     sparsemux_129_6_32_1_1_U2509                                                   |     |        | tmp_s                       | sparsemux | compactencoding_dontcare | 0       |
|     fmadd_32ns_32ns_32ns_32ns_32_4_primitive_dsp_1_U2508                           | 1   |        | accum_top_1                 | fmadd     | primitivedsp             | 3       |
|     fcmp_32ns_32ns_1_1_no_dsp_1_x_U2507                                            |     |        | cmp26_i_i                   | fcmp      | auto                     | 0       |
+------------------------------------------------------------------------------------+-----+--------+-----------------------------+-----------+--------------------------+---------+


================================================================
== Storage Report
================================================================
+------------------------------------------------------------------------------+----------------+-------------+------+------+--------+-------------------------------------------------------------------------+--------+---------+------------------+
| Name                                                                         | Usage          | Type        | BRAM | URAM | Pragma | Variable                                                                | Impl   | Latency | Bitwidth, Depth, |
|                                                                              |                |             |      |      |        |                                                                         |        |         | Banks            |
+------------------------------------------------------------------------------+----------------+-------------+------+------+--------+-------------------------------------------------------------------------+--------+---------+------------------+
| + transformer_cu                                                             |                |             | 252  | 132  |        |                                                                         |        |         |                  |
|   control_s_axi_U                                                            | interface      | s_axilite   |      |      |        |                                                                         |        |         |                  |
|   D_TOK_W_SF_0_m_axi_U                                                       | interface      | m_axi       |      | 8    |        |                                                                         |        |         |                  |
|   D_TOK_W_SF_1_m_axi_U                                                       | interface      | m_axi       |      | 8    |        |                                                                         |        |         |                  |
|   D_W_GEMM_0_m_axi_U                                                         | interface      | m_axi       |      | 8    |        |                                                                         |        |         |                  |
|   D_W_GEMM_1_m_axi_U                                                         | interface      | m_axi       |      | 8    |        |                                                                         |        |         |                  |
|   kc_gemm_m_axi_U                                                            | interface      | m_axi       |      | 8    |        |                                                                         |        |         |                  |
|   token_val_m_axi_U                                                          | interface      | m_axi       |      |      |        |                                                                         |        |         |                  |
|   vc_gemm_m_axi_U                                                            | interface      | m_axi       |      | 8    |        |                                                                         |        |         |                  |
|   w_n_t_gemm_m_axi_U                                                         | interface      | m_axi       |      | 2    |        |                                                                         |        |         |                  |
|   QKV_W_c_U                                                                  | fifo channel   | scalar prop |      |      |        | QKV_W_c                                                                 | srl    | 0       | 32, 3, 1         |
|   QKV_sf_W_c_U                                                               | fifo channel   | scalar prop |      |      |        | QKV_sf_W_c                                                              | srl    | 0       | 32, 3, 1         |
|   Out_W_c_U                                                                  | fifo channel   | scalar prop |      |      |        | Out_W_c                                                                 | srl    | 0       | 32, 3, 1         |
|   Out_sf_W_c_U                                                               | fifo channel   | scalar prop |      |      |        | Out_sf_W_c                                                              | srl    | 0       | 32, 3, 1         |
|   FF_w1w3_W_c_U                                                              | fifo channel   | scalar prop |      |      |        | FF_w1w3_W_c                                                             | srl    | 0       | 32, 3, 1         |
|   FF_w1w3_sf_W_c_U                                                           | fifo channel   | scalar prop |      |      |        | FF_w1w3_sf_W_c                                                          | srl    | 0       | 32, 3, 1         |
|   FF_w2_W_c_U                                                                | fifo channel   | scalar prop |      |      |        | FF_w2_W_c                                                               | srl    | 0       | 32, 3, 1         |
|   FF_w2_sf_W_c_U                                                             | fifo channel   | scalar prop |      |      |        | FF_w2_sf_W_c                                                            | srl    | 0       | 32, 3, 1         |
|   Embed_W_c_U                                                                | fifo channel   | scalar prop |      |      |        | Embed_W_c                                                               | srl    | 0       | 32, 3, 1         |
|   Embed_sf_W_c_U                                                             | fifo channel   | scalar prop |      |      |        | Embed_sf_W_c                                                            | srl    | 0       | 32, 3, 1         |
|   cond_loc_c2_channel_U                                                      | fifo channel   | task level  |      |      |        | cond_loc_c2_channel                                                     | srl    | 0       | 6, 2, 1          |
|   curr_keys_N_DIM_U                                                          | ram_2p channel | pipo        | 1    |      |        | curr_keys_N_DIM                                                         | bram   | 1       | 12, 49, 2        |
|   curr_keys_M_DIM_U                                                          | ram_2p channel | pipo        | 1    |      |        | curr_keys_M_DIM                                                         | bram   | 1       | 14, 49, 2        |
|   curr_keys_CURR_LAYER_U                                                     | ram_2p channel | pipo        | 1    |      |        | curr_keys_CURR_LAYER                                                    | bram   | 1       | 32, 49, 2        |
|   s_curr_state_U                                                             | fifo channel   | stream      | 8    |      |        | s_curr_state                                                            | memory | 0       | 257, 49, 1       |
|   curr_keys_w_U                                                              | ram_2p channel | pipo        | 1    |      |        | curr_keys_w                                                             | bram   | 1       | 26, 49, 2        |
|   cond_loc_c1_channel_U                                                      | fifo channel   | task level  |      |      |        | cond_loc_c1_channel                                                     | srl    | 0       | 6, 2, 1          |
|   s_w_U                                                                      | fifo channel   | stream      |      | 29   |        | s_w                                                                     | uram   | 0       | 512, 16384, 1    |
|   s_w_1_U                                                                    | fifo channel   | stream      |      | 29   |        | s_w_1                                                                   | uram   | 0       | 512, 16384, 1    |
|   cond_loc_c_U                                                               | fifo channel   | scalar prop |      |      |        | cond_loc_c                                                              | srl    | 0       | 6, 2, 1          |
|  + weights_df_wrapper                                                        |                |             | 0    | 0    |        |                                                                         |        |         |                  |
|    cond_loc_tmp_U                                                            | fifo channel   | task level  |      |      |        | cond_loc_tmp                                                            | srl    | 0       | 6, 2, 1          |
|   + weights_df                                                               |                |             | 0    | 0    |        |                                                                         |        |         |                  |
|    + dataflow_in_loop_Weight_df_1                                            |                |             | 0    | 0    |        |                                                                         |        |         |                  |
|      arrayidx1_11_val_loc_c_channel_U                                        | fifo channel   | task level  |      |      |        | arrayidx1_11_val_loc_c_channel                                          | srl    | 0       | 12, 2, 1         |
|      arrayidx1_11_val_loc_c5_channel_U                                       | fifo channel   | task level  |      |      |        | arrayidx1_11_val_loc_c5_channel                                         | srl    | 0       | 12, 2, 1         |
|      arrayidx1_22_val_loc_c_channel_U                                        | fifo channel   | task level  |      |      |        | arrayidx1_22_val_loc_c_channel                                          | srl    | 0       | 14, 2, 1         |
|      arrayidx1_22_val_loc_c4_channel_U                                       | fifo channel   | task level  |      |      |        | arrayidx1_22_val_loc_c4_channel                                         | srl    | 0       | 14, 2, 1         |
|      tmp_channel_380_U                                                       | fifo channel   | task level  |      |      |        | tmp_channel_380                                                         | srl    | 0       | 20, 2, 1         |
|      p_loc_c_channel_U                                                       | fifo channel   | task level  |      |      |        | p_loc_c_channel                                                         | srl    | 0       | 32, 2, 1         |
|      p_loc_c3_channel_U                                                      | fifo channel   | task level  |      |      |        | p_loc_c3_channel                                                        | srl    | 0       | 32, 3, 1         |
|      p_loc5_c_channel_U                                                      | fifo channel   | task level  |      |      |        | p_loc5_c_channel                                                        | srl    | 0       | 26, 3, 1         |
|      p_loc5_c2_channel_U                                                     | fifo channel   | task level  |      |      |        | p_loc5_c2_channel                                                       | srl    | 0       | 26, 3, 1         |
|      tmp_channel_U                                                           | fifo channel   | task level  |      |      |        | tmp_channel                                                             | srl    | 0       | 20, 2, 1         |
|      add14_loc_channel_U                                                     | fifo channel   | task level  |      |      |        | add14_loc_channel                                                       | srl    | 0       | 32, 2, 1         |
|  + calc_fsm                                                                  |                |             | 236  | 24   |        |                                                                         |        |         |                  |
|    s_cu_sel_out_fifo_U                                                       | fifo array     |             | 4    |      | yes    | s_cu_sel_out                                                            | bram   | 0       | 128, 512, 1      |
|    vec_cnt_fifo_U                                                            | fifo array     |             |      |      |        | vec_cnt                                                                 | srl    | 0       | 161, 2, 1        |
|    internal_token_U                                                          | ram_1p array   |             | 1    |      | yes    | internal_token                                                          | bram   | 1       | 32, 512, 1       |
|    internal_token_1_U                                                        | ram_1p array   |             | 1    |      | yes    | internal_token_1                                                        | bram   | 1       | 32, 512, 1       |
|    internal_token_2_U                                                        | ram_1p array   |             | 1    |      | yes    | internal_token_2                                                        | bram   | 1       | 32, 512, 1       |
|    internal_token_3_U                                                        | ram_1p array   |             | 1    |      | yes    | internal_token_3                                                        | bram   | 1       | 32, 512, 1       |
|    internal_token_4_U                                                        | ram_1p array   |             | 1    |      | yes    | internal_token_4                                                        | bram   | 1       | 32, 512, 1       |
|    internal_token_5_U                                                        | ram_1p array   |             | 1    |      | yes    | internal_token_5                                                        | bram   | 1       | 32, 512, 1       |
|    internal_token_6_U                                                        | ram_1p array   |             | 1    |      | yes    | internal_token_6                                                        | bram   | 1       | 32, 512, 1       |
|    internal_token_7_U                                                        | ram_1p array   |             | 1    |      | yes    | internal_token_7                                                        | bram   | 1       | 32, 512, 1       |
|    res_con_U                                                                 | ram_s2p array  |             |      |      | yes    | res_con                                                                 | auto   | 1       | 32, 192, 1       |
|    res_con_1_U                                                               | ram_s2p array  |             |      |      | yes    | res_con_1                                                               | auto   | 1       | 32, 192, 1       |
|    res_con_2_U                                                               | ram_s2p array  |             |      |      | yes    | res_con_2                                                               | auto   | 1       | 32, 192, 1       |
|    res_con_3_U                                                               | ram_s2p array  |             |      |      | yes    | res_con_3                                                               | auto   | 1       | 32, 192, 1       |
|    calc_fsm_vector_vector_vector_vector_vector_vector_stream_2_int_strea_3_U | ram_1p         |             |      | 1    | pragma | calc_fsm_vector_vector_vector_vector_vector_vector_stream_2_int_strea_3 | uram   | 1       | 32, 4800, 1      |
|    calc_fsm_vector_vector_vector_vector_vector_vector_stream_2_int_strea_2_U | ram_1p         |             |      | 1    | pragma | calc_fsm_vector_vector_vector_vector_vector_vector_stream_2_int_strea_2 | uram   | 1       | 32, 4800, 1      |
|    calc_fsm_vector_vector_vector_vector_vector_vector_stream_2_int_strea_1_U | ram_1p         |             |      | 1    | pragma | calc_fsm_vector_vector_vector_vector_vector_vector_stream_2_int_strea_1 | uram   | 1       | 32, 4800, 1      |
|    calc_fsm_vector_vector_vector_vector_vector_vector_stream_2_int_strea_U   | ram_1p         |             |      | 1    | pragma | calc_fsm_vector_vector_vector_vector_vector_vector_stream_2_int_strea   | uram   | 1       | 32, 4800, 1      |
|   + rmsnorm_kernel                                                           |                |             | 12   | 0    |        |                                                                         |        |         |                  |
|     s_diff_U                                                                 | fifo channel   | stream      | 4    |      |        | s_diff                                                                  | bram   | 0       | 128, 64, 1       |
|     s_weights_U                                                              | fifo channel   | stream      | 4    |      |        | s_weights                                                               | bram   | 0       | 128, 192, 1      |
|    + rmsnorm_float_4ul_s                                                     |                |             | 4    | 0    |        |                                                                         |        |         |                  |
|      arr_1_U                                                                 | ram_1p array   |             | 4    |      |        | arr_1                                                                   | auto   | 1       | 128, 192, 1      |
|      ss_U                                                                    | ram_2p array   |             |      |      |        | ss                                                                      | auto   | 1       | 32, 16, 1        |
|   + swiglu_kernel                                                            |                |             | 8    | 0    |        |                                                                         |        |         |                  |
|     s_w1_U                                                                   | fifo channel   | stream      | 4    |      |        | s_w1                                                                    | bram   | 0       | 128, 16, 1       |
|     s_w3_U                                                                   | fifo channel   | stream      | 4    |      |        | s_w3                                                                    | bram   | 0       | 128, 16, 1       |
|   + mha_kernel                                                               |                |             | 53   | 16   |        |                                                                         |        |         |                  |
|     s_query_r_U                                                              | fifo channel   | stream      |      |      |        | s_query_r                                                               | memory | 0       | 512, 4, 1        |
|     s_key_cache_in_r_U                                                       | fifo channel   | stream      |      |      |        | s_key_cache_in_r                                                        | memory | 0       | 512, 4, 1        |
|     s_value_cache_in_U                                                       | fifo channel   | stream      | 15   |      |        | s_value_cache_in                                                        | memory | 0       | 512, 64, 1       |
|     s_query_U                                                                | fifo channel   | stream      | 15   |      |        | s_query                                                                 | memory | 0       | 512, 64, 1       |
|     s_key_cache_in_U                                                         | fifo channel   | stream      | 15   |      |        | s_key_cache_in                                                          | memory | 0       | 512, 64, 1       |
|     s_key_cache_to_kernel_U                                                  | fifo channel   | stream      |      | 8    |        | s_key_cache_to_kernel                                                   | uram   | 0       | 512, 1024, 1     |
|     s_value_cache_to_kernel_U                                                | fifo channel   | stream      |      | 8    |        | s_value_cache_to_kernel                                                 | uram   | 0       | 512, 1024, 1     |
|     add_loc_c3_channel_U                                                     | fifo channel   | task level  |      |      |        | add_loc_c3_channel                                                      | srl    | 0       | 32, 4, 1         |
|     mha_it_sm_U                                                              | fifo channel   | stream      | 4    |      |        | mha_it_sm                                                               | bram   | 0       | 32, 1536, 1      |
|     s_max_val_U                                                              | fifo channel   | stream      |      |      |        | s_max_val                                                               | srl    | 0       | 32, 4, 1         |
|     add_loc_c2_U                                                             | fifo channel   | scalar prop |      |      |        | add_loc_c2                                                              | srl    | 0       | 32, 2, 1         |
|     att_sm_ws_U                                                              | fifo channel   | stream      | 4    |      |        | att_sm_ws                                                               | bram   | 0       | 32, 1536, 1      |
|     s_iss_val_U                                                              | fifo channel   | stream      |      |      |        | s_iss_val                                                               | srl    | 0       | 32, 4, 1         |
|     add_loc_c_U                                                              | fifo channel   | scalar prop |      |      |        | add_loc_c                                                               | srl    | 0       | 32, 2, 1         |
|     xb_ws_q_U                                                                | fifo channel   | stream      |      |      |        | xb_ws_q                                                                 | memory | 0       | 512, 32, 1       |
|    + rope_kernel_float_16ul_768_1                                            |                |             | 0    | 0    |        |                                                                         |        |         |                  |
|      arr18_U                                                                 | rom_2p         |             |      |      |        | arr18                                                                   | auto   | 1       | 32, 64, 1        |
|     + generic_sincos_float_s (grp_generic_sincos_float_s_fu_228)             |                |             | 0    | 0    |        |                                                                         |        |         |                  |
|       ref_4oPi_table_100_U                                                   | rom_1p         |             |      |      | pragma | ref_4oPi_table_100                                                      | lutram | 1       | 100, 13, 1       |
|       second_order_float_cos_K0_U                                            | rom_1p         |             |      |      | pragma | second_order_float_cos_K0                                               | lutram | 1       | 28, 128, 1       |
|       second_order_float_cos_K1_U                                            | rom_1p         |             |      |      | pragma | second_order_float_cos_K1                                               | lutram | 1       | 22, 128, 1       |
|       second_order_float_cos_K2_U                                            | rom_1p         |             |      |      | pragma | second_order_float_cos_K2                                               | lutram | 1       | 14, 128, 1       |
|       second_order_float_sin_K0_U                                            | rom_1p         |             |      |      | pragma | second_order_float_sin_K0                                               | lutram | 1       | 29, 128, 1       |
|       second_order_float_sin_K1_U                                            | rom_1p         |             |      |      | pragma | second_order_float_sin_K1                                               | lutram | 1       | 21, 128, 1       |
|       second_order_float_sin_K2_U                                            | rom_1p         |             |      |      | pragma | second_order_float_sin_K2                                               | lutram | 1       | 13, 128, 1       |
|     + generic_sincos_float_s (grp_generic_sincos_float_s_fu_247)             |                |             | 0    | 0    |        |                                                                         |        |         |                  |
|       ref_4oPi_table_100_U                                                   | rom_1p         |             |      |      | pragma | ref_4oPi_table_100                                                      | lutram | 1       | 100, 13, 1       |
|       second_order_float_cos_K0_U                                            | rom_1p         |             |      |      | pragma | second_order_float_cos_K0                                               | lutram | 1       | 28, 128, 1       |
|       second_order_float_cos_K1_U                                            | rom_1p         |             |      |      | pragma | second_order_float_cos_K1                                               | lutram | 1       | 22, 128, 1       |
|       second_order_float_cos_K2_U                                            | rom_1p         |             |      |      | pragma | second_order_float_cos_K2                                               | lutram | 1       | 14, 128, 1       |
|       second_order_float_sin_K0_U                                            | rom_1p         |             |      |      | pragma | second_order_float_sin_K0                                               | lutram | 1       | 29, 128, 1       |
|       second_order_float_sin_K1_U                                            | rom_1p         |             |      |      | pragma | second_order_float_sin_K1                                               | lutram | 1       | 21, 128, 1       |
|       second_order_float_sin_K2_U                                            | rom_1p         |             |      |      | pragma | second_order_float_sin_K2                                               | lutram | 1       | 13, 128, 1       |
|    + rope_kernel_float_16ul_768_s                                            |                |             | 0    | 0    |        |                                                                         |        |         |                  |
|      arr_U                                                                   | rom_2p         |             |      |      |        | arr                                                                     | auto   | 1       | 32, 64, 1        |
|     + generic_sincos_float_s (grp_generic_sincos_float_s_fu_228)             |                |             | 0    | 0    |        |                                                                         |        |         |                  |
|       ref_4oPi_table_100_U                                                   | rom_1p         |             |      |      | pragma | ref_4oPi_table_100                                                      | lutram | 1       | 100, 13, 1       |
|       second_order_float_cos_K0_U                                            | rom_1p         |             |      |      | pragma | second_order_float_cos_K0                                               | lutram | 1       | 28, 128, 1       |
|       second_order_float_cos_K1_U                                            | rom_1p         |             |      |      | pragma | second_order_float_cos_K1                                               | lutram | 1       | 22, 128, 1       |
|       second_order_float_cos_K2_U                                            | rom_1p         |             |      |      | pragma | second_order_float_cos_K2                                               | lutram | 1       | 14, 128, 1       |
|       second_order_float_sin_K0_U                                            | rom_1p         |             |      |      | pragma | second_order_float_sin_K0                                               | lutram | 1       | 29, 128, 1       |
|       second_order_float_sin_K1_U                                            | rom_1p         |             |      |      | pragma | second_order_float_sin_K1                                               | lutram | 1       | 21, 128, 1       |
|       second_order_float_sin_K2_U                                            | rom_1p         |             |      |      | pragma | second_order_float_sin_K2                                               | lutram | 1       | 13, 128, 1       |
|     + generic_sincos_float_s (grp_generic_sincos_float_s_fu_247)             |                |             | 0    | 0    |        |                                                                         |        |         |                  |
|       ref_4oPi_table_100_U                                                   | rom_1p         |             |      |      | pragma | ref_4oPi_table_100                                                      | lutram | 1       | 100, 13, 1       |
|       second_order_float_cos_K0_U                                            | rom_1p         |             |      |      | pragma | second_order_float_cos_K0                                               | lutram | 1       | 28, 128, 1       |
|       second_order_float_cos_K1_U                                            | rom_1p         |             |      |      | pragma | second_order_float_cos_K1                                               | lutram | 1       | 22, 128, 1       |
|       second_order_float_cos_K2_U                                            | rom_1p         |             |      |      | pragma | second_order_float_cos_K2                                               | lutram | 1       | 14, 128, 1       |
|       second_order_float_sin_K0_U                                            | rom_1p         |             |      |      | pragma | second_order_float_sin_K0                                               | lutram | 1       | 29, 128, 1       |
|       second_order_float_sin_K1_U                                            | rom_1p         |             |      |      | pragma | second_order_float_sin_K1                                               | lutram | 1       | 21, 128, 1       |
|       second_order_float_sin_K2_U                                            | rom_1p         |             |      |      | pragma | second_order_float_sin_K2                                               | lutram | 1       | 13, 128, 1       |
|   + calc_loop                                                                |                |             | 151  | 4    |        |                                                                         |        |         |                  |
|     p_loc_c12_channel_U                                                      | fifo channel   | task level  |      |      |        | p_loc_c12_channel                                                       | srl    | 0       | 129, 2, 1        |
|     p_loc_c14_channel_U                                                      | fifo channel   | task level  |      |      |        | p_loc_c14_channel                                                       | srl    | 0       | 129, 2, 1        |
|     p_loc_c16_channel_U                                                      | fifo channel   | task level  |      |      |        | p_loc_c16_channel                                                       | srl    | 0       | 129, 2, 1        |
|     p_loc_c15_U                                                              | fifo channel   | scalar prop |      |      |        | p_loc_c15                                                               | srl    | 0       | 129, 2, 1        |
|     p_dup_U                                                                  | fifo channel   | task level  |      |      |        | p_dup                                                                   | srl    | 0       | 21, 2, 1         |
|     p_dup_1_U                                                                | fifo channel   | task level  |      |      |        | p_dup_1                                                                 | srl    | 0       | 21, 2, 1         |
|     s_wsf_U                                                                  | fifo channel   | stream      | 29   |      |        | s_wsf                                                                   | bram   | 0       | 512, 1024, 1     |
|     p_loc_c13_U                                                              | fifo channel   | scalar prop |      |      |        | p_loc_c13                                                               | srl    | 0       | 129, 2, 1        |
|     add28_loc_channel_U                                                      | fifo channel   | task level  |      |      |        | add28_loc_channel                                                       | srl    | 0       | 32, 2, 1         |
|     s_wsf_1_U                                                                | fifo channel   | stream      | 29   |      |        | s_wsf_1                                                                 | bram   | 0       | 512, 1024, 1     |
|     s_tok_sf_U                                                               | fifo channel   | stream      |      |      |        | s_tok_sf                                                                | srl    | 0       | 32, 4, 1         |
|     s_tok_q_U                                                                | fifo channel   | stream      |      |      |        | s_tok_q                                                                 | memory | 0       | 512, 4, 1        |
|     p_loc_c10_U                                                              | fifo channel   | scalar prop |      |      |        | p_loc_c10                                                               | srl    | 0       | 33, 2, 1         |
|     p_loc_c11_U                                                              | fifo channel   | scalar prop |      |      |        | p_loc_c11                                                               | srl    | 0       | 129, 2, 1        |
|     s_inf_tok_sf_U                                                           | fifo channel   | stream      |      |      |        | s_inf_tok_sf                                                            | srl    | 0       | 128, 4, 1        |
|     s_inf_tok_sf_1_U                                                         | fifo channel   | stream      |      |      |        | s_inf_tok_sf_1                                                          | srl    | 0       | 128, 4, 1        |
|     p_loc_c8_U                                                               | fifo channel   | scalar prop |      |      |        | p_loc_c8                                                                | srl    | 0       | 129, 2, 1        |
|     p_loc_c9_U                                                               | fifo channel   | scalar prop |      |      |        | p_loc_c9                                                                | srl    | 0       | 65, 2, 1         |
|     s_inf_tok_q_U                                                            | fifo channel   | stream      |      |      |        | s_inf_tok_q                                                             | memory | 0       | 512, 32, 1       |
|     s_inf_tok_q_1_U                                                          | fifo channel   | stream      |      |      |        | s_inf_tok_q_1                                                           | memory | 0       | 512, 32, 1       |
|     s_out_U                                                                  | fifo channel   | stream      |      |      |        | s_out                                                                   | srl    | 0       | 32, 16, 1        |
|     p_loc_c7_U                                                               | fifo channel   | scalar prop |      |      |        | p_loc_c7                                                                | srl    | 0       | 65, 2, 1         |
|     s_out_1_U                                                                | fifo channel   | stream      |      |      |        | s_out_1                                                                 | srl    | 0       | 32, 16, 1        |
|     sys_sort_U                                                               | fifo channel   | stream      |      |      |        | sys_sort                                                                | memory | 0       | 48, 64, 1        |
|     p_loc_c_U                                                                | fifo channel   | scalar prop |      |      |        | p_loc_c                                                                 | srl    | 0       | 65, 2, 1         |
|    + quantizer_kernel                                                        |                |             | 1    | 0    |        |                                                                         |        |         |                  |
|     + dataflow_parent_loop_proc                                              |                |             | 1    | 0    |        |                                                                         |        |         |                  |
|      + dataflow_in_loop_VITIS_LOOP_106_1_1                                   |                |             | 1    | 0    |        |                                                                         |        |         |                  |
|        tokens_out_U                                                          | fifo channel   | stream      |      |      |        | tokens_out                                                              | memory | 0       | 128, 64, 1       |
|        abs_tokens_U                                                          | fifo channel   | stream      |      |      |        | abs_tokens                                                              | memory | 0       | 128, 64, 1       |
|        max_val_U                                                             | fifo channel   | stream      |      |      |        | max_val                                                                 | srl    | 0       | 32, 4, 1         |
|       + quant_out                                                            |                |             | 1    | 0    |        |                                                                         |        |         |                  |
|         quant_tmp_M_elems_U                                                  | ram_t2p array  |             | 1    |      |        | quant_tmp_M_elems                                                       | auto   | 1       | 8, 64, 1         |
|        + quant_out_Pipeline_create_q_val                                     |                |             | 0    | 0    |        |                                                                         |        |         |                  |
|          mask_table_U                                                        | rom_2p         |             |      |      |        | mask_table                                                              | auto   | 1       | 23, 32, 1        |
|          one_half_table_U                                                    | rom_2p         |             |      |      |        | one_half_table                                                          | auto   | 1       | 24, 32, 1        |
|    + s_GeMV_kernel                                                           |                |             | 46   | 2    |        |                                                                         |        |         |                  |
|      p_loc_tmp_U                                                             | fifo channel   | task level  |      |      |        | p_loc_tmp                                                               | srl    | 0       | 65, 2, 1         |
|      p_loc_tmp1_U                                                            | fifo channel   | task level  |      |      |        | p_loc_tmp1                                                              | srl    | 0       | 33, 2, 1         |
|      p_loc_tmp2_U                                                            | fifo channel   | task level  |      |      |        | p_loc_tmp2                                                              | srl    | 0       | 33, 2, 1         |
|      p_loc_tmp3_U                                                            | fifo channel   | task level  |      |      |        | p_loc_tmp3                                                              | srl    | 0       | 65, 4, 1         |
|      p_loc_tmp4_U                                                            | fifo channel   | task level  |      |      |        | p_loc_tmp4                                                              | srl    | 0       | 65, 2, 1         |
|      p_loc_tmp5_U                                                            | fifo channel   | task level  |      |      |        | p_loc_tmp5                                                              | srl    | 0       | 65, 5, 1         |
|      p_loc_tmp6_U                                                            | fifo channel   | task level  |      |      |        | p_loc_tmp6                                                              | srl    | 0       | 65, 5, 1         |
|      p_loc_tmp7_U                                                            | fifo channel   | task level  |      |      |        | p_loc_tmp7                                                              | srl    | 0       | 65, 6, 1         |
|      mul6_i_loc_i_channel_U                                                  | fifo channel   | task level  |      |      |        | mul6_i_loc_i_channel                                                    | srl    | 0       | 32, 2, 1         |
|      d_tok_sf_U                                                              | fifo channel   | stream      |      |      |        | d_tok_sf                                                                | srl    | 0       | 128, 4, 1        |
|      d_tok_sf_2_U                                                            | fifo channel   | stream      |      |      |        | d_tok_sf_2                                                              | srl    | 0       | 128, 4, 1        |
|      d_tok_U                                                                 | fifo channel   | stream      |      |      |        | d_tok                                                                   | memory | 0       | 512, 8, 1        |
|      d_tok_2_U                                                               | fifo channel   | stream      |      |      |        | d_tok_2                                                                 | memory | 0       | 512, 8, 1        |
|      s_vd_wsf_U                                                              | fifo channel   | stream      |      | 2    |        | s_vd_wsf                                                                | uram   | 0       | 128, 4096, 1     |
|      d_wsf_U                                                                 | fifo channel   | stream      | 4    |      |        | d_wsf                                                                   | bram   | 0       | 128, 96, 1       |
|      d_wsf_2_U                                                               | fifo channel   | stream      | 4    |      |        | d_wsf_2                                                                 | bram   | 0       | 128, 96, 1       |
|      d_w_U                                                                   | fifo channel   | stream      | 15   |      |        | d_w                                                                     | bram   | 0       | 512, 384, 1      |
|      d_w_2_U                                                                 | fifo channel   | stream      | 15   |      |        | d_w_2                                                                   | bram   | 0       | 512, 384, 1      |
|      out_thread_U                                                            | fifo channel   | stream      |      |      |        | out_thread                                                              | srl    | 0       | 32, 2, 1         |
|      out_thread_2_U                                                          | fifo channel   | stream      |      |      |        | out_thread_2                                                            | srl    | 0       | 32, 2, 1         |
|     + alt_mat_mult_main_19                                                   |                |             | 4    | 0    |        |                                                                         |        |         |                  |
|       arr_sf_U                                                               | ram_2p array   |             | 1    |      | yes    | arr_sf                                                                  | bram   | 1       | 32, 32, 1        |
|       arr_sf_4_U                                                             | ram_2p array   |             | 1    |      | yes    | arr_sf_4                                                                | bram   | 1       | 32, 32, 1        |
|       arr_sf_5_U                                                             | ram_2p array   |             | 1    |      | yes    | arr_sf_5                                                                | bram   | 1       | 32, 32, 1        |
|       arr_sf_6_U                                                             | ram_2p array   |             | 1    |      | yes    | arr_sf_6                                                                | bram   | 1       | 32, 32, 1        |
|       arr_1_U                                                                | ram_1p array   |             |      |      |        | arr_1                                                                   | auto   | 1       | 8, 32, 1         |
|       arr_1_2_U                                                              | ram_1p array   |             |      |      |        | arr_1_2                                                                 | auto   | 1       | 8, 32, 1         |
|       arr_64_U                                                               | ram_1p array   |             |      |      |        | arr_64                                                                  | auto   | 1       | 8, 32, 1         |
|       arr_65_U                                                               | ram_1p array   |             |      |      |        | arr_65                                                                  | auto   | 1       | 8, 32, 1         |
|       arr_66_U                                                               | ram_1p array   |             |      |      |        | arr_66                                                                  | auto   | 1       | 8, 32, 1         |
|       arr_67_U                                                               | ram_1p array   |             |      |      |        | arr_67                                                                  | auto   | 1       | 8, 32, 1         |
|       arr_68_U                                                               | ram_1p array   |             |      |      |        | arr_68                                                                  | auto   | 1       | 8, 32, 1         |
|       arr_69_U                                                               | ram_1p array   |             |      |      |        | arr_69                                                                  | auto   | 1       | 8, 32, 1         |
|       arr_70_U                                                               | ram_1p array   |             |      |      |        | arr_70                                                                  | auto   | 1       | 8, 32, 1         |
|       arr_71_U                                                               | ram_1p array   |             |      |      |        | arr_71                                                                  | auto   | 1       | 8, 32, 1         |
|       arr_72_U                                                               | ram_1p array   |             |      |      |        | arr_72                                                                  | auto   | 1       | 8, 32, 1         |
|       arr_73_U                                                               | ram_1p array   |             |      |      |        | arr_73                                                                  | auto   | 1       | 8, 32, 1         |
|       arr_74_U                                                               | ram_1p array   |             |      |      |        | arr_74                                                                  | auto   | 1       | 8, 32, 1         |
|       arr_75_U                                                               | ram_1p array   |             |      |      |        | arr_75                                                                  | auto   | 1       | 8, 32, 1         |
|       arr_76_U                                                               | ram_1p array   |             |      |      |        | arr_76                                                                  | auto   | 1       | 8, 32, 1         |
|       arr_77_U                                                               | ram_1p array   |             |      |      |        | arr_77                                                                  | auto   | 1       | 8, 32, 1         |
|       arr_78_U                                                               | ram_1p array   |             |      |      |        | arr_78                                                                  | auto   | 1       | 8, 32, 1         |
|       arr_79_U                                                               | ram_1p array   |             |      |      |        | arr_79                                                                  | auto   | 1       | 8, 32, 1         |
|       arr_80_U                                                               | ram_1p array   |             |      |      |        | arr_80                                                                  | auto   | 1       | 8, 32, 1         |
|       arr_81_U                                                               | ram_1p array   |             |      |      |        | arr_81                                                                  | auto   | 1       | 8, 32, 1         |
|       arr_82_U                                                               | ram_1p array   |             |      |      |        | arr_82                                                                  | auto   | 1       | 8, 32, 1         |
|       arr_83_U                                                               | ram_1p array   |             |      |      |        | arr_83                                                                  | auto   | 1       | 8, 32, 1         |
|       arr_84_U                                                               | ram_1p array   |             |      |      |        | arr_84                                                                  | auto   | 1       | 8, 32, 1         |
|       arr_85_U                                                               | ram_1p array   |             |      |      |        | arr_85                                                                  | auto   | 1       | 8, 32, 1         |
|       arr_86_U                                                               | ram_1p array   |             |      |      |        | arr_86                                                                  | auto   | 1       | 8, 32, 1         |
|       arr_87_U                                                               | ram_1p array   |             |      |      |        | arr_87                                                                  | auto   | 1       | 8, 32, 1         |
|       arr_88_U                                                               | ram_1p array   |             |      |      |        | arr_88                                                                  | auto   | 1       | 8, 32, 1         |
|       arr_89_U                                                               | ram_1p array   |             |      |      |        | arr_89                                                                  | auto   | 1       | 8, 32, 1         |
|       arr_90_U                                                               | ram_1p array   |             |      |      |        | arr_90                                                                  | auto   | 1       | 8, 32, 1         |
|       arr_91_U                                                               | ram_1p array   |             |      |      |        | arr_91                                                                  | auto   | 1       | 8, 32, 1         |
|       arr_92_U                                                               | ram_1p array   |             |      |      |        | arr_92                                                                  | auto   | 1       | 8, 32, 1         |
|       arr_93_U                                                               | ram_1p array   |             |      |      |        | arr_93                                                                  | auto   | 1       | 8, 32, 1         |
|       arr_94_U                                                               | ram_1p array   |             |      |      |        | arr_94                                                                  | auto   | 1       | 8, 32, 1         |
|       arr_95_U                                                               | ram_1p array   |             |      |      |        | arr_95                                                                  | auto   | 1       | 8, 32, 1         |
|       arr_96_U                                                               | ram_1p array   |             |      |      |        | arr_96                                                                  | auto   | 1       | 8, 32, 1         |
|       arr_97_U                                                               | ram_1p array   |             |      |      |        | arr_97                                                                  | auto   | 1       | 8, 32, 1         |
|       arr_98_U                                                               | ram_1p array   |             |      |      |        | arr_98                                                                  | auto   | 1       | 8, 32, 1         |
|       arr_99_U                                                               | ram_1p array   |             |      |      |        | arr_99                                                                  | auto   | 1       | 8, 32, 1         |
|       arr_100_U                                                              | ram_1p array   |             |      |      |        | arr_100                                                                 | auto   | 1       | 8, 32, 1         |
|       arr_101_U                                                              | ram_1p array   |             |      |      |        | arr_101                                                                 | auto   | 1       | 8, 32, 1         |
|       arr_102_U                                                              | ram_1p array   |             |      |      |        | arr_102                                                                 | auto   | 1       | 8, 32, 1         |
|       arr_103_U                                                              | ram_1p array   |             |      |      |        | arr_103                                                                 | auto   | 1       | 8, 32, 1         |
|       arr_104_U                                                              | ram_1p array   |             |      |      |        | arr_104                                                                 | auto   | 1       | 8, 32, 1         |
|       arr_105_U                                                              | ram_1p array   |             |      |      |        | arr_105                                                                 | auto   | 1       | 8, 32, 1         |
|       arr_106_U                                                              | ram_1p array   |             |      |      |        | arr_106                                                                 | auto   | 1       | 8, 32, 1         |
|       arr_107_U                                                              | ram_1p array   |             |      |      |        | arr_107                                                                 | auto   | 1       | 8, 32, 1         |
|       arr_108_U                                                              | ram_1p array   |             |      |      |        | arr_108                                                                 | auto   | 1       | 8, 32, 1         |
|       arr_109_U                                                              | ram_1p array   |             |      |      |        | arr_109                                                                 | auto   | 1       | 8, 32, 1         |
|       arr_110_U                                                              | ram_1p array   |             |      |      |        | arr_110                                                                 | auto   | 1       | 8, 32, 1         |
|       arr_111_U                                                              | ram_1p array   |             |      |      |        | arr_111                                                                 | auto   | 1       | 8, 32, 1         |
|       arr_112_U                                                              | ram_1p array   |             |      |      |        | arr_112                                                                 | auto   | 1       | 8, 32, 1         |
|       arr_113_U                                                              | ram_1p array   |             |      |      |        | arr_113                                                                 | auto   | 1       | 8, 32, 1         |
|       arr_114_U                                                              | ram_1p array   |             |      |      |        | arr_114                                                                 | auto   | 1       | 8, 32, 1         |
|       arr_115_U                                                              | ram_1p array   |             |      |      |        | arr_115                                                                 | auto   | 1       | 8, 32, 1         |
|       arr_116_U                                                              | ram_1p array   |             |      |      |        | arr_116                                                                 | auto   | 1       | 8, 32, 1         |
|       arr_117_U                                                              | ram_1p array   |             |      |      |        | arr_117                                                                 | auto   | 1       | 8, 32, 1         |
|       arr_118_U                                                              | ram_1p array   |             |      |      |        | arr_118                                                                 | auto   | 1       | 8, 32, 1         |
|       arr_119_U                                                              | ram_1p array   |             |      |      |        | arr_119                                                                 | auto   | 1       | 8, 32, 1         |
|       arr_120_U                                                              | ram_1p array   |             |      |      |        | arr_120                                                                 | auto   | 1       | 8, 32, 1         |
|       arr_121_U                                                              | ram_1p array   |             |      |      |        | arr_121                                                                 | auto   | 1       | 8, 32, 1         |
|       arr_122_U                                                              | ram_1p array   |             |      |      |        | arr_122                                                                 | auto   | 1       | 8, 32, 1         |
|       arr_123_U                                                              | ram_1p array   |             |      |      |        | arr_123                                                                 | auto   | 1       | 8, 32, 1         |
|       arr_124_U                                                              | ram_1p array   |             |      |      |        | arr_124                                                                 | auto   | 1       | 8, 32, 1         |
|       arr_125_U                                                              | ram_1p array   |             |      |      |        | arr_125                                                                 | auto   | 1       | 8, 32, 1         |
|     + alt_mat_mult_main_20                                                   |                |             | 4    | 0    |        |                                                                         |        |         |                  |
|       arr_sf_U                                                               | ram_2p array   |             | 1    |      | yes    | arr_sf                                                                  | bram   | 1       | 32, 32, 1        |
|       arr_sf_1_U                                                             | ram_2p array   |             | 1    |      | yes    | arr_sf_1                                                                | bram   | 1       | 32, 32, 1        |
|       arr_sf_2_U                                                             | ram_2p array   |             | 1    |      | yes    | arr_sf_2                                                                | bram   | 1       | 32, 32, 1        |
|       arr_sf_3_U                                                             | ram_2p array   |             | 1    |      | yes    | arr_sf_3                                                                | bram   | 1       | 32, 32, 1        |
|       arr_1_1_U                                                              | ram_1p array   |             |      |      |        | arr_1_1                                                                 | auto   | 1       | 8, 32, 1         |
|       arr_1_U                                                                | ram_1p array   |             |      |      |        | arr_1                                                                   | auto   | 1       | 8, 32, 1         |
|       arr_2_U                                                                | ram_1p array   |             |      |      |        | arr_2                                                                   | auto   | 1       | 8, 32, 1         |
|       arr_3_U                                                                | ram_1p array   |             |      |      |        | arr_3                                                                   | auto   | 1       | 8, 32, 1         |
|       arr_4_U                                                                | ram_1p array   |             |      |      |        | arr_4                                                                   | auto   | 1       | 8, 32, 1         |
|       arr_5_U                                                                | ram_1p array   |             |      |      |        | arr_5                                                                   | auto   | 1       | 8, 32, 1         |
|       arr_6_U                                                                | ram_1p array   |             |      |      |        | arr_6                                                                   | auto   | 1       | 8, 32, 1         |
|       arr_7_U                                                                | ram_1p array   |             |      |      |        | arr_7                                                                   | auto   | 1       | 8, 32, 1         |
|       arr_8_U                                                                | ram_1p array   |             |      |      |        | arr_8                                                                   | auto   | 1       | 8, 32, 1         |
|       arr_9_U                                                                | ram_1p array   |             |      |      |        | arr_9                                                                   | auto   | 1       | 8, 32, 1         |
|       arr_10_U                                                               | ram_1p array   |             |      |      |        | arr_10                                                                  | auto   | 1       | 8, 32, 1         |
|       arr_11_U                                                               | ram_1p array   |             |      |      |        | arr_11                                                                  | auto   | 1       | 8, 32, 1         |
|       arr_12_U                                                               | ram_1p array   |             |      |      |        | arr_12                                                                  | auto   | 1       | 8, 32, 1         |
|       arr_13_U                                                               | ram_1p array   |             |      |      |        | arr_13                                                                  | auto   | 1       | 8, 32, 1         |
|       arr_14_U                                                               | ram_1p array   |             |      |      |        | arr_14                                                                  | auto   | 1       | 8, 32, 1         |
|       arr_15_U                                                               | ram_1p array   |             |      |      |        | arr_15                                                                  | auto   | 1       | 8, 32, 1         |
|       arr_16_U                                                               | ram_1p array   |             |      |      |        | arr_16                                                                  | auto   | 1       | 8, 32, 1         |
|       arr_17_U                                                               | ram_1p array   |             |      |      |        | arr_17                                                                  | auto   | 1       | 8, 32, 1         |
|       arr_18_U                                                               | ram_1p array   |             |      |      |        | arr_18                                                                  | auto   | 1       | 8, 32, 1         |
|       arr_19_U                                                               | ram_1p array   |             |      |      |        | arr_19                                                                  | auto   | 1       | 8, 32, 1         |
|       arr_20_U                                                               | ram_1p array   |             |      |      |        | arr_20                                                                  | auto   | 1       | 8, 32, 1         |
|       arr_21_U                                                               | ram_1p array   |             |      |      |        | arr_21                                                                  | auto   | 1       | 8, 32, 1         |
|       arr_22_U                                                               | ram_1p array   |             |      |      |        | arr_22                                                                  | auto   | 1       | 8, 32, 1         |
|       arr_23_U                                                               | ram_1p array   |             |      |      |        | arr_23                                                                  | auto   | 1       | 8, 32, 1         |
|       arr_24_U                                                               | ram_1p array   |             |      |      |        | arr_24                                                                  | auto   | 1       | 8, 32, 1         |
|       arr_25_U                                                               | ram_1p array   |             |      |      |        | arr_25                                                                  | auto   | 1       | 8, 32, 1         |
|       arr_26_U                                                               | ram_1p array   |             |      |      |        | arr_26                                                                  | auto   | 1       | 8, 32, 1         |
|       arr_27_U                                                               | ram_1p array   |             |      |      |        | arr_27                                                                  | auto   | 1       | 8, 32, 1         |
|       arr_28_U                                                               | ram_1p array   |             |      |      |        | arr_28                                                                  | auto   | 1       | 8, 32, 1         |
|       arr_29_U                                                               | ram_1p array   |             |      |      |        | arr_29                                                                  | auto   | 1       | 8, 32, 1         |
|       arr_30_U                                                               | ram_1p array   |             |      |      |        | arr_30                                                                  | auto   | 1       | 8, 32, 1         |
|       arr_31_U                                                               | ram_1p array   |             |      |      |        | arr_31                                                                  | auto   | 1       | 8, 32, 1         |
|       arr_32_U                                                               | ram_1p array   |             |      |      |        | arr_32                                                                  | auto   | 1       | 8, 32, 1         |
|       arr_33_U                                                               | ram_1p array   |             |      |      |        | arr_33                                                                  | auto   | 1       | 8, 32, 1         |
|       arr_34_U                                                               | ram_1p array   |             |      |      |        | arr_34                                                                  | auto   | 1       | 8, 32, 1         |
|       arr_35_U                                                               | ram_1p array   |             |      |      |        | arr_35                                                                  | auto   | 1       | 8, 32, 1         |
|       arr_36_U                                                               | ram_1p array   |             |      |      |        | arr_36                                                                  | auto   | 1       | 8, 32, 1         |
|       arr_37_U                                                               | ram_1p array   |             |      |      |        | arr_37                                                                  | auto   | 1       | 8, 32, 1         |
|       arr_38_U                                                               | ram_1p array   |             |      |      |        | arr_38                                                                  | auto   | 1       | 8, 32, 1         |
|       arr_39_U                                                               | ram_1p array   |             |      |      |        | arr_39                                                                  | auto   | 1       | 8, 32, 1         |
|       arr_40_U                                                               | ram_1p array   |             |      |      |        | arr_40                                                                  | auto   | 1       | 8, 32, 1         |
|       arr_41_U                                                               | ram_1p array   |             |      |      |        | arr_41                                                                  | auto   | 1       | 8, 32, 1         |
|       arr_42_U                                                               | ram_1p array   |             |      |      |        | arr_42                                                                  | auto   | 1       | 8, 32, 1         |
|       arr_43_U                                                               | ram_1p array   |             |      |      |        | arr_43                                                                  | auto   | 1       | 8, 32, 1         |
|       arr_44_U                                                               | ram_1p array   |             |      |      |        | arr_44                                                                  | auto   | 1       | 8, 32, 1         |
|       arr_45_U                                                               | ram_1p array   |             |      |      |        | arr_45                                                                  | auto   | 1       | 8, 32, 1         |
|       arr_46_U                                                               | ram_1p array   |             |      |      |        | arr_46                                                                  | auto   | 1       | 8, 32, 1         |
|       arr_47_U                                                               | ram_1p array   |             |      |      |        | arr_47                                                                  | auto   | 1       | 8, 32, 1         |
|       arr_48_U                                                               | ram_1p array   |             |      |      |        | arr_48                                                                  | auto   | 1       | 8, 32, 1         |
|       arr_49_U                                                               | ram_1p array   |             |      |      |        | arr_49                                                                  | auto   | 1       | 8, 32, 1         |
|       arr_50_U                                                               | ram_1p array   |             |      |      |        | arr_50                                                                  | auto   | 1       | 8, 32, 1         |
|       arr_51_U                                                               | ram_1p array   |             |      |      |        | arr_51                                                                  | auto   | 1       | 8, 32, 1         |
|       arr_52_U                                                               | ram_1p array   |             |      |      |        | arr_52                                                                  | auto   | 1       | 8, 32, 1         |
|       arr_53_U                                                               | ram_1p array   |             |      |      |        | arr_53                                                                  | auto   | 1       | 8, 32, 1         |
|       arr_54_U                                                               | ram_1p array   |             |      |      |        | arr_54                                                                  | auto   | 1       | 8, 32, 1         |
|       arr_55_U                                                               | ram_1p array   |             |      |      |        | arr_55                                                                  | auto   | 1       | 8, 32, 1         |
|       arr_56_U                                                               | ram_1p array   |             |      |      |        | arr_56                                                                  | auto   | 1       | 8, 32, 1         |
|       arr_57_U                                                               | ram_1p array   |             |      |      |        | arr_57                                                                  | auto   | 1       | 8, 32, 1         |
|       arr_58_U                                                               | ram_1p array   |             |      |      |        | arr_58                                                                  | auto   | 1       | 8, 32, 1         |
|       arr_59_U                                                               | ram_1p array   |             |      |      |        | arr_59                                                                  | auto   | 1       | 8, 32, 1         |
|       arr_60_U                                                               | ram_1p array   |             |      |      |        | arr_60                                                                  | auto   | 1       | 8, 32, 1         |
|       arr_61_U                                                               | ram_1p array   |             |      |      |        | arr_61                                                                  | auto   | 1       | 8, 32, 1         |
|       arr_62_U                                                               | ram_1p array   |             |      |      |        | arr_62                                                                  | auto   | 1       | 8, 32, 1         |
|       arr_63_U                                                               | ram_1p array   |             |      |      |        | arr_63                                                                  | auto   | 1       | 8, 32, 1         |
|    + s_GeMV_kernel_10                                                        |                |             | 46   | 2    |        |                                                                         |        |         |                  |
|      p_loc_tmp_channel_U                                                     | fifo channel   | task level  |      |      |        | p_loc_tmp_channel                                                       | srl    | 0       | 129, 6, 1        |
|      p_loc_tmp1_channel_U                                                    | fifo channel   | task level  |      |      |        | p_loc_tmp1_channel                                                      | srl    | 0       | 129, 5, 1        |
|      p_loc_tmp2_channel_U                                                    | fifo channel   | task level  |      |      |        | p_loc_tmp2_channel                                                      | srl    | 0       | 129, 5, 1        |
|      p_loc_tmp3_channel_U                                                    | fifo channel   | task level  |      |      |        | p_loc_tmp3_channel                                                      | srl    | 0       | 129, 2, 1        |
|      p_loc_tmp4_channel_U                                                    | fifo channel   | task level  |      |      |        | p_loc_tmp4_channel                                                      | srl    | 0       | 129, 4, 1        |
|      p_loc_tmp5_channel_U                                                    | fifo channel   | task level  |      |      |        | p_loc_tmp5_channel                                                      | srl    | 0       | 129, 2, 1        |
|      p_loc_tmp6_channel_U                                                    | fifo channel   | task level  |      |      |        | p_loc_tmp6_channel                                                      | srl    | 0       | 129, 2, 1        |
|      p_loc_tmp7_channel_U                                                    | fifo channel   | task level  |      |      |        | p_loc_tmp7_channel                                                      | srl    | 0       | 129, 2, 1        |
|      mul6_i_loc_i_channel_U                                                  | fifo channel   | task level  |      |      |        | mul6_i_loc_i_channel                                                    | srl    | 0       | 32, 2, 1         |
|      d_tok_sf_U                                                              | fifo channel   | stream      |      |      |        | d_tok_sf                                                                | srl    | 0       | 128, 4, 1        |
|      d_tok_sf_1_U                                                            | fifo channel   | stream      |      |      |        | d_tok_sf_1                                                              | srl    | 0       | 128, 4, 1        |
|      d_tok_U                                                                 | fifo channel   | stream      |      |      |        | d_tok                                                                   | memory | 0       | 512, 8, 1        |
|      d_tok_1_U                                                               | fifo channel   | stream      |      |      |        | d_tok_1                                                                 | memory | 0       | 512, 8, 1        |
|      s_vd_wsf_U                                                              | fifo channel   | stream      |      | 2    |        | s_vd_wsf                                                                | uram   | 0       | 128, 4096, 1     |
|      d_wsf_U                                                                 | fifo channel   | stream      | 4    |      |        | d_wsf                                                                   | bram   | 0       | 128, 96, 1       |
|      d_wsf_1_U                                                               | fifo channel   | stream      | 4    |      |        | d_wsf_1                                                                 | bram   | 0       | 128, 96, 1       |
|      d_w_U                                                                   | fifo channel   | stream      | 15   |      |        | d_w                                                                     | bram   | 0       | 512, 384, 1      |
|      d_w_1_U                                                                 | fifo channel   | stream      | 15   |      |        | d_w_1                                                                   | bram   | 0       | 512, 384, 1      |
|      out_thread_U                                                            | fifo channel   | stream      |      |      |        | out_thread                                                              | srl    | 0       | 32, 2, 1         |
|      out_thread_1_U                                                          | fifo channel   | stream      |      |      |        | out_thread_1                                                            | srl    | 0       | 32, 2, 1         |
|     + alt_mat_mult_main                                                      |                |             | 4    | 0    |        |                                                                         |        |         |                  |
|       arr_sf_U                                                               | ram_2p array   |             | 1    |      | yes    | arr_sf                                                                  | bram   | 1       | 32, 32, 1        |
|       arr_sf_10_U                                                            | ram_2p array   |             | 1    |      | yes    | arr_sf_10                                                               | bram   | 1       | 32, 32, 1        |
|       arr_sf_11_U                                                            | ram_2p array   |             | 1    |      | yes    | arr_sf_11                                                               | bram   | 1       | 32, 32, 1        |
|       arr_sf_12_U                                                            | ram_2p array   |             | 1    |      | yes    | arr_sf_12                                                               | bram   | 1       | 32, 32, 1        |
|       arr_1_U                                                                | ram_1p array   |             |      |      |        | arr_1                                                                   | auto   | 1       | 8, 32, 1         |
|       arr_1_4_U                                                              | ram_1p array   |             |      |      |        | arr_1_4                                                                 | auto   | 1       | 8, 32, 1         |
|       arr_188_U                                                              | ram_1p array   |             |      |      |        | arr_188                                                                 | auto   | 1       | 8, 32, 1         |
|       arr_189_U                                                              | ram_1p array   |             |      |      |        | arr_189                                                                 | auto   | 1       | 8, 32, 1         |
|       arr_190_U                                                              | ram_1p array   |             |      |      |        | arr_190                                                                 | auto   | 1       | 8, 32, 1         |
|       arr_191_U                                                              | ram_1p array   |             |      |      |        | arr_191                                                                 | auto   | 1       | 8, 32, 1         |
|       arr_192_U                                                              | ram_1p array   |             |      |      |        | arr_192                                                                 | auto   | 1       | 8, 32, 1         |
|       arr_193_U                                                              | ram_1p array   |             |      |      |        | arr_193                                                                 | auto   | 1       | 8, 32, 1         |
|       arr_194_U                                                              | ram_1p array   |             |      |      |        | arr_194                                                                 | auto   | 1       | 8, 32, 1         |
|       arr_195_U                                                              | ram_1p array   |             |      |      |        | arr_195                                                                 | auto   | 1       | 8, 32, 1         |
|       arr_196_U                                                              | ram_1p array   |             |      |      |        | arr_196                                                                 | auto   | 1       | 8, 32, 1         |
|       arr_197_U                                                              | ram_1p array   |             |      |      |        | arr_197                                                                 | auto   | 1       | 8, 32, 1         |
|       arr_198_U                                                              | ram_1p array   |             |      |      |        | arr_198                                                                 | auto   | 1       | 8, 32, 1         |
|       arr_199_U                                                              | ram_1p array   |             |      |      |        | arr_199                                                                 | auto   | 1       | 8, 32, 1         |
|       arr_200_U                                                              | ram_1p array   |             |      |      |        | arr_200                                                                 | auto   | 1       | 8, 32, 1         |
|       arr_201_U                                                              | ram_1p array   |             |      |      |        | arr_201                                                                 | auto   | 1       | 8, 32, 1         |
|       arr_202_U                                                              | ram_1p array   |             |      |      |        | arr_202                                                                 | auto   | 1       | 8, 32, 1         |
|       arr_203_U                                                              | ram_1p array   |             |      |      |        | arr_203                                                                 | auto   | 1       | 8, 32, 1         |
|       arr_204_U                                                              | ram_1p array   |             |      |      |        | arr_204                                                                 | auto   | 1       | 8, 32, 1         |
|       arr_205_U                                                              | ram_1p array   |             |      |      |        | arr_205                                                                 | auto   | 1       | 8, 32, 1         |
|       arr_206_U                                                              | ram_1p array   |             |      |      |        | arr_206                                                                 | auto   | 1       | 8, 32, 1         |
|       arr_207_U                                                              | ram_1p array   |             |      |      |        | arr_207                                                                 | auto   | 1       | 8, 32, 1         |
|       arr_208_U                                                              | ram_1p array   |             |      |      |        | arr_208                                                                 | auto   | 1       | 8, 32, 1         |
|       arr_209_U                                                              | ram_1p array   |             |      |      |        | arr_209                                                                 | auto   | 1       | 8, 32, 1         |
|       arr_210_U                                                              | ram_1p array   |             |      |      |        | arr_210                                                                 | auto   | 1       | 8, 32, 1         |
|       arr_211_U                                                              | ram_1p array   |             |      |      |        | arr_211                                                                 | auto   | 1       | 8, 32, 1         |
|       arr_212_U                                                              | ram_1p array   |             |      |      |        | arr_212                                                                 | auto   | 1       | 8, 32, 1         |
|       arr_213_U                                                              | ram_1p array   |             |      |      |        | arr_213                                                                 | auto   | 1       | 8, 32, 1         |
|       arr_214_U                                                              | ram_1p array   |             |      |      |        | arr_214                                                                 | auto   | 1       | 8, 32, 1         |
|       arr_215_U                                                              | ram_1p array   |             |      |      |        | arr_215                                                                 | auto   | 1       | 8, 32, 1         |
|       arr_216_U                                                              | ram_1p array   |             |      |      |        | arr_216                                                                 | auto   | 1       | 8, 32, 1         |
|       arr_217_U                                                              | ram_1p array   |             |      |      |        | arr_217                                                                 | auto   | 1       | 8, 32, 1         |
|       arr_218_U                                                              | ram_1p array   |             |      |      |        | arr_218                                                                 | auto   | 1       | 8, 32, 1         |
|       arr_219_U                                                              | ram_1p array   |             |      |      |        | arr_219                                                                 | auto   | 1       | 8, 32, 1         |
|       arr_220_U                                                              | ram_1p array   |             |      |      |        | arr_220                                                                 | auto   | 1       | 8, 32, 1         |
|       arr_221_U                                                              | ram_1p array   |             |      |      |        | arr_221                                                                 | auto   | 1       | 8, 32, 1         |
|       arr_222_U                                                              | ram_1p array   |             |      |      |        | arr_222                                                                 | auto   | 1       | 8, 32, 1         |
|       arr_223_U                                                              | ram_1p array   |             |      |      |        | arr_223                                                                 | auto   | 1       | 8, 32, 1         |
|       arr_224_U                                                              | ram_1p array   |             |      |      |        | arr_224                                                                 | auto   | 1       | 8, 32, 1         |
|       arr_225_U                                                              | ram_1p array   |             |      |      |        | arr_225                                                                 | auto   | 1       | 8, 32, 1         |
|       arr_226_U                                                              | ram_1p array   |             |      |      |        | arr_226                                                                 | auto   | 1       | 8, 32, 1         |
|       arr_227_U                                                              | ram_1p array   |             |      |      |        | arr_227                                                                 | auto   | 1       | 8, 32, 1         |
|       arr_228_U                                                              | ram_1p array   |             |      |      |        | arr_228                                                                 | auto   | 1       | 8, 32, 1         |
|       arr_229_U                                                              | ram_1p array   |             |      |      |        | arr_229                                                                 | auto   | 1       | 8, 32, 1         |
|       arr_230_U                                                              | ram_1p array   |             |      |      |        | arr_230                                                                 | auto   | 1       | 8, 32, 1         |
|       arr_231_U                                                              | ram_1p array   |             |      |      |        | arr_231                                                                 | auto   | 1       | 8, 32, 1         |
|       arr_232_U                                                              | ram_1p array   |             |      |      |        | arr_232                                                                 | auto   | 1       | 8, 32, 1         |
|       arr_233_U                                                              | ram_1p array   |             |      |      |        | arr_233                                                                 | auto   | 1       | 8, 32, 1         |
|       arr_234_U                                                              | ram_1p array   |             |      |      |        | arr_234                                                                 | auto   | 1       | 8, 32, 1         |
|       arr_235_U                                                              | ram_1p array   |             |      |      |        | arr_235                                                                 | auto   | 1       | 8, 32, 1         |
|       arr_236_U                                                              | ram_1p array   |             |      |      |        | arr_236                                                                 | auto   | 1       | 8, 32, 1         |
|       arr_237_U                                                              | ram_1p array   |             |      |      |        | arr_237                                                                 | auto   | 1       | 8, 32, 1         |
|       arr_238_U                                                              | ram_1p array   |             |      |      |        | arr_238                                                                 | auto   | 1       | 8, 32, 1         |
|       arr_239_U                                                              | ram_1p array   |             |      |      |        | arr_239                                                                 | auto   | 1       | 8, 32, 1         |
|       arr_240_U                                                              | ram_1p array   |             |      |      |        | arr_240                                                                 | auto   | 1       | 8, 32, 1         |
|       arr_241_U                                                              | ram_1p array   |             |      |      |        | arr_241                                                                 | auto   | 1       | 8, 32, 1         |
|       arr_242_U                                                              | ram_1p array   |             |      |      |        | arr_242                                                                 | auto   | 1       | 8, 32, 1         |
|       arr_243_U                                                              | ram_1p array   |             |      |      |        | arr_243                                                                 | auto   | 1       | 8, 32, 1         |
|       arr_244_U                                                              | ram_1p array   |             |      |      |        | arr_244                                                                 | auto   | 1       | 8, 32, 1         |
|       arr_245_U                                                              | ram_1p array   |             |      |      |        | arr_245                                                                 | auto   | 1       | 8, 32, 1         |
|       arr_246_U                                                              | ram_1p array   |             |      |      |        | arr_246                                                                 | auto   | 1       | 8, 32, 1         |
|       arr_247_U                                                              | ram_1p array   |             |      |      |        | arr_247                                                                 | auto   | 1       | 8, 32, 1         |
|       arr_248_U                                                              | ram_1p array   |             |      |      |        | arr_248                                                                 | auto   | 1       | 8, 32, 1         |
|       arr_249_U                                                              | ram_1p array   |             |      |      |        | arr_249                                                                 | auto   | 1       | 8, 32, 1         |
|     + alt_mat_mult_main_13                                                   |                |             | 4    | 0    |        |                                                                         |        |         |                  |
|       arr_sf_U                                                               | ram_2p array   |             | 1    |      | yes    | arr_sf                                                                  | bram   | 1       | 32, 32, 1        |
|       arr_sf_7_U                                                             | ram_2p array   |             | 1    |      | yes    | arr_sf_7                                                                | bram   | 1       | 32, 32, 1        |
|       arr_sf_8_U                                                             | ram_2p array   |             | 1    |      | yes    | arr_sf_8                                                                | bram   | 1       | 32, 32, 1        |
|       arr_sf_9_U                                                             | ram_2p array   |             | 1    |      | yes    | arr_sf_9                                                                | bram   | 1       | 32, 32, 1        |
|       arr_1_U                                                                | ram_1p array   |             |      |      |        | arr_1                                                                   | auto   | 1       | 8, 32, 1         |
|       arr_1_3_U                                                              | ram_1p array   |             |      |      |        | arr_1_3                                                                 | auto   | 1       | 8, 32, 1         |
|       arr_126_U                                                              | ram_1p array   |             |      |      |        | arr_126                                                                 | auto   | 1       | 8, 32, 1         |
|       arr_127_U                                                              | ram_1p array   |             |      |      |        | arr_127                                                                 | auto   | 1       | 8, 32, 1         |
|       arr_128_U                                                              | ram_1p array   |             |      |      |        | arr_128                                                                 | auto   | 1       | 8, 32, 1         |
|       arr_129_U                                                              | ram_1p array   |             |      |      |        | arr_129                                                                 | auto   | 1       | 8, 32, 1         |
|       arr_130_U                                                              | ram_1p array   |             |      |      |        | arr_130                                                                 | auto   | 1       | 8, 32, 1         |
|       arr_131_U                                                              | ram_1p array   |             |      |      |        | arr_131                                                                 | auto   | 1       | 8, 32, 1         |
|       arr_132_U                                                              | ram_1p array   |             |      |      |        | arr_132                                                                 | auto   | 1       | 8, 32, 1         |
|       arr_133_U                                                              | ram_1p array   |             |      |      |        | arr_133                                                                 | auto   | 1       | 8, 32, 1         |
|       arr_134_U                                                              | ram_1p array   |             |      |      |        | arr_134                                                                 | auto   | 1       | 8, 32, 1         |
|       arr_135_U                                                              | ram_1p array   |             |      |      |        | arr_135                                                                 | auto   | 1       | 8, 32, 1         |
|       arr_136_U                                                              | ram_1p array   |             |      |      |        | arr_136                                                                 | auto   | 1       | 8, 32, 1         |
|       arr_137_U                                                              | ram_1p array   |             |      |      |        | arr_137                                                                 | auto   | 1       | 8, 32, 1         |
|       arr_138_U                                                              | ram_1p array   |             |      |      |        | arr_138                                                                 | auto   | 1       | 8, 32, 1         |
|       arr_139_U                                                              | ram_1p array   |             |      |      |        | arr_139                                                                 | auto   | 1       | 8, 32, 1         |
|       arr_140_U                                                              | ram_1p array   |             |      |      |        | arr_140                                                                 | auto   | 1       | 8, 32, 1         |
|       arr_141_U                                                              | ram_1p array   |             |      |      |        | arr_141                                                                 | auto   | 1       | 8, 32, 1         |
|       arr_142_U                                                              | ram_1p array   |             |      |      |        | arr_142                                                                 | auto   | 1       | 8, 32, 1         |
|       arr_143_U                                                              | ram_1p array   |             |      |      |        | arr_143                                                                 | auto   | 1       | 8, 32, 1         |
|       arr_144_U                                                              | ram_1p array   |             |      |      |        | arr_144                                                                 | auto   | 1       | 8, 32, 1         |
|       arr_145_U                                                              | ram_1p array   |             |      |      |        | arr_145                                                                 | auto   | 1       | 8, 32, 1         |
|       arr_146_U                                                              | ram_1p array   |             |      |      |        | arr_146                                                                 | auto   | 1       | 8, 32, 1         |
|       arr_147_U                                                              | ram_1p array   |             |      |      |        | arr_147                                                                 | auto   | 1       | 8, 32, 1         |
|       arr_148_U                                                              | ram_1p array   |             |      |      |        | arr_148                                                                 | auto   | 1       | 8, 32, 1         |
|       arr_149_U                                                              | ram_1p array   |             |      |      |        | arr_149                                                                 | auto   | 1       | 8, 32, 1         |
|       arr_150_U                                                              | ram_1p array   |             |      |      |        | arr_150                                                                 | auto   | 1       | 8, 32, 1         |
|       arr_151_U                                                              | ram_1p array   |             |      |      |        | arr_151                                                                 | auto   | 1       | 8, 32, 1         |
|       arr_152_U                                                              | ram_1p array   |             |      |      |        | arr_152                                                                 | auto   | 1       | 8, 32, 1         |
|       arr_153_U                                                              | ram_1p array   |             |      |      |        | arr_153                                                                 | auto   | 1       | 8, 32, 1         |
|       arr_154_U                                                              | ram_1p array   |             |      |      |        | arr_154                                                                 | auto   | 1       | 8, 32, 1         |
|       arr_155_U                                                              | ram_1p array   |             |      |      |        | arr_155                                                                 | auto   | 1       | 8, 32, 1         |
|       arr_156_U                                                              | ram_1p array   |             |      |      |        | arr_156                                                                 | auto   | 1       | 8, 32, 1         |
|       arr_157_U                                                              | ram_1p array   |             |      |      |        | arr_157                                                                 | auto   | 1       | 8, 32, 1         |
|       arr_158_U                                                              | ram_1p array   |             |      |      |        | arr_158                                                                 | auto   | 1       | 8, 32, 1         |
|       arr_159_U                                                              | ram_1p array   |             |      |      |        | arr_159                                                                 | auto   | 1       | 8, 32, 1         |
|       arr_160_U                                                              | ram_1p array   |             |      |      |        | arr_160                                                                 | auto   | 1       | 8, 32, 1         |
|       arr_161_U                                                              | ram_1p array   |             |      |      |        | arr_161                                                                 | auto   | 1       | 8, 32, 1         |
|       arr_162_U                                                              | ram_1p array   |             |      |      |        | arr_162                                                                 | auto   | 1       | 8, 32, 1         |
|       arr_163_U                                                              | ram_1p array   |             |      |      |        | arr_163                                                                 | auto   | 1       | 8, 32, 1         |
|       arr_164_U                                                              | ram_1p array   |             |      |      |        | arr_164                                                                 | auto   | 1       | 8, 32, 1         |
|       arr_165_U                                                              | ram_1p array   |             |      |      |        | arr_165                                                                 | auto   | 1       | 8, 32, 1         |
|       arr_166_U                                                              | ram_1p array   |             |      |      |        | arr_166                                                                 | auto   | 1       | 8, 32, 1         |
|       arr_167_U                                                              | ram_1p array   |             |      |      |        | arr_167                                                                 | auto   | 1       | 8, 32, 1         |
|       arr_168_U                                                              | ram_1p array   |             |      |      |        | arr_168                                                                 | auto   | 1       | 8, 32, 1         |
|       arr_169_U                                                              | ram_1p array   |             |      |      |        | arr_169                                                                 | auto   | 1       | 8, 32, 1         |
|       arr_170_U                                                              | ram_1p array   |             |      |      |        | arr_170                                                                 | auto   | 1       | 8, 32, 1         |
|       arr_171_U                                                              | ram_1p array   |             |      |      |        | arr_171                                                                 | auto   | 1       | 8, 32, 1         |
|       arr_172_U                                                              | ram_1p array   |             |      |      |        | arr_172                                                                 | auto   | 1       | 8, 32, 1         |
|       arr_173_U                                                              | ram_1p array   |             |      |      |        | arr_173                                                                 | auto   | 1       | 8, 32, 1         |
|       arr_174_U                                                              | ram_1p array   |             |      |      |        | arr_174                                                                 | auto   | 1       | 8, 32, 1         |
|       arr_175_U                                                              | ram_1p array   |             |      |      |        | arr_175                                                                 | auto   | 1       | 8, 32, 1         |
|       arr_176_U                                                              | ram_1p array   |             |      |      |        | arr_176                                                                 | auto   | 1       | 8, 32, 1         |
|       arr_177_U                                                              | ram_1p array   |             |      |      |        | arr_177                                                                 | auto   | 1       | 8, 32, 1         |
|       arr_178_U                                                              | ram_1p array   |             |      |      |        | arr_178                                                                 | auto   | 1       | 8, 32, 1         |
|       arr_179_U                                                              | ram_1p array   |             |      |      |        | arr_179                                                                 | auto   | 1       | 8, 32, 1         |
|       arr_180_U                                                              | ram_1p array   |             |      |      |        | arr_180                                                                 | auto   | 1       | 8, 32, 1         |
|       arr_181_U                                                              | ram_1p array   |             |      |      |        | arr_181                                                                 | auto   | 1       | 8, 32, 1         |
|       arr_182_U                                                              | ram_1p array   |             |      |      |        | arr_182                                                                 | auto   | 1       | 8, 32, 1         |
|       arr_183_U                                                              | ram_1p array   |             |      |      |        | arr_183                                                                 | auto   | 1       | 8, 32, 1         |
|       arr_184_U                                                              | ram_1p array   |             |      |      |        | arr_184                                                                 | auto   | 1       | 8, 32, 1         |
|       arr_185_U                                                              | ram_1p array   |             |      |      |        | arr_185                                                                 | auto   | 1       | 8, 32, 1         |
|       arr_186_U                                                              | ram_1p array   |             |      |      |        | arr_186                                                                 | auto   | 1       | 8, 32, 1         |
|       arr_187_U                                                              | ram_1p array   |             |      |      |        | arr_187                                                                 | auto   | 1       | 8, 32, 1         |
|    + gemv_split_float_4ul_2_s                                                |                |             | 0    | 0    |        |                                                                         |        |         |                  |
|      data_M_elems_U                                                          | ram_2p array   |             |      |      |        | data_M_elems                                                            | auto   | 1       | 32, 4, 1         |
+------------------------------------------------------------------------------+----------------+-------------+------+------+--------+-------------------------------------------------------------------------+--------+---------+------------------+


================================================================
== Pragma Report
================================================================
* Pragmas with Warnings
+----------+---------+-------------------------------------------------------------------------------+--------------------------------------------------------------------------------------------------------------------------------------------------------------------------------------------------------------------------------------------------------------------------+
| Type     | Options | Location                                                                      | Messages                                                                                                                                                                                                                                                                 |
+----------+---------+-------------------------------------------------------------------------------+--------------------------------------------------------------------------------------------------------------------------------------------------------------------------------------------------------------------------------------------------------------------------+
| DATAFLOW |         | in s_gemv_kernel (../../HLS_llama/transformer_cu/matmult.cpp:84)              | Since the only kind of statements allowed in a canonical dataflow region are variable declarations and function calls, the compiler may not be able to correctly handle the region                                                                                       |
|          |         |                                                                               | Since the only kind of statements allowed in a canonical dataflow region are variable declarations and function calls, the compiler may not be able to correctly handle the region (/home/lolwut/project/2026/HLS/HLS_llama/transformer_cu/matmult.cpp:84:9)             |
| DATAFLOW |         | in calc_loop (../../HLS_llama/transformer_cu/transformer_kernel.cpp:190)      | Since the only kind of statements allowed in a canonical dataflow region are variable declarations and function calls, the compiler may not be able to correctly handle the region                                                                                       |
|          |         |                                                                               | Since the only kind of statements allowed in a canonical dataflow region are variable declarations and function calls, the compiler may not be able to correctly handle the region (/home/lolwut/project/2026/HLS/HLS_llama/transformer_cu/transformer_kernel.cpp:190:9) |
| DATAFLOW |         | in transformer_cu (../../HLS_llama/transformer_cu/transformer_kernel.cpp:438) | Since the only kind of statements allowed in a canonical dataflow region are variable declarations and function calls, the compiler may not be able to correctly handle the region                                                                                       |
|          |         |                                                                               | Since the only kind of statements allowed in a canonical dataflow region are variable declarations and function calls, the compiler may not be able to correctly handle the region (/home/lolwut/project/2026/HLS/HLS_llama/transformer_cu/transformer_kernel.cpp:438:9) |
+----------+---------+-------------------------------------------------------------------------------+--------------------------------------------------------------------------------------------------------------------------------------------------------------------------------------------------------------------------------------------------------------------------+

* Inferred Pragmas
+----------+---------+------------------------------------------------------------------------------------------------------------------------------------------------+-------------------------------+
| Type     | Options | Location                                                                                                                                       | Inferred From                 |
+----------+---------+------------------------------------------------------------------------------------------------------------------------------------------------+-------------------------------+
| PIPELINE |         | loop anonymous (HLS_llama/transformer_cu/mha.cpp:145:33) in mha_weighted_sum (HLS_llama/transformer_cu/mha.cpp:145)                            | syn.compile.pipeline_loops=64 |
| PIPELINE |         | loop anonymous (HLS_llama/transformer_cu/transformer_kernel.cpp:422:7) in transformer_cu (HLS_llama/transformer_cu/transformer_kernel.cpp:422) | syn.compile.pipeline_loops=64 |
+----------+---------+------------------------------------------------------------------------------------------------------------------------------------------------+-------------------------------+

* Valid Pragma Syntax
+-----------------+-----------------------------------------------------------------------------------------------------------------------------------------------------------------------------------+-------------------------------------------------------------------------------+
| Type            | Options                                                                                                                                                                           | Location                                                                      |
+-----------------+-----------------------------------------------------------------------------------------------------------------------------------------------------------------------------------+-------------------------------------------------------------------------------+
| ARRAY_PARTITION | variable=st complete dim=1                                                                                                                                                        | in insertion_sort (../../HLS_llama/transformer_cu/combiner.h:20)              |
| UNROLL          |                                                                                                                                                                                   | in insertion_sort (../../HLS_llama/transformer_cu/combiner.h:24)              |
| LOOP_TRIPCOUNT  | max=(32000 + REG_SIZE)                                                                                                                                                            | in insertion_sort (../../HLS_llama/transformer_cu/combiner.h:30)              |
| PIPELINE        | ii=3                                                                                                                                                                              | in insertion_sort (../../HLS_llama/transformer_cu/combiner.h:31)              |
| UNROLL          |                                                                                                                                                                                   | in insertion_sort (../../HLS_llama/transformer_cu/combiner.h:36)              |
| UNROLL          |                                                                                                                                                                                   | in insertion_sort (../../HLS_llama/transformer_cu/combiner.h:47)              |
| ARRAY_PARTITION | variable=sm_reg dim=1 type=complete                                                                                                                                               | in ss_final (../../HLS_llama/transformer_cu/combiner.h:67)                    |
| PIPELINE        |                                                                                                                                                                                   | in ss_final (../../HLS_llama/transformer_cu/combiner.h:71)                    |
| PIPELINE        |                                                                                                                                                                                   | in ss_final (../../HLS_llama/transformer_cu/combiner.h:87)                    |
| LOOP_TRIPCOUNT  | min=(768 / (P * N)) max=(32000 / (P * N))                                                                                                                                         | in gemv_split (../../HLS_llama/transformer_cu/combiner.h:111)                 |
| PIPELINE        | ii=1                                                                                                                                                                              | in gemv_split (../../HLS_llama/transformer_cu/combiner.h:118)                 |
| PIPELINE        | ii=1                                                                                                                                                                              | in gemv_split (../../HLS_llama/transformer_cu/combiner.h:148)                 |
| BIND_STORAGE    | variable=arr_sf type=ram_2p impl=bram                                                                                                                                             | in alt_mat_mult_main (../../HLS_llama/transformer_cu/matmult.cpp:19)          |
| PIPELINE        | ii=1                                                                                                                                                                              | in alt_mat_mult_main (../../HLS_llama/transformer_cu/matmult.cpp:24)          |
| LOOP_TRIPCOUNT  | max = TOK_SF_MAX min=768/(64 * SM_FL_ELEM )                                                                                                                                       | in alt_mat_mult_main (../../HLS_llama/transformer_cu/matmult.cpp:25)          |
| LOOP_TRIPCOUNT  | max=32000 min=768                                                                                                                                                                 | in alt_mat_mult_main (../../HLS_llama/transformer_cu/matmult.cpp:34)          |
| LOOP_TRIPCOUNT  | max = TOK_SF_MAX min=768/(64 * SM_FL_ELEM )                                                                                                                                       | in alt_mat_mult_main (../../HLS_llama/transformer_cu/matmult.cpp:39)          |
| PIPELINE        | ii=1 rewind                                                                                                                                                                       | in alt_mat_mult_main (../../HLS_llama/transformer_cu/matmult.cpp:46)          |
| BIND_STORAGE    | variable=s_vd_wsf type=fifo impl=uram                                                                                                                                             | in s_gemv_kernel (../../HLS_llama/transformer_cu/matmult.cpp:87)              |
| STREAM          | variable=s_vd_wsf type=fifo depth=4096                                                                                                                                            | in s_gemv_kernel (../../HLS_llama/transformer_cu/matmult.cpp:88)              |
| STREAM          | variable=tok_q type=fifo depth=32                                                                                                                                                 | in s_gemv_kernel (../../HLS_llama/transformer_cu/matmult.cpp:90)              |
| STREAM          | variable=d_wsf depth = 96                                                                                                                                                         | in s_gemv_kernel (../../HLS_llama/transformer_cu/matmult.cpp:98)              |
| STREAM          | variable=d_w depth = 384                                                                                                                                                          | in s_gemv_kernel (../../HLS_llama/transformer_cu/matmult.cpp:99)              |
| STREAM          | variable=d_tok_sf depth=4                                                                                                                                                         | in s_gemv_kernel (../../HLS_llama/transformer_cu/matmult.cpp:100)             |
| STREAM          | variable=d_tok depth=8                                                                                                                                                            | in s_gemv_kernel (../../HLS_llama/transformer_cu/matmult.cpp:101)             |
| BIND_STORAGE    | variable=d_w type=fifo impl=bram                                                                                                                                                  | in s_gemv_kernel (../../HLS_llama/transformer_cu/matmult.cpp:102)             |
| BIND_STORAGE    | variable=d_wsf type=fifo impl=bram                                                                                                                                                | in s_gemv_kernel (../../HLS_llama/transformer_cu/matmult.cpp:103)             |
| UNROLL          |                                                                                                                                                                                   | in s_gemv_kernel (../../HLS_llama/transformer_cu/matmult.cpp:115)             |
| ARRAY_PARTITION | variable=patt dim=1 type=complete                                                                                                                                                 | in mha_iterate (../../HLS_llama/transformer_cu/mha.cpp:73)                    |
| ARRAY_PARTITION | variable=query_arr dim=1 type=complete                                                                                                                                            | in mha_iterate (../../HLS_llama/transformer_cu/mha.cpp:74)                    |
| PIPELINE        | ii=1                                                                                                                                                                              | in mha_iterate (../../HLS_llama/transformer_cu/mha.cpp:79)                    |
| LOOP_TRIPCOUNT  | max=1024 min=1                                                                                                                                                                    | in mha_iterate (../../HLS_llama/transformer_cu/mha.cpp:85)                    |
| PIPELINE        |                                                                                                                                                                                   | in mha_iterate (../../HLS_llama/transformer_cu/mha.cpp:87)                    |
| UNROLL          |                                                                                                                                                                                   | in mha_iterate (../../HLS_llama/transformer_cu/mha.cpp:98)                    |
| ARRAY_PARTITION | variable=part_soft_sum dim=1 type=complete                                                                                                                                        | in mha_softmax (../../HLS_llama/transformer_cu/mha.cpp:117)                   |
| LOOP_TRIPCOUNT  | max=1024 min=1                                                                                                                                                                    | in mha_softmax (../../HLS_llama/transformer_cu/mha.cpp:122)                   |
| PIPELINE        | ii=1                                                                                                                                                                              | in mha_softmax (../../HLS_llama/transformer_cu/mha.cpp:123)                   |
| UNROLL          |                                                                                                                                                                                   | in mha_softmax (../../HLS_llama/transformer_cu/mha.cpp:133)                   |
| ARRAY_PARTITION | variable=xb_arr complete                                                                                                                                                          | in mha_weighted_sum (../../HLS_llama/transformer_cu/mha.cpp:147)              |
| PIPELINE        |                                                                                                                                                                                   | in mha_weighted_sum (../../HLS_llama/transformer_cu/mha.cpp:151)              |
| LOOP_TRIPCOUNT  | max=(1024 + 1) min=1                                                                                                                                                              | in mha_weighted_sum (../../HLS_llama/transformer_cu/mha.cpp:152)              |
| UNROLL          |                                                                                                                                                                                   | in mha_weighted_sum (../../HLS_llama/transformer_cu/mha.cpp:155)              |
| PIPELINE        | ii=1                                                                                                                                                                              | in mha_weighted_sum (../../HLS_llama/transformer_cu/mha.cpp:163)              |
| STREAM          | variable=s_max_val depth=4                                                                                                                                                        | in mha_kernel (../../HLS_llama/transformer_cu/mha.cpp:183)                    |
| STREAM          | variable=s_iss_val depth=4                                                                                                                                                        | in mha_kernel (../../HLS_llama/transformer_cu/mha.cpp:184)                    |
| STREAM          | variable=max_tok_out depth=32                                                                                                                                                     | in mha_kernel (../../HLS_llama/transformer_cu/mha.cpp:185)                    |
| STABLE          | variable=POS                                                                                                                                                                      | in mha_kernel (../../HLS_llama/transformer_cu/mha.cpp:191)                    |
| STABLE          | variable=CURR_LAYER                                                                                                                                                               | in mha_kernel (../../HLS_llama/transformer_cu/mha.cpp:192)                    |
| STREAM          | variable=s_key_cache_in depth=64                                                                                                                                                  | in mha_kernel (../../HLS_llama/transformer_cu/mha.cpp:194)                    |
| STREAM          | variable=s_key_cache_in_r depth=MODEL_HEAD_SIZE / MAX_FL_ELEM                                                                                                                     | in mha_kernel (../../HLS_llama/transformer_cu/mha.cpp:195)                    |
| STREAM          | variable=s_value_cache_in depth=64                                                                                                                                                | in mha_kernel (../../HLS_llama/transformer_cu/mha.cpp:197)                    |
| STREAM          | variable=s_query depth=64                                                                                                                                                         | in mha_kernel (../../HLS_llama/transformer_cu/mha.cpp:198)                    |
| STREAM          | variable=s_query_r depth=MODEL_HEAD_SIZE / MAX_FL_ELEM                                                                                                                            | in mha_kernel (../../HLS_llama/transformer_cu/mha.cpp:199)                    |
| STREAM          | variable=xb_ws_q depth=32                                                                                                                                                         | in mha_kernel (../../HLS_llama/transformer_cu/mha.cpp:200)                    |
| STREAM          | variable=s_key_cache_to_kernel depth=1024                                                                                                                                         | in mha_kernel (../../HLS_llama/transformer_cu/mha.cpp:201)                    |
| STREAM          | variable=s_value_cache_to_kernel depth=1024                                                                                                                                       | in mha_kernel (../../HLS_llama/transformer_cu/mha.cpp:202)                    |
| BIND_STORAGE    | variable=s_key_cache_in_r type=fifo                                                                                                                                               | in mha_kernel (../../HLS_llama/transformer_cu/mha.cpp:204)                    |
| BIND_STORAGE    | variable=s_query type=fifo                                                                                                                                                        | in mha_kernel (../../HLS_llama/transformer_cu/mha.cpp:205)                    |
| BIND_STORAGE    | variable=s_query_r type=fifo                                                                                                                                                      | in mha_kernel (../../HLS_llama/transformer_cu/mha.cpp:206)                    |
| BIND_STORAGE    | variable=s_key_cache_to_kernel type=fifo impl=uram                                                                                                                                | in mha_kernel (../../HLS_llama/transformer_cu/mha.cpp:207)                    |
| BIND_STORAGE    | variable=s_value_cache_to_kernel type=fifo impl=uram                                                                                                                              | in mha_kernel (../../HLS_llama/transformer_cu/mha.cpp:208)                    |
| STREAM          | variable=mha_it_sm depth=1536                                                                                                                                                     | in mha_kernel (../../HLS_llama/transformer_cu/mha.cpp:212)                    |
| BIND_STORAGE    | variable=mha_it_sm type=fifo impl=bram                                                                                                                                            | in mha_kernel (../../HLS_llama/transformer_cu/mha.cpp:213)                    |
| STREAM          | variable=att_sm_ws depth=1536                                                                                                                                                     | in mha_kernel (../../HLS_llama/transformer_cu/mha.cpp:214)                    |
| BIND_STORAGE    | variable=att_sm_ws type=fifo impl=bram                                                                                                                                            | in mha_kernel (../../HLS_llama/transformer_cu/mha.cpp:215)                    |
| DATAFLOW        |                                                                                                                                                                                   | in mha_kernel (../../HLS_llama/transformer_cu/mha.cpp:217)                    |
| INLINE          |                                                                                                                                                                                   | in fast_bf16 (../../HLS_llama/transformer_cu/mha_forward.h:37)                |
| INLINE          |                                                                                                                                                                                   | in operator float (../../HLS_llama/transformer_cu/mha_forward.h:43)           |
| LOOP_TRIPCOUNT  | max= (2048 / MAX_QUANT_ELEM)                                                                                                                                                      | in inf_split_tee (../../HLS_llama/transformer_cu/mha_forward.h:96)            |
| PIPELINE        | ii=1                                                                                                                                                                              | in inf_split_tee (../../HLS_llama/transformer_cu/mha_forward.h:97)            |
| UNROLL          |                                                                                                                                                                                   | in inf_split_tee (../../HLS_llama/transformer_cu/mha_forward.h:100)           |
| LOOP_TRIPCOUNT  | max= (2048 / MAX_QUANT_ELEM)                                                                                                                                                      | in inf_split_tee (../../HLS_llama/transformer_cu/mha_forward.h:111)           |
| PIPELINE        | ii=1                                                                                                                                                                              | in inf_split_tee (../../HLS_llama/transformer_cu/mha_forward.h:112)           |
| UNROLL          |                                                                                                                                                                                   | in inf_split_tee (../../HLS_llama/transformer_cu/mha_forward.h:119)           |
| LOOP_TRIPCOUNT  | min=(768/N) max=(32000 / N)                                                                                                                                                       | in inf_round_robin (../../HLS_llama/transformer_cu/mha_forward.h:132)         |
| LOOP_TRIPCOUNT  | max=N                                                                                                                                                                             | in inf_round_robin (../../HLS_llama/transformer_cu/mha_forward.h:136)         |
| PIPELINE        | ii=1                                                                                                                                                                              | in inf_round_robin (../../HLS_llama/transformer_cu/mha_forward.h:139)         |
| LOOP_TRIPCOUNT  | min=(768 / (64 * SM_FL_ELEM)) max=(32000/MAX_QUANT_ELEM)                                                                                                                          | in inf_round_robin (../../HLS_llama/transformer_cu/mha_forward.h:140)         |
| LOOP_TRIPCOUNT  | max=32000 / MAX_FL_ELEM                                                                                                                                                           | in rr_merge (../../HLS_llama/transformer_cu/mha_forward.h:153)                |
| PIPELINE        |                                                                                                                                                                                   | in rr_merge (../../HLS_llama/transformer_cu/mha_forward.h:154)                |
| UNROLL          |                                                                                                                                                                                   | in rr_merge (../../HLS_llama/transformer_cu/mha_forward.h:157)                |
| PIPELINE        | ii=1                                                                                                                                                                              | in vec_down_converter (../../HLS_llama/transformer_cu/mha_forward.h:178)      |
| UNROLL          |                                                                                                                                                                                   | in vec_down_converter (../../HLS_llama/transformer_cu/mha_forward.h:184)      |
| UNROLL          |                                                                                                                                                                                   | in vec_down_converter (../../HLS_llama/transformer_cu/mha_forward.h:190)      |
| PIPELINE        | ii=1                                                                                                                                                                              | in mm2s_vec_up (../../HLS_llama/transformer_cu/mha_forward.h:209)             |
| UNROLL          |                                                                                                                                                                                   | in mm2s_vec_up (../../HLS_llama/transformer_cu/mha_forward.h:213)             |
| UNROLL          |                                                                                                                                                                                   | in mm2s_vec_up (../../HLS_llama/transformer_cu/mha_forward.h:218)             |
| BIND_OP         | variable=tot_off op=mul impl=dsp latency=2                                                                                                                                        | in mm2s_input_data (../../HLS_llama/transformer_cu/mha_forward.h:237)         |
| PIPELINE        | ii=1                                                                                                                                                                              | in mm2s_input_data (../../HLS_llama/transformer_cu/mha_forward.h:241)         |
| LOOP_TRIPCOUNT  | min=(768 * 768 / (2 * SM_FL_ELEM * 64)) max=(32000 * 768 / (2 * MAX_QUANT_ELEM))                                                                                                  | in mm2s_input_data (../../HLS_llama/transformer_cu/mha_forward.h:242)         |
| PIPELINE        | ii=1                                                                                                                                                                              | in mm2mm_store (../../HLS_llama/transformer_cu/mha_forward.h:254)             |
| PIPELINE        | ii=1                                                                                                                                                                              | in mm2mm_store (../../HLS_llama/transformer_cu/mha_forward.h:269)             |
| PIPELINE        | ii=1                                                                                                                                                                              | in mha_war_store_load (../../HLS_llama/transformer_cu/mha_forward.h:289)      |
| LOOP_TRIPCOUNT  | max=MODEL_HEAD_SIZE * (1024 + 1) / MAX_FL_ELEM                                                                                                                                    | in mha_war_store_load (../../HLS_llama/transformer_cu/mha_forward.h:290)      |
| PIPELINE        | ii=1                                                                                                                                                                              | in mha_war_store_load (../../HLS_llama/transformer_cu/mha_forward.h:297)      |
| LOOP_FLATTEN    |                                                                                                                                                                                   | in rope_kernel (../../HLS_llama/transformer_cu/mha_forward.h:337)             |
| PIPELINE        |                                                                                                                                                                                   | in rope_kernel (../../HLS_llama/transformer_cu/mha_forward.h:345)             |
| UNROLL          | factor = 2                                                                                                                                                                        | in rope_kernel (../../HLS_llama/transformer_cu/mha_forward.h:346)             |
| PIPELINE        | ii=4                                                                                                                                                                              | in swiglu (../../HLS_llama/transformer_cu/mha_forward.h:374)                  |
| UNROLL          | factor = M                                                                                                                                                                        | in swiglu (../../HLS_llama/transformer_cu/mha_forward.h:379)                  |
| PIPELINE        | ii=1                                                                                                                                                                              | in debug_abs_intake (../../HLS_llama/transformer_cu/quantizer.cpp:13)         |
| PIPELINE        | ii=1                                                                                                                                                                              | in abs_intake (../../HLS_llama/transformer_cu/quantizer.cpp:35)               |
| ARRAY_PARTITION | variable=c_val dim=1 type=complete                                                                                                                                                | in max_finder (../../HLS_llama/transformer_cu/quantizer.cpp:54)               |
| PIPELINE        | ii=1                                                                                                                                                                              | in max_finder (../../HLS_llama/transformer_cu/quantizer.cpp:60)               |
| UNROLL          |                                                                                                                                                                                   | in max_finder (../../HLS_llama/transformer_cu/quantizer.cpp:68)               |
| UNROLL          |                                                                                                                                                                                   | in max_finder (../../HLS_llama/transformer_cu/quantizer.cpp:70)               |
| PIPELINE        |                                                                                                                                                                                   | in quant_out (../../HLS_llama/transformer_cu/quantizer.cpp:87)                |
| UNROLL          |                                                                                                                                                                                   | in quant_out (../../HLS_llama/transformer_cu/quantizer.cpp:92)                |
| LOOP_TRIPCOUNT  | max=2048 / 64 min=768 / 64                                                                                                                                                        | in quantizer_kernel (../../HLS_llama/transformer_cu/quantizer.cpp:107)        |
| DATAFLOW        |                                                                                                                                                                                   | in quantizer_kernel (../../HLS_llama/transformer_cu/quantizer.cpp:108)        |
| STREAM          | variable=tokens_out depth=64                                                                                                                                                      | in quantizer_kernel (../../HLS_llama/transformer_cu/quantizer.cpp:111)        |
| STREAM          | variable=max_val depth=4                                                                                                                                                          | in quantizer_kernel (../../HLS_llama/transformer_cu/quantizer.cpp:112)        |
| STREAM          | variable=abs_tokens depth=64                                                                                                                                                      | in quantizer_kernel (../../HLS_llama/transformer_cu/quantizer.cpp:113)        |
| LOOP_TRIPCOUNT  | max=2048 / 64 min=768 / 64                                                                                                                                                        | in quantizer_kernel (../../HLS_llama/transformer_cu/quantizer.cpp:129)        |
| DATAFLOW        |                                                                                                                                                                                   | in quantizer_kernel (../../HLS_llama/transformer_cu/quantizer.cpp:130)        |
| STREAM          | variable=tokens_out depth=64                                                                                                                                                      | in quantizer_kernel (../../HLS_llama/transformer_cu/quantizer.cpp:133)        |
| STREAM          | variable=max_val depth=4                                                                                                                                                          | in quantizer_kernel (../../HLS_llama/transformer_cu/quantizer.cpp:134)        |
| STREAM          | variable=abs_tokens depth=64                                                                                                                                                      | in quantizer_kernel (../../HLS_llama/transformer_cu/quantizer.cpp:135)        |
| DATAFLOW        |                                                                                                                                                                                   | in rmsnorm_kernel (../../HLS_llama/transformer_cu/rmsnorm.cpp:12)             |
| STREAM          | variable=s_diff depth=bram_depth                                                                                                                                                  | in rmsnorm_kernel (../../HLS_llama/transformer_cu/rmsnorm.cpp:17)             |
| STREAM          | variable=s_weights depth=ratio                                                                                                                                                    | in rmsnorm_kernel (../../HLS_llama/transformer_cu/rmsnorm.cpp:18)             |
| STREAM          | variable=s_tokens depth=ratio                                                                                                                                                     | in rmsnorm_kernel (../../HLS_llama/transformer_cu/rmsnorm.cpp:20)             |
| BIND_STORAGE    | variable=s_tokens type=fifo impl=bram                                                                                                                                             | in rmsnorm_kernel (../../HLS_llama/transformer_cu/rmsnorm.cpp:23)             |
| BIND_STORAGE    | variable=s_diff type=fifo impl=bram                                                                                                                                               | in rmsnorm_kernel (../../HLS_llama/transformer_cu/rmsnorm.cpp:24)             |
| BIND_STORAGE    | variable=s_tokens_out type=fifo impl=bram                                                                                                                                         | in rmsnorm_kernel (../../HLS_llama/transformer_cu/rmsnorm.cpp:25)             |
| BIND_STORAGE    | variable=s_weights type=fifo impl=bram                                                                                                                                            | in rmsnorm_kernel (../../HLS_llama/transformer_cu/rmsnorm.cpp:26)             |
| PIPELINE        |                                                                                                                                                                                   | in rmsnorm (../../HLS_llama/transformer_cu/rmsnorm.h:21)                      |
| UNROLL          |                                                                                                                                                                                   | in rmsnorm (../../HLS_llama/transformer_cu/rmsnorm.h:31)                      |
| UNROLL          |                                                                                                                                                                                   | in rmsnorm (../../HLS_llama/transformer_cu/rmsnorm.h:42)                      |
| PIPELINE        | ii=1                                                                                                                                                                              | in rmsnorm (../../HLS_llama/transformer_cu/rmsnorm.h:51)                      |
| STREAM          | variable=s_w1 depth=16                                                                                                                                                            | in swiglu_kernel (../../HLS_llama/transformer_cu/swiglu_kernel.cpp:7)         |
| STREAM          | variable=s_w3 depth=16                                                                                                                                                            | in swiglu_kernel (../../HLS_llama/transformer_cu/swiglu_kernel.cpp:8)         |
| BIND_STORAGE    | variable=s_w1 type=fifo impl=bram                                                                                                                                                 | in swiglu_kernel (../../HLS_llama/transformer_cu/swiglu_kernel.cpp:9)         |
| BIND_STORAGE    | variable=s_w3 type=fifo impl=bram                                                                                                                                                 | in swiglu_kernel (../../HLS_llama/transformer_cu/swiglu_kernel.cpp:10)        |
| DATAFLOW        |                                                                                                                                                                                   | in swiglu_kernel (../../HLS_llama/transformer_cu/swiglu_kernel.cpp:11)        |
| DATAFLOW        |                                                                                                                                                                                   | in weights_df (../../HLS_llama/transformer_cu/transformer_kernel.cpp:170)     |
| STREAM          | variable=s_out depth=16                                                                                                                                                           | in calc_loop (../../HLS_llama/transformer_cu/transformer_kernel.cpp:199)      |
| BIND_STORAGE    | variable=s_out type=fifo                                                                                                                                                          | in calc_loop (../../HLS_llama/transformer_cu/transformer_kernel.cpp:200)      |
| STREAM          | variable=s_tok_sf depth=4                                                                                                                                                         | in calc_loop (../../HLS_llama/transformer_cu/transformer_kernel.cpp:201)      |
| STREAM          | variable=s_inf_tok_sf depth=4                                                                                                                                                     | in calc_loop (../../HLS_llama/transformer_cu/transformer_kernel.cpp:202)      |
| STREAM          | variable=s_tok_q depth=4                                                                                                                                                          | in calc_loop (../../HLS_llama/transformer_cu/transformer_kernel.cpp:203)      |
| STREAM          | variable=s_inf_tok_q depth=8                                                                                                                                                      | in calc_loop (../../HLS_llama/transformer_cu/transformer_kernel.cpp:204)      |
| STREAM          | variable=sys_sort depth=64                                                                                                                                                        | in calc_loop (../../HLS_llama/transformer_cu/transformer_kernel.cpp:205)      |
| STREAM          | variable=s_wsf depth=1024                                                                                                                                                         | in calc_loop (../../HLS_llama/transformer_cu/transformer_kernel.cpp:206)      |
| BIND_STORAGE    | variable=s_wsf type=fifo impl=bram                                                                                                                                                | in calc_loop (../../HLS_llama/transformer_cu/transformer_kernel.cpp:207)      |
| UNROLL          |                                                                                                                                                                                   | in calc_loop (../../HLS_llama/transformer_cu/transformer_kernel.cpp:229)      |
| ARRAY_PARTITION | variable=internal_token dim=1 factor=2 type=block                                                                                                                                 | in calc_fsm (../../HLS_llama/transformer_cu/transformer_kernel.cpp:258)       |
| BIND_STORAGE    | variable=internal_token type=ram_1p impl=bram                                                                                                                                     | in calc_fsm (../../HLS_llama/transformer_cu/transformer_kernel.cpp:259)       |
| BIND_STORAGE    | variable=internal_rms_weights type=ram_1p impl=uram                                                                                                                               | in calc_fsm (../../HLS_llama/transformer_cu/transformer_kernel.cpp:260)       |
| ARRAY_PARTITION | variable=ss_reg complete dim=1                                                                                                                                                    | in calc_fsm (../../HLS_llama/transformer_cu/transformer_kernel.cpp:261)       |
| BIND_STORAGE    | variable=res_con type=ram_2p                                                                                                                                                      | in calc_fsm (../../HLS_llama/transformer_cu/transformer_kernel.cpp:262)       |
| STREAM          | variable=s_cu_sel_out depth=2048/SM_FL_ELEM                                                                                                                                       | in calc_fsm (../../HLS_llama/transformer_cu/transformer_kernel.cpp:278)       |
| AGGREGATE       | variable = tokens                                                                                                                                                                 | in transformer_cu (../../HLS_llama/transformer_cu/transformer_kernel.cpp:321) |
| AGGREGATE       | variable = w_sf_0                                                                                                                                                                 | in transformer_cu (../../HLS_llama/transformer_cu/transformer_kernel.cpp:323) |
| AGGREGATE       | variable = w_0                                                                                                                                                                    | in transformer_cu (../../HLS_llama/transformer_cu/transformer_kernel.cpp:325) |
| AGGREGATE       | variable = w_sf_1                                                                                                                                                                 | in transformer_cu (../../HLS_llama/transformer_cu/transformer_kernel.cpp:327) |
| AGGREGATE       | variable = w_1                                                                                                                                                                    | in transformer_cu (../../HLS_llama/transformer_cu/transformer_kernel.cpp:329) |
| AGGREGATE       | variable = weights                                                                                                                                                                | in transformer_cu (../../HLS_llama/transformer_cu/transformer_kernel.cpp:331) |
| AGGREGATE       | variable = key_cache                                                                                                                                                              | in transformer_cu (../../HLS_llama/transformer_cu/transformer_kernel.cpp:333) |
| AGGREGATE       | variable = value_cache                                                                                                                                                            | in transformer_cu (../../HLS_llama/transformer_cu/transformer_kernel.cpp:335) |
| INTERFACE       | mode=m_axi port=tokens bundle=w_n_t_gemm depth=nTOK_OUT_DEPTH offset=slave max_write_burst_length=16 max_read_burst_length=(4096/SM_DW*8)                                         | in transformer_cu (../../HLS_llama/transformer_cu/transformer_kernel.cpp:337) |
| INTERFACE       | mode=m_axi port=w_sf_0 bundle=D_TOK_W_SF_0 depth=HD_SF_DEPTH offset=slave max_read_burst_length=(1024/MAX_DW * 8) num_read_outstanding=4                                          | in transformer_cu (../../HLS_llama/transformer_cu/transformer_kernel.cpp:338) |
| INTERFACE       | mode=m_axi port=w_0 bundle=D_W_GEMM_0 depth=HD_QUANT_DEPTH offset=slave max_read_burst_length=(4096/MAX_DW * 8) num_read_outstanding=64                                           | in transformer_cu (../../HLS_llama/transformer_cu/transformer_kernel.cpp:339) |
| INTERFACE       | mode=m_axi port=w_sf_1 bundle=D_TOK_W_SF_1 depth=HD_SF_DEPTH offset=slave max_read_burst_length=(1024/MAX_DW * 8) num_read_outstanding=4                                          | in transformer_cu (../../HLS_llama/transformer_cu/transformer_kernel.cpp:340) |
| INTERFACE       | mode=m_axi port=w_1 bundle=D_W_GEMM_1 depth=HD_QUANT_DEPTH offset=slave max_read_burst_length=(4096/MAX_DW * 8) num_read_outstanding=64                                           | in transformer_cu (../../HLS_llama/transformer_cu/transformer_kernel.cpp:341) |
| INTERFACE       | mode=m_axi port=weights bundle=w_n_t_gemm depth=RMS_DEPTH offset=slave max_read_burst_length=(4096/SM_DW * 8)                                                                     | in transformer_cu (../../HLS_llama/transformer_cu/transformer_kernel.cpp:342) |
| INTERFACE       | mode=m_axi port=value_cache bundle=vc_gemm depth=CACHE_DEPTH offset=slave max_read_burst_length=(4096/MAX_DW * 8) max_write_burst_length=(512/MAX_DW * 8) num_read_outstanding=64 | in transformer_cu (../../HLS_llama/transformer_cu/transformer_kernel.cpp:343) |
| INTERFACE       | mode=m_axi port=key_cache bundle=kc_gemm depth=CACHE_DEPTH offset=slave max_read_burst_length=(4096/MAX_DW * 8) max_write_burst_length=(512/MAX_DW * 8) num_read_outstanding=64   | in transformer_cu (../../HLS_llama/transformer_cu/transformer_kernel.cpp:344) |
| INTERFACE       | mode=m_axi port=curr_token bundle=token_val depth=1024 offset=slave max_read_burst_length=1 max_write_burst_length=1 num_read_outstanding=1 num_write_outstanding=1               | in transformer_cu (../../HLS_llama/transformer_cu/transformer_kernel.cpp:345) |
| INTERFACE       | mode=s_axilite port=tokens bundle=control                                                                                                                                         | in transformer_cu (../../HLS_llama/transformer_cu/transformer_kernel.cpp:347) |
| INTERFACE       | mode=s_axilite port=w_sf_0 bundle=control                                                                                                                                         | in transformer_cu (../../HLS_llama/transformer_cu/transformer_kernel.cpp:348) |
| INTERFACE       | mode=s_axilite port=w_0 bundle=control                                                                                                                                            | in transformer_cu (../../HLS_llama/transformer_cu/transformer_kernel.cpp:349) |
| INTERFACE       | mode=s_axilite port=w_sf_1 bundle=control                                                                                                                                         | in transformer_cu (../../HLS_llama/transformer_cu/transformer_kernel.cpp:350) |
| INTERFACE       | mode=s_axilite port=w_1 bundle=control                                                                                                                                            | in transformer_cu (../../HLS_llama/transformer_cu/transformer_kernel.cpp:351) |
| INTERFACE       | mode=s_axilite port=weights bundle=control                                                                                                                                        | in transformer_cu (../../HLS_llama/transformer_cu/transformer_kernel.cpp:352) |
| INTERFACE       | mode=s_axilite port=value_cache bundle=control                                                                                                                                    | in transformer_cu (../../HLS_llama/transformer_cu/transformer_kernel.cpp:353) |
| INTERFACE       | mode=s_axilite port=key_cache bundle=control                                                                                                                                      | in transformer_cu (../../HLS_llama/transformer_cu/transformer_kernel.cpp:354) |
| INTERFACE       | mode=s_axilite port=POS bundle=control                                                                                                                                            | in transformer_cu (../../HLS_llama/transformer_cu/transformer_kernel.cpp:355) |
| INTERFACE       | mode=s_axilite port=QKV_W bundle=control                                                                                                                                          | in transformer_cu (../../HLS_llama/transformer_cu/transformer_kernel.cpp:356) |
| INTERFACE       | mode=s_axilite port=QKV_sf_W bundle=control                                                                                                                                       | in transformer_cu (../../HLS_llama/transformer_cu/transformer_kernel.cpp:357) |
| INTERFACE       | mode=s_axilite port=Out_W bundle=control                                                                                                                                          | in transformer_cu (../../HLS_llama/transformer_cu/transformer_kernel.cpp:358) |
| INTERFACE       | mode=s_axilite port=Out_sf_W bundle=control                                                                                                                                       | in transformer_cu (../../HLS_llama/transformer_cu/transformer_kernel.cpp:359) |
| INTERFACE       | mode=s_axilite port=FF_w1w3_W bundle=control                                                                                                                                      | in transformer_cu (../../HLS_llama/transformer_cu/transformer_kernel.cpp:360) |
| INTERFACE       | mode=s_axilite port=FF_w1w3_sf_W bundle=control                                                                                                                                   | in transformer_cu (../../HLS_llama/transformer_cu/transformer_kernel.cpp:361) |
| INTERFACE       | mode=s_axilite port=FF_w2_W bundle=control                                                                                                                                        | in transformer_cu (../../HLS_llama/transformer_cu/transformer_kernel.cpp:362) |
| INTERFACE       | mode=s_axilite port=FF_w2_sf_W bundle=control                                                                                                                                     | in transformer_cu (../../HLS_llama/transformer_cu/transformer_kernel.cpp:363) |
| INTERFACE       | mode=s_axilite port=Embed_W bundle=control                                                                                                                                        | in transformer_cu (../../HLS_llama/transformer_cu/transformer_kernel.cpp:364) |
| INTERFACE       | mode=s_axilite port=Embed_sf_W bundle=control                                                                                                                                     | in transformer_cu (../../HLS_llama/transformer_cu/transformer_kernel.cpp:365) |
| INTERFACE       | mode=s_axilite port=rms_att_W bundle=control                                                                                                                                      | in transformer_cu (../../HLS_llama/transformer_cu/transformer_kernel.cpp:366) |
| INTERFACE       | mode=s_axilite port=rms_ffn_W bundle=control                                                                                                                                      | in transformer_cu (../../HLS_llama/transformer_cu/transformer_kernel.cpp:367) |
| INTERFACE       | mode=s_axilite port=rms_final_W bundle=control                                                                                                                                    | in transformer_cu (../../HLS_llama/transformer_cu/transformer_kernel.cpp:368) |
| INTERFACE       | mode=s_axilite port=temperature bundle=control                                                                                                                                    | in transformer_cu (../../HLS_llama/transformer_cu/transformer_kernel.cpp:369) |
| INTERFACE       | mode=s_axilite port=coin bundle=control                                                                                                                                           | in transformer_cu (../../HLS_llama/transformer_cu/transformer_kernel.cpp:370) |
| INTERFACE       | mode=s_axilite port=init_rms_flag bundle=control                                                                                                                                  | in transformer_cu (../../HLS_llama/transformer_cu/transformer_kernel.cpp:371) |
| INTERFACE       | mode=s_axilite port=prefill_flag bundle=control                                                                                                                                   | in transformer_cu (../../HLS_llama/transformer_cu/transformer_kernel.cpp:372) |
| INTERFACE       | mode=s_axilite port=curr_token bundle=control                                                                                                                                     | in transformer_cu (../../HLS_llama/transformer_cu/transformer_kernel.cpp:373) |
| INTERFACE       | mode=s_axilite port=return bundle=control                                                                                                                                         | in transformer_cu (../../HLS_llama/transformer_cu/transformer_kernel.cpp:374) |
| STREAM          | variable=s_curr_state depth = (12 * 4 + 1)                                                                                                                                        | in transformer_cu (../../HLS_llama/transformer_cu/transformer_kernel.cpp:421) |
| BIND_STORAGE    | variable=curr_keys type=ram_2p impl=bram                                                                                                                                          | in transformer_cu (../../HLS_llama/transformer_cu/transformer_kernel.cpp:423) |
| PIPELINE        |                                                                                                                                                                                   | in transformer_cu (../../HLS_llama/transformer_cu/transformer_kernel.cpp:427) |
| STREAM          | variable=s_w depth=4096*4                                                                                                                                                         | in transformer_cu (../../HLS_llama/transformer_cu/transformer_kernel.cpp:440) |
| BIND_STORAGE    | variable=s_w type=fifo impl=uram                                                                                                                                                  | in transformer_cu (../../HLS_llama/transformer_cu/transformer_kernel.cpp:441) |
+-----------------+-----------------------------------------------------------------------------------------------------------------------------------------------------------------------------------+-------------------------------------------------------------------------------+


