

================================================================
== Synthesis Summary Report of 'transformer_cu'
================================================================
+ General Information: 
    * Date:           Sat Oct  3 17:32:49 2026
    * Version:        2025.2 (Build 6295257 on Nov 14 2025)
    * Project:        combo_cu
    * Solution:       hls (Vitis Kernel Flow Target)
    * Product family: versalaiedge
    * Target device:  xcve2302-sfva784-1LP-e-S
    

* Performance & Resource Estimates: 
+-------------------------------------------------------------------------+--------+---------------------+----------+---------+----------+----------+----------+-----------+-------+-----------+-----------+--------------+---------------+----------+
|                                 Modules                                 |  Issue |                     | Iteration|         |   Trip   |          |        Latency       |       |           |           |              |               |          |
|                                 & Loops                                 |  Type  |    Violation Type   |  Latency | Interval|   Count  | Pipelined| (cycles) |    (ns)   | Slack |   BRAM    |    DSP    |      FF      |      LUT      |   URAM   |
+-------------------------------------------------------------------------+--------+---------------------+----------+---------+----------+----------+----------+-----------+-------+-----------+-----------+--------------+---------------+----------+
|+ transformer_cu                                                         |  Timing|                    -|         -|        -|         -|        no|         -|          -|  -0.07|  187 (60%)|  318 (68%)|  148691 (49%)|  276425 (183%)|  86 (55%)|
| + transformer_cu_Pipeline_WL_fsm                                        |       -|                    -|         -|        -|         -|       yes|         -|          -|   0.06|          -|    4 (~0%)|     910 (~0%)|      789 (~0%)|         -|
|  o WL_fsm                                                               |      II|    Memory Dependency|         9|        2|         -|       yes|         -|          -|   2.31|          -|          -|             -|              -|         -|
| + transformer_cu_Pipeline_2                                             |       -|                    -|         -|        -|         -|       yes|       194|    640.200|   0.36|          -|          -|      19 (~0%)|       31 (~0%)|         -|
|  o Loop 1                                                               |       -|                    -|         2|        1|       192|       yes|       192|    633.600|   2.31|          -|          -|             -|              -|         -|
| + transformer_cu_Pipeline_mm2mm_writer                                  |       -|                    -|         -|        -|         -|       yes|      4803|  1.585e+04|   0.12|          -|          -|     173 (~0%)|       57 (~0%)|         -|
|  o mm2mm_writer                                                         |       -|                    -|         3|        1|      4800|       yes|      4801|  1.584e+04|   2.31|          -|          -|             -|              -|         -|
| + transformer_cu_Pipeline_mm2mm_writer8                                 |       -|                    -|         -|        -|         -|       yes|        99|    326.700|   0.25|          -|          -|     155 (~0%)|       34 (~0%)|         -|
|  o mm2mm_writer                                                         |       -|                    -|         3|        1|        96|       yes|        97|    320.100|   2.31|          -|          -|             -|              -|         -|
| + transformer_cu_Pipeline_mm2mm_writer9                                 |       -|                    -|         -|        -|         -|       yes|        99|    326.700|   0.25|          -|          -|     155 (~0%)|       34 (~0%)|         -|
|  o mm2mm_writer                                                         |       -|                    -|         3|        1|        96|       yes|        97|    320.100|   2.31|          -|          -|             -|              -|         -|
| + transformer_cu_Pipeline_softmax_exp_loop                              |       -|                    -|         -|        -|         -|       yes|        98|    323.400|   0.06|          -|    3 (~0%)|     3642 (1%)|      2789 (1%)|         -|
|  o softmax_exp_loop                                                     |       -|                    -|        34|        1|        64|       yes|        96|    316.800|   2.31|          -|          -|             -|              -|         -|
| + transformer_cu_Pipeline_softmax_normalize_loop                        |       -|                    -|         -|      392|         -|        no|       392|  1.294e+03|   0.17|          -|    1 (~0%)|     198 (~0%)|      754 (~0%)|         -|
|  o softmax_normalize_loop                                               |      II|  Resource Limitation|         7|        6|        64|       yes|       389|  1.284e+03|   2.31|          -|          -|             -|              -|         -|
| o VITIS_LOOP_348_1                                                      |       -|                    -|         -|        -|         -|        no|         -|          -|   2.31|          -|          -|             -|              -|         -|
|  + rmsnorm_kernel*                                                      |       -|                    -|         -|      517|         -|  dataflow|       518|  1.709e+03|   0.01|    12 (3%)|    26 (5%)|     4738 (1%)|      2851 (1%)|         -|
|   + rms_mm2s_data                                                       |       -|                    -|         -|      203|         -|        no|       203|    669.900|   0.32|          -|          -|     305 (~0%)|      193 (~0%)|         -|
|    + rms_mm2s_data_Pipeline_AXI4_to_STREAM                              |       -|                    -|         -|        -|         -|       yes|       100|    330.000|   0.32|          -|          -|     149 (~0%)|       34 (~0%)|         -|
|     o AXI4_to_STREAM                                                    |       -|                    -|         4|        1|        96|       yes|        98|    323.400|   2.31|          -|          -|             -|              -|         -|
|    + rms_mm2s_data_Pipeline_AXI4_to_STREAM10                            |       -|                    -|         -|        -|         -|       yes|       100|    330.000|   0.32|          -|          -|     149 (~0%)|       34 (~0%)|         -|
|     o AXI4_to_STREAM                                                    |       -|                    -|         4|        1|        96|       yes|        98|    323.400|   2.31|          -|          -|             -|              -|         -|
|   + mm2s_input_data_vector_float_4ul_3                                  |       -|                    -|         -|      201|         -|        no|       201|    663.300|   0.36|          -|    1 (~0%)|     191 (~0%)|       94 (~0%)|         -|
|    + mm2s_input_data_vector_float_4ul_3_Pipeline_AXI4_to_STREAM         |       -|                    -|         -|        -|         -|       yes|       197|    650.100|   0.36|          -|          -|     158 (~0%)|       88 (~0%)|         -|
|     o AXI4_to_STREAM                                                    |       -|                    -|         5|        1|       192|       yes|       195|    643.500|   2.31|          -|          -|             -|              -|         -|
|   + rmsnorm_float_4ul_s                                                 |       -|                    -|         -|      516|         -|        no|       516|  1.703e+03|   0.01|     4 (1%)|    25 (5%)|     4172 (1%)|      2455 (1%)|         -|
|    + rmsnorm_float_4ul_Pipeline_1                                       |       -|                    -|         -|        -|         -|       yes|        18|     59.400|   0.18|          -|          -|      13 (~0%)|       29 (~0%)|         -|
|     o Loop 1                                                            |       -|                    -|         2|        1|        16|       yes|        16|     52.800|   2.31|          -|          -|             -|              -|         -|
|    + rmsnorm_float_4ul_Pipeline_rms_mac                                 |       -|                    -|         -|        -|         -|       yes|       212|    699.600|   0.18|          -|     5 (1%)|    1045 (~0%)|      261 (~0%)|         -|
|     o rms_mac                                                           |       -|                    -|        20|        1|       192|       yes|       210|    693.000|   2.31|          -|          -|             -|              -|         -|
|    + rmsnorm_float_4ul_Pipeline_data_out                                |       -|                    -|         -|        -|         -|       yes|       203|    669.900|   0.03|          -|     7 (1%)|     990 (~0%)|      263 (~0%)|         -|
|     o data_out                                                          |       -|                    -|        11|        1|       192|       yes|       201|    663.300|   2.31|          -|          -|             -|              -|         -|
|  + swiglu_kernel*                                                       |       -|                    -|         -|      513|         -|  dataflow|       563|  1.858e+03|   0.03|     8 (2%)|   48 (10%)|     5622 (1%)|      5750 (3%)|         -|
|   + mm2s_input_data_vector_float_4ul_s                                  |       -|                    -|         -|      513|         -|    rewind|       516|  1.703e+03|   0.21|          -|          -|     156 (~0%)|       58 (~0%)|         -|
|    o AXI4_to_STREAM                                                     |       -|                    -|         4|        1|       512|       yes|       514|  1.696e+03|   2.31|          -|          -|             -|              -|         -|
|   + mm2s_input_data_vector_float_4ul_2                                  |       -|                    -|         -|      513|         -|    rewind|       516|  1.703e+03|   0.21|          -|          -|     155 (~0%)|       57 (~0%)|         -|
|    o AXI4_to_STREAM                                                     |       -|                    -|         4|        1|       512|       yes|       514|  1.696e+03|   2.31|          -|          -|             -|              -|         -|
|   + swiglu_4ul_float_4ul_s                                              |       -|                    -|         -|      513|         -|    rewind|       560|  1.848e+03|   0.03|          -|   48 (10%)|     5266 (1%)|      5567 (3%)|         -|
|    o VITIS_LOOP_751_1                                                   |       -|                    -|        48|        1|       512|       yes|       558|  1.841e+03|   2.31|          -|          -|             -|              -|         -|
|  + mha_kernel*                                                          |  Timing|                    -|         -|    49610|         -|  dataflow|     49979|  1.649e+05|  -0.06|  130 (41%)|  145 (31%)|   43091 (14%)|  153907 (102%)|  16 (10%)|
|   + mha_init                                                            |       -|                    -|         -|     4529|         -|        no|      4529|  1.495e+04|   0.05|    17 (5%)|    15 (3%)|     5209 (1%)|    28990 (19%)|         -|
|    + mm2s_vec_up_float_16ul_4ul_s                                       |       -|                    -|         -|        -|         -|       yes|       196|    646.800|   0.32|          -|          -|     801 (~0%)|      165 (~0%)|         -|
|     o VITIS_LOOP_254_1                                                  |       -|                    -|         4|        1|       192|       yes|       194|    640.200|   2.31|          -|          -|             -|              -|         -|
|    + rope_kernel_float_16ul_768_s                                       |       -|                    -|         -|     1966|         -|        no|      1966|  6.488e+03|   0.05|    2 (~0%)|    15 (3%)|     4334 (1%)|    28707 (19%)|         -|
|     o ROPE_MAIN_head_dim_unroll_loop                                    |      II|  Resource Limitation|        51|       10|       192|       yes|      1960|  6.468e+03|   2.31|          -|          -|             -|              -|         -|
|      + generic_sincos_float_s                                           |       -|                    -|         -|        1|         -|       yes|        24|     79.200|   0.05|          -|    12 (2%)|    1714 (~0%)|      2558 (1%)|         -|
|   + mha_kernel_Block_entry_proc                                         |       -|                    -|         -|        0|         -|        no|         0|      0.000|   1.12|          -|          -|      98 (~0%)|      163 (~0%)|         -|
|   + mha_stream_read_float_16ul_s                                        |  Timing|                    -|         -|      182|         -|        no|       182|    600.600|  -0.04|          -|          -|    2073 (~0%)|      959 (~0%)|         -|
|    + mha_stream_read_float_16ul_Pipeline_VITIS_LOOP_436_1               |       -|                    -|         -|        -|         -|       yes|        51|    168.300|   0.15|          -|          -|     529 (~0%)|       33 (~0%)|         -|
|     o VITIS_LOOP_436_1                                                  |       -|                    -|         3|        1|        48|       yes|        49|    161.700|   2.31|          -|          -|             -|              -|         -|
|    + mha_stream_read_float_16ul_Pipeline_VITIS_LOOP_444_2_fw_mha_new    |  Timing|                    -|         -|        -|         -|       yes|       128|    422.400|  -0.04|          -|          -|     896 (~0%)|      198 (~0%)|         -|
|     o VITIS_LOOP_444_2_fw_mha_new                                       |       -|                    -|        80|        1|        48|       yes|       126|    415.800|   2.31|          -|          -|             -|              -|         -|
|   + mha_stream_read_float_16ul_9                                        |  Timing|                    -|         -|      182|         -|        no|       182|    600.600|  -0.04|          -|          -|    2073 (~0%)|      959 (~0%)|         -|
|    + mha_stream_read_float_16ul_9_Pipeline_VITIS_LOOP_436_1             |       -|                    -|         -|        -|         -|       yes|        51|    168.300|   0.15|          -|          -|     529 (~0%)|       33 (~0%)|         -|
|     o VITIS_LOOP_436_1                                                  |       -|                    -|         3|        1|        48|       yes|        49|    161.700|   2.31|          -|          -|             -|              -|         -|
|    + mha_stream_read_float_16ul_9_Pipeline_VITIS_LOOP_444_2_fw_mha_new  |  Timing|                    -|         -|        -|         -|       yes|       128|    422.400|  -0.04|          -|          -|     896 (~0%)|      198 (~0%)|         -|
|     o VITIS_LOOP_444_2_fw_mha_new                                       |       -|                    -|        80|        1|        48|       yes|       126|    415.800|   2.31|          -|          -|             -|              -|         -|
|   + mha_DDR_read_float_16ul_s                                           |  Timing|                    -|         -|    49282|         -|        no|     49282|  1.626e+05|  -0.05|          -|          -|    1288 (~0%)|      466 (~0%)|         -|
|    + mha_DDR_read_float_16ul_Pipeline_VITIS_LOOP_467_1_fw_mha_pos       |  Timing|                    -|         -|        -|         -|       yes|     49280|  1.626e+05|  -0.05|          -|          -|    1036 (~0%)|      382 (~0%)|         -|
|     o VITIS_LOOP_467_1_fw_mha_pos                                       |       -|                    -|        80|        1|     49200|       yes|     49278|  1.626e+05|   2.31|          -|          -|             -|              -|         -|
|   + mha_DDR_read_float_16ul_10                                          |  Timing|                    -|         -|    49282|         -|        no|     49282|  1.626e+05|  -0.05|          -|          -|    1288 (~0%)|      466 (~0%)|         -|
|    + mha_DDR_read_float_16ul_10_Pipeline_VITIS_LOOP_467_1_fw_mha_pos    |  Timing|                    -|         -|        -|         -|       yes|     49280|  1.626e+05|  -0.05|          -|          -|    1036 (~0%)|      382 (~0%)|         -|
|     o VITIS_LOOP_467_1_fw_mha_pos                                       |       -|                    -|        80|        1|     49200|       yes|     49278|  1.626e+05|   2.31|          -|          -|             -|              -|         -|
|   + mha_interweave_float_16ul_s                                         |  Timing|                    -|         -|    49207|         -|        no|     49207|  1.624e+05|  -0.05|          -|          -|    2384 (~0%)|    25865 (17%)|         -|
|    + mha_interweave_float_16ul_Pipeline_VITIS_LOOP_483_1_fw_mha_pos     |  Timing|                    -|         -|        -|         -|       yes|     49204|  1.624e+05|  -0.05|          -|          -|    2227 (~0%)|    25748 (17%)|         -|
|     o VITIS_LOOP_483_1_fw_mha_pos                                       |       -|                    -|         4|        1|     49200|       yes|     49202|  1.624e+05|   2.31|          -|          -|             -|              -|         -|
|   + mha_interweave_float_16ul_11                                        |  Timing|                    -|         -|    49207|         -|        no|     49207|  1.624e+05|  -0.05|          -|          -|    2385 (~0%)|    25866 (17%)|         -|
|    + mha_interweave_float_16ul_11_Pipeline_VITIS_LOOP_483_1_fw_mha_pos  |  Timing|                    -|         -|        -|         -|       yes|     49204|  1.624e+05|  -0.05|          -|          -|    2227 (~0%)|    25748 (17%)|         -|
|     o VITIS_LOOP_483_1_fw_mha_pos                                       |       -|                    -|         4|        1|     49200|       yes|     49202|  1.624e+05|   2.31|          -|          -|             -|              -|         -|
|   + mha_iterate                                                         |       -|                    -|         -|    49609|         -|        no|     49609|  1.637e+05|   0.19|          -|    25 (5%)|     7010 (2%)|    27891 (18%)|         -|
|    o VITIS_LOOP_69_1                                                    |       -|                    -|      4134|        -|        12|        no|     49608|  1.637e+05|   2.31|          -|          -|             -|              -|         -|
|     + mha_iterate_Pipeline_query_loop                                   |       -|                    -|         -|        -|         -|       yes|         6|     19.800|   0.37|          -|          -|    2056 (~0%)|       31 (~0%)|         -|
|      o query_loop                                                       |       -|                    -|         2|        1|         4|       yes|         4|     13.200|   2.31|          -|          -|             -|              -|         -|
|     + mha_iterate_Pipeline_pos_loop                                     |       -|                    -|         -|        -|         -|       yes|      4123|  1.361e+04|   0.19|          -|    25 (5%)|     4908 (1%)|    27835 (18%)|         -|
|      o pos_loop                                                         |      II|  Resource Limitation|        30|        4|      1024|       yes|      4121|  1.360e+04|   2.31|          -|          -|             -|              -|         -|
|   + mha_softmax                                                         |  Timing|                    -|         -|    12901|         -|        no|     12901|  4.257e+04|  -0.06|          -|    13 (2%)|    1696 (~0%)|      2089 (1%)|         -|
|    o VITIS_LOOP_115_1                                                   |       -|                    -|      1075|        -|        12|        no|     12900|  4.257e+04|   2.31|          -|          -|             -|              -|         -|
|     + mha_softmax_Pipeline_softmax_exp_loop                             |  Timing|                    -|         -|        -|         -|       yes|      1048|  3.458e+03|  -0.06|          -|    1 (~0%)|     899 (~0%)|      1672 (1%)|         -|
|      o softmax_exp_loop                                                 |       -|                    -|        24|        1|      1024|       yes|      1046|  3.452e+03|   2.31|          -|          -|             -|              -|         -|
|   + mha_weighted_sum                                                    |       -|                    -|         -|    49561|         -|        no|     49561|  1.636e+05|   0.09|          -|   92 (19%)|    15664 (5%)|    38584 (25%)|         -|
|    o VITIS_LOOP_145_1                                                   |       -|                    -|      4130|        -|        12|        no|     49560|  1.635e+05|   2.31|          -|          -|             -|              -|         -|
|     + mha_weighted_sum_Pipeline_1                                       |       -|                    -|         -|        -|         -|       yes|         4|     13.200|   0.37|          -|          -|    1540 (~0%)|      1549 (1%)|         -|
|      o Loop 1                                                           |       -|                    -|         1|        1|         3|       yes|         2|      6.600|   2.31|          -|          -|             -|              -|         -|
|     + mha_weighted_sum_Pipeline_mha_pos                                 |       -|                    -|         -|        -|         -|       yes|      4111|  1.357e+04|   0.25|          -|   76 (16%)|     6304 (2%)|    34419 (22%)|         -|
|      o mha_pos                                                          |      II|  Resource Limitation|        10|        4|      1025|       yes|      4109|  1.356e+04|   2.31|          -|          -|             -|              -|         -|
|     + mha_weighted_sum_Pipeline_mha_ws_stream_out_xb                    |       -|                    -|         -|        -|         -|       yes|         8|     26.400|   0.09|          -|    16 (3%)|    1562 (~0%)|     1055 (~0%)|         -|
|      o mha_ws_stream_out_xb                                             |       -|                    -|         4|        1|         4|       yes|         6|     19.800|   2.31|          -|          -|             -|              -|         -|
|   + vec_down_converter_float_4ul_16ul_s                                 |       -|                    -|         -|      193|         -|    rewind|       195|    643.500|   0.03|          -|          -|     527 (~0%)|      428 (~0%)|         -|
|    o mha_WAR_store                                                      |       -|                    -|         3|        1|       192|       yes|       193|    636.900|   2.31|          -|          -|             -|              -|         -|
|  + calc_loop*                                                           |  Timing|                    -|         -|        -|         -|  dataflow|         -|          -|  -0.07|    16 (5%)|   83 (17%)|   63314 (21%)|    90765 (60%)|  32 (20%)|
|   + mm2ds_input_data_ap_uint_512_0_2_s*                                 |  Timing|                    -|         -|        -|         -|  dataflow|         -|          -|  -0.07|          -|          -|    2686 (~0%)|      1611 (1%)|         -|
|    + mm2ds_get_data_ap_uint_512_0_2_s                                   |  Timing|                    -|         -|        -|         -|        no|         -|          -|  -0.05|          -|          -|    1464 (~0%)|      863 (~0%)|         -|
|     + mm2ds_get_data_ap_uint_512_0_2_Pipeline_AXI4_TXFR_FRAME_READ      |  Timing|                    -|         -|        -|         -|       yes|         -|          -|  -0.05|          -|          -|    1260 (~0%)|      613 (~0%)|         -|
|      o AXI4_TXFR_FRAME_READ                                             |       -|                    -|       146|        1|         -|       yes|         -|          -|   2.31|          -|          -|             -|              -|         -|
|    + mm2ds_split_data_ap_uint_512_s                                     |  Timing|                    -|         -|        -|         -|        no|         -|          -|  -0.07|          -|          -|     684 (~0%)|      418 (~0%)|         -|
|     + mm2ds_split_data_ap_uint_512_Pipeline_AXI4_TXFR                   |  Timing|                    -|         -|        -|         -|       yes|         -|          -|  -0.07|          -|          -|     582 (~0%)|      250 (~0%)|         -|
|      o AXI4_TXFR                                                        |       -|                    -|         3|        1|         -|       yes|         -|          -|   2.31|          -|          -|             -|              -|         -|
|   + mm2ds_input_data_ap_uint_512_1_2_s*                                 |  Timing|                    -|         -|        -|         -|  dataflow|         -|          -|  -0.07|          -|          -|    2687 (~0%)|      1644 (1%)|         -|
|    + mm2ds_get_data_ap_uint_512_1_2_s                                   |  Timing|                    -|         -|        -|         -|        no|         -|          -|  -0.05|          -|          -|    1465 (~0%)|      896 (~0%)|         -|
|     + mm2ds_get_data_ap_uint_512_1_2_Pipeline_AXI4_TXFR_FRAME_READ      |  Timing|                    -|         -|        -|         -|       yes|         -|          -|  -0.05|          -|          -|    1260 (~0%)|      613 (~0%)|         -|
|      o AXI4_TXFR_FRAME_READ                                             |       -|                    -|       146|        1|         -|       yes|         -|          -|   2.31|          -|          -|             -|              -|         -|
|    + mm2ds_split_data_ap_uint_512_1                                     |  Timing|                    -|         -|        -|         -|        no|         -|          -|  -0.07|          -|          -|     684 (~0%)|      418 (~0%)|         -|
|     + mm2ds_split_data_ap_uint_512_1_Pipeline_AXI4_TXFR                 |  Timing|                    -|         -|        -|         -|       yes|         -|          -|  -0.07|          -|          -|     582 (~0%)|      250 (~0%)|         -|
|      o AXI4_TXFR                                                        |       -|                    -|         3|        1|         -|       yes|         -|          -|   2.31|          -|          -|             -|              -|         -|
|   + quantizer_kernel                                                    |  Timing|                    -|         -|     1587|         -|        no|      1587|  5.237e+03|  -0.04|     8 (2%)|    13 (2%)|    19761 (6%)|    55556 (36%)|         -|
|    + dataflow_parent_loop_proc                                          |  Timing|                    -|         -|     1536|         -|        no|      1585|  5.230e+03|  -0.04|     8 (2%)|    13 (2%)|    19578 (6%)|    55467 (36%)|         -|
|     o VITIS_LOOP_133_1                                                  |       -|                    -|        97|       48|        32|  dataflow|      1584|  5.227e+03|   2.31|          -|          -|             -|              -|         -|
|      + dataflow_in_loop_VITIS_LOOP_133_1_1*                             |  Timing|                    -|         -|       48|         -|  dataflow|        94|    310.200|  -0.04|     8 (2%)|    13 (2%)|    19526 (6%)|    55351 (36%)|         -|
|       + debug_abs_intake8                                               |       -|                    -|         -|       16|         -|    rewind|        94|    310.200|   0.09|          -|          -|     577 (~0%)|      162 (~0%)|         -|
|        o group_scaling                                                  |       -|                    -|        78|        1|        16|       yes|        92|    303.600|   2.31|          -|          -|             -|              -|         -|
|       + max_finder9                                                     |       -|                    -|         -|       34|         -|        no|        34|    112.200|   0.19|          -|    1 (~0%)|     6201 (2%)|      3150 (2%)|         -|
|        + max_finder9_Pipeline_mf_intake                                 |       -|                    -|         -|        -|         -|       yes|        17|     56.100|   0.37|          -|          -|    2054 (~0%)|       28 (~0%)|         -|
|         o mf_intake                                                     |       -|                    -|         1|        1|        16|       yes|        15|     49.500|   2.31|          -|          -|             -|              -|         -|
|       + quant_out10                                                     |  Timing|                    -|         -|       47|         -|        no|        47|    155.100|  -0.04|     8 (2%)|    12 (2%)|    12427 (4%)|    51623 (34%)|         -|
|        + quant_out10_Pipeline_create_q_val                              |  Timing|                    -|         -|        -|         -|       yes|        27|     89.100|  -0.04|     8 (2%)|    4 (~0%)|    11551 (3%)|    51489 (34%)|         -|
|         o create_q_val                                                  |       -|                    -|        11|        1|        16|       yes|        25|     82.500|   2.31|          -|          -|             -|              -|         -|
|   + inf_split_tee_float_2ul_4ul_s                                       |       -|                    -|         -|      129|         -|    rewind|       130|    429.000|   0.35|          -|          -|     151 (~0%)|      125 (~0%)|         -|
|    o VITIS_LOOP_156_1                                                   |      II|  Resource Limitation|         5|        4|        32|       yes|       128|    422.400|   2.31|          -|          -|             -|              -|         -|
|   + inf_split_tee_vector_signed_char_64ul_2_s                           |  Timing|                    -|         -|       33|         -|    rewind|        34|    112.200|  -0.04|          -|          -|      28 (~0%)|      117 (~0%)|         -|
|    o VITIS_LOOP_141_1                                                   |       -|                    -|         2|        1|        32|       yes|        32|    105.600|   2.31|          -|          -|             -|              -|         -|
|   + s_rtl_GeMV_kernel*                                                  |  Timing|                    -|         -|        -|         -|  dataflow|         -|          -|  -0.06|     4 (1%)|    35 (7%)|    10747 (3%)|      6488 (4%)|         -|
|    + gemv_sf_val_float_4ul_16ul_5                                       |  Timing|                    -|         -|        -|         -|        no|         -|          -|  -0.04|     4 (1%)|    4 (~0%)|     3417 (1%)|      2138 (1%)|         -|
|     + gemv_sf_val_float_4ul_16ul_5_Pipeline_mm_tok_sf                   |       -|                    -|         -|        -|         -|       yes|         -|          -|   0.25|          -|          -|     327 (~0%)|      227 (~0%)|         -|
|      o mm_tok_sf                                                        |       -|                    -|         3|        1|         -|       yes|         -|          -|   2.31|          -|          -|             -|              -|         -|
|     + gemv_sf_val_float_4ul_16ul_5_Pipeline_mm_sf_out                   |  Timing|                    -|         -|        -|         -|       yes|  33554464|  1.107e+08|  -0.04|          -|    1 (~0%)|    2612 (~0%)|     1490 (~0%)|         -|
|      o mm_sf_out                                                        |       -|                    -|        33|        1|  33554431|       yes|  33554462|  1.107e+08|   2.31|          -|          -|             -|              -|         -|
|    + mm_rtl_w_6                                                         |  Timing|                    -|         -|        -|         -|        no|         -|          -|  -0.06|          -|    25 (5%)|     6340 (2%)|      3450 (2%)|         -|
|     + mm_rtl_w_6_Pipeline_mm_w_sf                                       |  Timing|                    -|         -|        -|         -|       yes|         -|          -|  -0.04|          -|          -|      53 (~0%)|      109 (~0%)|         -|
|      o mm_w_sf                                                          |       -|                    -|         2|        1|         -|       yes|         -|          -|   2.31|          -|          -|             -|              -|         -|
|     + mm_rtl_w_6_Pipeline_mm_w_out                                      |  Timing|                    -|         -|        -|         -|       yes|         -|          -|  -0.06|          -|    23 (4%)|     5589 (1%)|      2976 (1%)|         -|
|      o mm_w_out                                                         |       -|                    -|        88|        1|         -|  yes(frp)|         -|          -|   2.31|          -|          -|             -|              -|         -|
|       + dot_prod                                                        |       -|                    -|         -|        1|         -|       yes|        44|    145.200|   1.33|          -|    22 (4%)|    2071 (~0%)|     1376 (~0%)|         -|
|    + mm_psum_7                                                          |       -|                    -|         -|        -|         -|        no|         -|          -|   0.30|          -|    3 (~0%)|     427 (~0%)|      331 (~0%)|         -|
|     + mm_psum_7_Pipeline_VITIS_LOOP_60_1                                |       -|                    -|         -|        -|         -|       yes|         -|          -|   0.30|          -|    1 (~0%)|     268 (~0%)|      233 (~0%)|         -|
|      o VITIS_LOOP_60_1                                                  |      II|  Resource Limitation|        10|        4|         -|       yes|         -|          -|   2.31|          -|          -|             -|              -|         -|
|    + mm_final_sum_8                                                     |       -|                    -|         -|        -|         -|        no|         -|          -|   0.18|          -|    3 (~0%)|     403 (~0%)|      350 (~0%)|         -|
|     + mm_final_sum_8_Pipeline_VITIS_LOOP_76_1                           |       -|                    -|         -|        -|         -|       yes|         -|          -|   0.18|          -|    1 (~0%)|     196 (~0%)|      228 (~0%)|         -|
|      o VITIS_LOOP_76_1                                                  |       -|                    -|         3|        3|         -|       yes|         -|          -|   2.31|          -|          -|             -|              -|         -|
|   + s_rtl_GeMV_kernel_4*                                                |  Timing|                    -|         -|        -|         -|  dataflow|         -|          -|  -0.06|     4 (1%)|    35 (7%)|    10746 (3%)|      6487 (4%)|         -|
|    + gemv_sf_val_float_4ul_16ul_s                                       |  Timing|                    -|         -|        -|         -|        no|         -|          -|  -0.04|     4 (1%)|    4 (~0%)|     3417 (1%)|      2138 (1%)|         -|
|     + gemv_sf_val_float_4ul_16ul_Pipeline_mm_tok_sf                     |       -|                    -|         -|        -|         -|       yes|         -|          -|   0.25|          -|          -|     327 (~0%)|      227 (~0%)|         -|
|      o mm_tok_sf                                                        |       -|                    -|         3|        1|         -|       yes|         -|          -|   2.31|          -|          -|             -|              -|         -|
|     + gemv_sf_val_float_4ul_16ul_Pipeline_mm_sf_out                     |  Timing|                    -|         -|        -|         -|       yes|  33554464|  1.107e+08|  -0.04|          -|    1 (~0%)|    2612 (~0%)|     1490 (~0%)|         -|
|      o mm_sf_out                                                        |       -|                    -|        33|        1|  33554431|       yes|  33554462|  1.107e+08|   2.31|          -|          -|             -|              -|         -|
|    + mm_rtl_w                                                           |  Timing|                    -|         -|        -|         -|        no|         -|          -|  -0.06|          -|    25 (5%)|     6340 (2%)|      3450 (2%)|         -|
|     + mm_rtl_w_Pipeline_mm_w_sf                                         |  Timing|                    -|         -|        -|         -|       yes|         -|          -|  -0.04|          -|          -|      53 (~0%)|      109 (~0%)|         -|
|      o mm_w_sf                                                          |       -|                    -|         2|        1|         -|       yes|         -|          -|   2.31|          -|          -|             -|              -|         -|
|     + mm_rtl_w_Pipeline_mm_w_out                                        |  Timing|                    -|         -|        -|         -|       yes|         -|          -|  -0.06|          -|    23 (4%)|     5589 (1%)|      2976 (1%)|         -|
|      o mm_w_out                                                         |       -|                    -|        88|        1|         -|  yes(frp)|         -|          -|   2.31|          -|          -|             -|              -|         -|
|       + dot_prod                                                        |       -|                    -|         -|        1|         -|       yes|        44|    145.200|   1.33|          -|    22 (4%)|    2071 (~0%)|     1376 (~0%)|         -|
|    + mm_psum                                                            |       -|                    -|         -|        -|         -|        no|         -|          -|   0.30|          -|    3 (~0%)|     427 (~0%)|      331 (~0%)|         -|
|     + mm_psum_Pipeline_VITIS_LOOP_60_1                                  |       -|                    -|         -|        -|         -|       yes|         -|          -|   0.30|          -|    1 (~0%)|     268 (~0%)|      233 (~0%)|         -|
|      o VITIS_LOOP_60_1                                                  |      II|  Resource Limitation|        10|        4|         -|       yes|         -|          -|   2.31|          -|          -|             -|              -|         -|
|    + mm_final_sum                                                       |       -|                    -|         -|        -|         -|        no|         -|          -|   0.18|          -|    3 (~0%)|     403 (~0%)|      350 (~0%)|         -|
|     + mm_final_sum_Pipeline_VITIS_LOOP_76_1                             |       -|                    -|         -|        -|         -|       yes|         -|          -|   0.18|          -|    1 (~0%)|     196 (~0%)|      228 (~0%)|         -|
|      o VITIS_LOOP_76_1                                                  |       -|                    -|         3|        3|         -|       yes|         -|          -|   2.31|          -|          -|             -|              -|         -|
|   + gemv_split_float_4ul_2_s                                            |       -|                    -|         -|    96068|         -|        no|     96068|  3.170e+05|   0.29|          -|          -|     619 (~0%)|      1624 (1%)|         -|
|    + gemv_split_float_4ul_2_Pipeline_flush                              |       -|                    -|         -|        -|         -|       yes|        66|    217.800|   0.37|          -|          -|      10 (~0%)|       34 (~0%)|         -|
|     o flush                                                             |       -|                    -|         2|        1|        64|       yes|        64|    211.200|   2.31|          -|          -|             -|              -|         -|
|    o VITIS_LOOP_111_1                                                   |       -|                    -|        24|        -|      4000|        no|     96000|  3.168e+05|   2.31|          -|          -|             -|              -|         -|
|     o VITIS_LOOP_113_2                                                  |       -|                    -|        11|        -|         2|        no|        22|     72.600|   2.31|          -|          -|             -|              -|         -|
|      + gemv_split_float_4ul_2_Pipeline_VITIS_LOOP_118_3                 |       -|                    -|         -|        -|         -|       yes|         7|     23.100|   0.29|          -|          -|     207 (~0%)|     1355 (~0%)|         -|
|       o VITIS_LOOP_118_3                                                |       -|                    -|         3|        1|         4|       yes|         5|     16.500|   2.31|          -|          -|             -|              -|         -|
|   + insertion_sort                                                      |       -|                    -|         -|    96322|         -|        no|     96322|  3.179e+05|   0.18|          -|          -|    13935 (4%)|    15426 (10%)|         -|
|    + insertion_sort_Pipeline_systolic_sort                              |       -|                    -|         -|        -|         -|       yes|     96320|  3.179e+05|   0.19|          -|          -|    10826 (3%)|     12318 (8%)|         -|
|     o systolic_sort                                                     |       -|                    -|       130|        3|     32064|       yes|     96318|  3.178e+05|   2.31|          -|          -|             -|              -|         -|
+-------------------------------------------------------------------------+--------+---------------------+----------+---------+----------+----------+----------+-----------+-------+-----------+-----------+--------------+---------------+----------+
    II Violation Information: docs.amd.com/access/sources/dita/topic?Doc_Version=2025.2%20English&url=ug1448-hls-guidance&resourceid=200-880.html
    Name Prefix: '+' for module, 'o' for loop, '*' for dataflow


================================================================
== HW Interfaces
================================================================
* M_AXI
+------------------+------------+------------+---------------+---------+--------+----------+-----------+--------------+--------------+-------------+-------------+-------------------+
| Interface        | Read/Write | Data Width | Address Width | Latency | Offset | Register | Max Widen | Max Read     | Max Write    | Num Read    | Num Write   | Resource Estimate |
|                  |            | (SW->HW)   |               |         |        |          | Bitwidth  | Burst Length | Burst Length | Outstanding | Outstanding |                   |
+------------------+------------+------------+---------------+---------+--------+----------+-----------+--------------+--------------+-------------+-------------+-------------------+
| m_axi_D_W_GEMM_0 | READ_ONLY  | 512 -> 512 | 64            | 128     | slave  | 0        | 512       | 64           | 2            | 64          | 1           | URAM=8            |
| m_axi_D_W_GEMM_1 | READ_ONLY  | 512 -> 512 | 64            | 128     | slave  | 0        | 512       | 64           | 2            | 64          | 1           | URAM=8            |
| m_axi_kc_gemm    | READ_WRITE | 512 -> 512 | 64            | 64      | slave  | 0        | 512       | 64           | 8            | 64          | 16          | URAM=8            |
| m_axi_token_val  | READ_WRITE | 32 -> 32   | 64            | 64      | slave  | 0        | 512       | 1            | 1            | 1           | 1           |                   |
| m_axi_vc_gemm    | READ_WRITE | 512 -> 512 | 64            | 64      | slave  | 0        | 512       | 64           | 8            | 64          | 16          | URAM=8            |
| m_axi_w_n_t_gemm | READ_WRITE | 128 -> 128 | 64            | 64      | slave  | 0        | 512       | 256          | 16           | 16          | 16          | URAM=2            |
+------------------+------------+------------+---------------+---------+--------+----------+-----------+--------------+--------------+-------------+-------------+-------------------+

* S_AXILITE Interfaces
+---------------+------------+---------------+--------+----------+
| Interface     | Data Width | Address Width | Offset | Register |
+---------------+------------+---------------+--------+----------+
| s_axi_control | 32         | 8             | 16     | 0        |
+---------------+------------+---------------+--------+----------+

* S_AXILITE Registers
+---------------+---------------+--------+-------+--------+----------------------------------+------------------------------------------------------------------------------------+
| Interface     | Register      | Offset | Width | Access | Description                      | Bit Fields                                                                         |
+---------------+---------------+--------+-------+--------+----------------------------------+------------------------------------------------------------------------------------+
| s_axi_control | CTRL          | 0x00   | 32    | RW     | Control signals                  | 0=AP_START 1=AP_DONE 2=AP_IDLE 3=AP_READY 4=AP_CONTINUE 7=AUTO_RESTART 9=INTERRUPT |
| s_axi_control | GIER          | 0x04   | 32    | RW     | Global Interrupt Enable Register | 0=Enable                                                                           |
| s_axi_control | IP_IER        | 0x08   | 32    | RW     | IP Interrupt Enable Register     | 0=CHAN0_INT_EN 1=CHAN1_INT_EN                                                      |
| s_axi_control | IP_ISR        | 0x0c   | 32    | RW     | IP Interrupt Status Register     | 0=CHAN0_INT_ST 1=CHAN1_INT_ST                                                      |
| s_axi_control | tokens_1      | 0x10   | 32    | W      | Data signal of tokens            |                                                                                    |
| s_axi_control | tokens_2      | 0x14   | 32    | W      | Data signal of tokens            |                                                                                    |
| s_axi_control | w_0_1         | 0x1c   | 32    | W      | Data signal of w_0               |                                                                                    |
| s_axi_control | w_0_2         | 0x20   | 32    | W      | Data signal of w_0               |                                                                                    |
| s_axi_control | w_1_1         | 0x28   | 32    | W      | Data signal of w_1               |                                                                                    |
| s_axi_control | w_1_2         | 0x2c   | 32    | W      | Data signal of w_1               |                                                                                    |
| s_axi_control | weights_1     | 0x34   | 32    | W      | Data signal of weights           |                                                                                    |
| s_axi_control | weights_2     | 0x38   | 32    | W      | Data signal of weights           |                                                                                    |
| s_axi_control | key_cache_1   | 0x40   | 32    | W      | Data signal of key_cache         |                                                                                    |
| s_axi_control | key_cache_2   | 0x44   | 32    | W      | Data signal of key_cache         |                                                                                    |
| s_axi_control | value_cache_1 | 0x4c   | 32    | W      | Data signal of value_cache       |                                                                                    |
| s_axi_control | value_cache_2 | 0x50   | 32    | W      | Data signal of value_cache       |                                                                                    |
| s_axi_control | POS_r         | 0x58   | 32    | W      | Data signal of POS_r             |                                                                                    |
| s_axi_control | rms_att_W     | 0x60   | 32    | W      | Data signal of rms_att_W         |                                                                                    |
| s_axi_control | rms_ffn_W     | 0x68   | 32    | W      | Data signal of rms_ffn_W         |                                                                                    |
| s_axi_control | rms_final_W   | 0x70   | 32    | W      | Data signal of rms_final_W       |                                                                                    |
| s_axi_control | curr_token_1  | 0x78   | 32    | W      | Data signal of curr_token        |                                                                                    |
| s_axi_control | curr_token_2  | 0x7c   | 32    | W      | Data signal of curr_token        |                                                                                    |
| s_axi_control | faker         | 0x84   | 32    | W      | Data signal of faker             |                                                                                    |
| s_axi_control | CURR_LAYER    | 0x8c   | 32    | W      | Data signal of CURR_LAYER        |                                                                                    |
| s_axi_control | NEXT_STATE    | 0x94   | 32    | W      | Data signal of NEXT_STATE        |                                                                                    |
| s_axi_control | data_out_1    | 0x9c   | 32    | W      | Data signal of data_out          |                                                                                    |
| s_axi_control | data_out_2    | 0xa0   | 32    | W      | Data signal of data_out          |                                                                                    |
| s_axi_control | temperature   | 0xa8   | 32    | W      | Data signal of temperature       |                                                                                    |
| s_axi_control | coin          | 0xb0   | 32    | W      | Data signal of coin              |                                                                                    |
| s_axi_control | init_rms_flag | 0xb8   | 32    | W      | Data signal of init_rms_flag     |                                                                                    |
| s_axi_control | prefill_flag  | 0xc0   | 32    | W      | Data signal of prefill_flag      |                                                                                    |
+---------------+---------------+--------+-------+--------+----------------------------------+------------------------------------------------------------------------------------+

* TOP LEVEL CONTROL
+-----------+---------------+-----------+
| Interface | Type          | Ports     |
+-----------+---------------+-----------+
| ap_clk    | clock         | ap_clk    |
| ap_rst_n  | reset         | ap_rst_n  |
| interrupt | interrupt     | interrupt |
| ap_ctrl   | ap_ctrl_chain |           |
+-----------+---------------+-----------+


================================================================
== SW I/O Information
================================================================
* Top Function Arguments
+---------------+-----------+----------------------+
| Argument      | Direction | Datatype             |
+---------------+-----------+----------------------+
| tokens        | inout     | vector<float, 4UL>*  |
| w_0           | in        | ap_uint<512>*        |
| w_1           | in        | ap_uint<512>*        |
| weights       | inout     | vector<float, 4UL>*  |
| key_cache     | inout     | vector<float, 16UL>* |
| value_cache   | inout     | vector<float, 16UL>* |
| POS           | in        | int const            |
| rms_att_W     | in        | int const            |
| rms_ffn_W     | in        | int const            |
| rms_final_W   | in        | int const            |
| curr_token    | inout     | int*                 |
| faker         | in        | int const            |
| CURR_LAYER    | in        | int const            |
| NEXT_STATE    | in        | int const            |
| data_out      | inout     | vector<float, 4UL>*  |
| temperature   | in        | float const          |
| coin          | in        | float const          |
| init_rms_flag | in        | bool const           |
| prefill_flag  | in        | bool const           |
+---------------+-----------+----------------------+

* SW-to-HW Mapping
+---------------+------------------+-----------+----------+-----------------------------------------+
| Argument      | HW Interface     | HW Type   | HW Usage | HW Info                                 |
+---------------+------------------+-----------+----------+-----------------------------------------+
| tokens        | m_axi_w_n_t_gemm | interface |          | channel=0                               |
| tokens        | s_axi_control    | register  | offset   | name=tokens_1 offset=0x10 range=32      |
| tokens        | s_axi_control    | register  | offset   | name=tokens_2 offset=0x14 range=32      |
| w_0           | m_axi_D_W_GEMM_0 | interface |          | channel=0                               |
| w_0           | s_axi_control    | register  | offset   | name=w_0_1 offset=0x1c range=32         |
| w_0           | s_axi_control    | register  | offset   | name=w_0_2 offset=0x20 range=32         |
| w_1           | m_axi_D_W_GEMM_1 | interface |          | channel=0                               |
| w_1           | s_axi_control    | register  | offset   | name=w_1_1 offset=0x28 range=32         |
| w_1           | s_axi_control    | register  | offset   | name=w_1_2 offset=0x2c range=32         |
| weights       | m_axi_w_n_t_gemm | interface |          | channel=0                               |
| weights       | s_axi_control    | register  | offset   | name=weights_1 offset=0x34 range=32     |
| weights       | s_axi_control    | register  | offset   | name=weights_2 offset=0x38 range=32     |
| key_cache     | m_axi_kc_gemm    | interface |          | channel=0                               |
| key_cache     | s_axi_control    | register  | offset   | name=key_cache_1 offset=0x40 range=32   |
| key_cache     | s_axi_control    | register  | offset   | name=key_cache_2 offset=0x44 range=32   |
| value_cache   | m_axi_vc_gemm    | interface |          | channel=0                               |
| value_cache   | s_axi_control    | register  | offset   | name=value_cache_1 offset=0x4c range=32 |
| value_cache   | s_axi_control    | register  | offset   | name=value_cache_2 offset=0x50 range=32 |
| POS           | s_axi_control    | register  |          | name=POS_r offset=0x58 range=32         |
| rms_att_W     | s_axi_control    | register  |          | name=rms_att_W offset=0x60 range=32     |
| rms_ffn_W     | s_axi_control    | register  |          | name=rms_ffn_W offset=0x68 range=32     |
| rms_final_W   | s_axi_control    | register  |          | name=rms_final_W offset=0x70 range=32   |
| curr_token    | m_axi_token_val  | interface |          | channel=0                               |
| curr_token    | s_axi_control    | register  | offset   | name=curr_token_1 offset=0x78 range=32  |
| curr_token    | s_axi_control    | register  | offset   | name=curr_token_2 offset=0x7c range=32  |
| faker         | s_axi_control    | register  |          | name=faker offset=0x84 range=32         |
| CURR_LAYER    | s_axi_control    | register  |          | name=CURR_LAYER offset=0x8c range=32    |
| NEXT_STATE    | s_axi_control    | register  |          | name=NEXT_STATE offset=0x94 range=32    |
| data_out      | m_axi_w_n_t_gemm | interface |          | channel=0                               |
| data_out      | s_axi_control    | register  | offset   | name=data_out_1 offset=0x9c range=32    |
| data_out      | s_axi_control    | register  | offset   | name=data_out_2 offset=0xa0 range=32    |
| temperature   | s_axi_control    | register  |          | name=temperature offset=0xa8 range=32   |
| coin          | s_axi_control    | register  |          | name=coin offset=0xb0 range=32          |
| init_rms_flag | s_axi_control    | register  |          | name=init_rms_flag offset=0xb8 range=32 |
| prefill_flag  | s_axi_control    | register  |          | name=prefill_flag offset=0xc0 range=32  |
+---------------+------------------+-----------+----------+-----------------------------------------+


================================================================
== M_AXI Burst Information
================================================================
 Note: All burst requests might be further partitioned into multiple requests during RTL generation based on max_read_burst_length or max_write_burst_length settings.

* Inferred Burst Summary
+------------------+-----------+----------+-------+---------------+---------------------+
| HW Interface     | Direction | Length   | Width | Loop          | Loop Location       |
+------------------+-----------+----------+-------+---------------+---------------------+
| m_axi_D_W_GEMM_0 | read      | 204      | 512   | FRAME_READ    | mha_forward.h:335:3 |
| m_axi_D_W_GEMM_1 | read      | 204      | 512   | FRAME_READ    | mha_forward.h:335:3 |
| m_axi_kc_gemm    | write     | 4        | 512   | fw_mha_new    | mha_forward.h:446:5 |
| m_axi_kc_gemm    | read      | variable | 512   | fw_mha_pos    | mha_forward.h:469:5 |
| m_axi_vc_gemm    | write     | 4        | 512   | fw_mha_new    | mha_forward.h:446:5 |
| m_axi_vc_gemm    | read      | variable | 512   | fw_mha_pos    | mha_forward.h:469:5 |
| m_axi_w_n_t_gemm | read      | 4800     | 128   | mm2mm_writer  | mha_forward.h:408:3 |
| m_axi_w_n_t_gemm | read      | 96       | 128   | mm2mm_writer  | mha_forward.h:423:3 |
| m_axi_w_n_t_gemm | write     | 16       | 128   | group_scaling | quantizer.cpp:12:3  |
+------------------+-----------+----------+-------+---------------+---------------------+

* All M_AXI Variable Accesses
+-----------------------+----------+----------------------+-----------+--------------+----------+------------------+----------------------+------------+----------------------------------------------------------------------------------------------------------+
| HW Interface          | Variable | Access Location      | Direction | Burst Status | Length   | Loop             | Loop Location        | Resolution | Problem                                                                                                  |
+-----------------------+----------+----------------------+-----------+--------------+----------+------------------+----------------------+------------+----------------------------------------------------------------------------------------------------------+
| m_axi_D_W_GEMM_0      | in       | mha_forward.h:337:13 | read      | Inferred     | 204      | FRAME_READ       | mha_forward.h:335:3  |            |                                                                                                          |
| m_axi_D_W_GEMM_0      | in       | mha_forward.h:425:21 | read      | Widen Fail   |          | FRAME_READ       | mha_forward.h:335:3  | 214-353    | Could not widen since type i512 size is greater than or equal to the max_widen_bitwidth threshold of 512 |
| m_axi_D_W_GEMM_0      | in       | mha_forward.h:425:21 | read      | Fail         |          | AXI4_TXFR        | mha_forward.h:331:2  | 214-230    | Stride is incompatible                                                                                   |
| m_axi_D_W_GEMM_1      | in       | mha_forward.h:337:13 | read      | Inferred     | 204      | FRAME_READ       | mha_forward.h:335:3  |            |                                                                                                          |
| m_axi_D_W_GEMM_1      | in       | mha_forward.h:425:21 | read      | Widen Fail   |          | FRAME_READ       | mha_forward.h:335:3  | 214-353    | Could not widen since type i512 size is greater than or equal to the max_widen_bitwidth threshold of 512 |
| m_axi_D_W_GEMM_1      | in       | mha_forward.h:425:21 | read      | Fail         |          | AXI4_TXFR        | mha_forward.h:331:2  | 214-230    | Stride is incompatible                                                                                   |
| m_axi_kc_gemm,vc_gemm | cache    | mha_forward.h:425:21 | read      | Widen Fail   |          | fw_mha_pos       | mha_forward.h:469:5  | 214-353    | Could not widen since type i512 size is greater than or equal to the max_widen_bitwidth threshold of 512 |
| m_axi_kc_gemm,vc_gemm | cache    | mha_forward.h:425:21 | write     | Widen Fail   |          | fw_mha_new       | mha_forward.h:446:5  | 214-353    | Could not widen since type i512 size is greater than or equal to the max_widen_bitwidth threshold of 512 |
| m_axi_kc_gemm,vc_gemm | cache    | mha_forward.h:425:21 | read      | Fail         |          | VITIS_LOOP_467_1 | mha_forward.h:467:21 | 214-230    | Stride is incompatible                                                                                   |
| m_axi_kc_gemm,vc_gemm | cache    | mha_forward.h:425:21 | write     | Fail         |          | VITIS_LOOP_444_2 | mha_forward.h:444:21 | 214-230    | Stride is incompatible                                                                                   |
| m_axi_kc_gemm,vc_gemm | cache    | mha_forward.h:455:21 | write     | Inferred     | 4        | fw_mha_new       | mha_forward.h:446:5  |            |                                                                                                          |
| m_axi_kc_gemm,vc_gemm | cache    | mha_forward.h:473:17 | read      | Inferred     | variable | fw_mha_pos       | mha_forward.h:469:5  |            |                                                                                                          |
| m_axi_w_n_t_gemm      | weights  | mha_forward.h:410:29 | read      | Widen Fail   |          | mm2mm_writer     | mha_forward.h:408:3  | 214-307    | Could not widen since type i128 size is greater than or equal to alignment 16(bytes)                     |
| m_axi_w_n_t_gemm      | weights  | mha_forward.h:410:29 | read      | Inferred     | 4800     | mm2mm_writer     | mha_forward.h:408:3  |            |                                                                                                          |
| m_axi_w_n_t_gemm      | data_out | mha_forward.h:425:21 | write     | Widen Fail   |          | group_scaling    | quantizer.cpp:12:3   | 214-307    | Could not widen since type i128 size is greater than or equal to alignment 16(bytes)                     |
| m_axi_w_n_t_gemm      | tokens   | mha_forward.h:425:21 | read      | Widen Fail   |          | mm2mm_writer     | mha_forward.h:423:3  | 214-307    | Could not widen since type i128 size is greater than or equal to alignment 16(bytes)                     |
| m_axi_w_n_t_gemm      | tokens   | mha_forward.h:425:21 | read      | Inferred     | 96       | mm2mm_writer     | mha_forward.h:423:3  |            |                                                                                                          |
| m_axi_w_n_t_gemm      | data_out | quantizer.cpp:17:52  | write     | Inferred     | 16       | group_scaling    | quantizer.cpp:12:3   |            |                                                                                                          |
+-----------------------+----------+----------------------+-----------+--------------+----------+------------------+----------------------+------------+----------------------------------------------------------------------------------------------------------+

    * Resolution URL: docs.amd.com/access/sources/dita/topic?Doc_Version=2025.2%20English&url=ug1448-hls-guidance&resourceid=XXX-YYY.html (replace XXX-YYY with column value)

================================================================
== Bind Op Report
================================================================
+------------------------------------------------------------------------+-----+--------+-----------------------------+-----------+--------------------------+---------+
| Name                                                                   | DSP | Pragma | Variable                    | Op        | Impl                     | Latency |
+------------------------------------------------------------------------+-----+--------+-----------------------------+-----------+--------------------------+---------+
| + transformer_cu                                                       | 318 |        |                             |           |                          |         |
|   add_ln344_fu_2068_p2                                                 |     |        | add_ln344                   | add       | fabric                   | 0       |
|   IN_OFF_fu_2140_p2                                                    |     |        | IN_OFF                      | sub       | fabric                   | 0       |
|   add_ln423_fu_2157_p2                                                 |     |        | add_ln423                   | add       | fabric                   | 0       |
|   ros_fu_2186_p2                                                       |     |        | ros                         | add       | fabric                   | 0       |
|   add_ln423_1_fu_2202_p2                                               |     |        | add_ln423_1                 | add       | fabric                   | 0       |
|   add_ln348_fu_2233_p2                                                 |     |        | add_ln348                   | add       | fabric                   | 0       |
|   icmp_ln348_fu_2243_p2                                                |     |        | icmp_ln348                  | setlt     | auto                     | 0       |
|   fcmp_32ns_32ns_1_1_no_dsp_1_x_U2006                                  |     |        | cmp_i                       | fcmp      | auto                     | 0       |
|   frecip_32ns_32ns_32_18_full_dsp_1_U2007                              | 8   |        | tmp_s                       | frecip    | fulldsp                  | 17      |
|   INV_TEMP_fu_2389_p3                                                  |     |        | INV_TEMP                    | select    | auto_sel                 | 0       |
|   fcmp_32ns_32ns_1_1_no_dsp_1_x_U2006                                  |     |        | tmp_3                       | fcmp      | auto                     | 0       |
|   frecip_32ns_32ns_32_18_full_dsp_1_U2007                              | 8   |        | inv_soft_sum                | frecip    | fulldsp                  | 17      |
|   fcmp_32ns_32ns_1_1_no_dsp_1_x_U2006                                  |     |        | cmp12_i                     | fcmp      | auto                     | 0       |
|   target_val_fu_2924_p3                                                |     |        | target_val                  | select    | auto_sel                 | 0       |
|   sparsemux_129_6_16_1_1_U2008                                         |     |        | tmp_8                       | sparsemux | compactencoding_dontcare | 0       |
|   add_ln367_fu_3393_p2                                                 |     |        | add_ln367                   | add       | fabric                   | 0       |
|   add_ln367_1_fu_3409_p2                                               |     |        | add_ln367_1                 | add       | fabric                   | 0       |
|  + transformer_cu_Pipeline_WL_fsm                                      | 4   |        |                             |           |                          |         |
|    add_ln313_fu_281_p2                                                 |     |        | add_ln313                   | add       | fabric                   | 0       |
|    icmp_ln313_fu_269_p2                                                |     |        | icmp_ln313                  | setlt     | auto                     | 0       |
|    fd_state_fu_342_p2                                                  |     |        | fd_state                    | add       | fabric                   | 0       |
|    fd_gemv_config_CURR_LAYER_1_fu_305_p2                               |     |        | fd_gemv_config_CURR_LAYER_1 | add       | fabric                   | 0       |
|    icmp_ln125_fu_311_p2                                                |     |        | icmp_ln125                  | seteq     | auto                     | 0       |
|    select_ln129_fu_347_p3                                              |     |        | select_ln129                | select    | auto_sel                 | 0       |
|    mul_16ns_15ns_31_2_1_U2                                             | 1   |        | mul_ln139                   | mul       | auto                     | 1       |
|    mul_27ns_29ns_54_5_1_U1                                             | 3   |        | mul_ln140                   | mul       | auto                     | 4       |
|    fd_gemv_config_OFFSET_fu_477_p2                                     |     |        | fd_gemv_config_OFFSET       | add       | fabric                   | 0       |
|    fd_gemv_config_SAVE_ADDR_fu_486_p2                                  |     |        | fd_gemv_config_SAVE_ADDR    | add       | fabric                   | 0       |
|  + transformer_cu_Pipeline_2                                           | 0   |        |                             |           |                          |         |
|    empty_164_fu_126_p2                                                 |     |        | empty_164                   | add       | fabric                   | 0       |
|    exitcond95_fu_132_p2                                                |     |        | exitcond95                  | seteq     | auto                     | 0       |
|  + transformer_cu_Pipeline_mm2mm_writer                                | 0   |        |                             |           |                          |         |
|    add_ln408_fu_161_p2                                                 |     |        | add_ln408                   | add       | fabric                   | 0       |
|    icmp_ln408_fu_167_p2                                                |     |        | icmp_ln408                  | seteq     | auto                     | 0       |
|  + transformer_cu_Pipeline_mm2mm_writer8                               | 0   |        |                             |           |                          |         |
|    add_ln423_fu_161_p2                                                 |     |        | add_ln423                   | add       | fabric                   | 0       |
|    icmp_ln423_fu_167_p2                                                |     |        | icmp_ln423                  | seteq     | auto                     | 0       |
|  + transformer_cu_Pipeline_mm2mm_writer9                               | 0   |        |                             |           |                          |         |
|    add_ln423_fu_161_p2                                                 |     |        | add_ln423                   | add       | fabric                   | 0       |
|    icmp_ln423_fu_167_p2                                                |     |        | icmp_ln423                  | seteq     | auto                     | 0       |
|  + rmsnorm_kernel                                                      | 26  |        |                             |           |                          |         |
|   + rms_mm2s_data                                                      | 0   |        |                             |           |                          |         |
|    + rms_mm2s_data_Pipeline_AXI4_to_STREAM                             | 0   |        |                             |           |                          |         |
|      add_ln286_fu_133_p2                                               |     |        | add_ln286                   | add       | fabric                   | 0       |
|      icmp_ln286_fu_139_p2                                              |     |        | icmp_ln286                  | seteq     | auto                     | 0       |
|    + rms_mm2s_data_Pipeline_AXI4_to_STREAM10                           | 0   |        |                             |           |                          |         |
|      add_ln286_fu_133_p2                                               |     |        | add_ln286                   | add       | fabric                   | 0       |
|      icmp_ln286_fu_139_p2                                              |     |        | icmp_ln286                  | seteq     | auto                     | 0       |
|   + mm2s_input_data_vector_float_4ul_3                                 | 1   |        |                             |           |                          |         |
|     mul_13s_9ns_13_3_1_U55                                             | 1   | yes    | mul_ln282                   | mul       | dsp                      | 2       |
|    + mm2s_input_data_vector_float_4ul_3_Pipeline_AXI4_to_STREAM        | 0   |        |                             |           |                          |         |
|      add_ln286_fu_159_p2                                               |     |        | add_ln286                   | add       | fabric                   | 0       |
|      icmp_ln286_fu_165_p2                                              |     |        | icmp_ln286                  | seteq     | auto                     | 0       |
|   + rmsnorm_float_4ul_s                                                | 25  |        |                             |           |                          |         |
|     fadd_32ns_32ns_32_2_primitive_dsp_1_U99                            | 1   |        | tmp6                        | fadd      | primitivedsp             | 1       |
|     fadd_32ns_32ns_32_2_primitive_dsp_1_U99                            | 1   |        | tmp7                        | fadd      | primitivedsp             | 1       |
|     fadd_32ns_32ns_32_2_primitive_dsp_1_U99                            | 1   |        | tmp5                        | fadd      | primitivedsp             | 1       |
|     fadd_32ns_32ns_32_2_primitive_dsp_1_U99                            | 1   |        | tmp9                        | fadd      | primitivedsp             | 1       |
|     fadd_32ns_32ns_32_2_primitive_dsp_1_U100                           | 1   |        | tmp                         | fadd      | primitivedsp             | 1       |
|     fadd_32ns_32ns_32_2_primitive_dsp_1_U99                            | 1   |        | tmp8                        | fadd      | primitivedsp             | 1       |
|     fadd_32ns_32ns_32_2_primitive_dsp_1_U99                            | 1   |        | tmp4                        | fadd      | primitivedsp             | 1       |
|     fadd_32ns_32ns_32_2_primitive_dsp_1_U99                            | 1   |        | tmp10                       | fadd      | primitivedsp             | 1       |
|     fadd_32ns_32ns_32_2_primitive_dsp_1_U100                           | 1   |        | tmp13                       | fadd      | primitivedsp             | 1       |
|     fadd_32ns_32ns_32_2_primitive_dsp_1_U100                           | 1   |        | tmp12                       | fadd      | primitivedsp             | 1       |
|     fadd_32ns_32ns_32_2_primitive_dsp_1_U99                            | 1   |        | tmp14                       | fadd      | primitivedsp             | 1       |
|     fadd_32ns_32ns_32_2_primitive_dsp_1_U101                           | 1   |        | tmp16                       | fadd      | primitivedsp             | 1       |
|     fadd_32ns_32ns_32_2_primitive_dsp_1_U99                            | 1   |        | tmp15                       | fadd      | primitivedsp             | 1       |
|     fadd_32ns_32ns_32_2_primitive_dsp_1_U99                            | 1   |        | tmp11                       | fadd      | primitivedsp             | 1       |
|     fadd_32ns_32ns_32_2_primitive_dsp_1_U99                            | 1   |        | ftss_1                      | fadd      | primitivedsp             | 1       |
|     fdiv_32ns_32ns_32_29_no_dsp_1_U102                                 |     |        | div                         | fdiv      | fabric                   | 28      |
|     fpext_32ns_64_1_no_dsp_1_U104                                      |     |        | conv                        | fpext     | auto                     | 0       |
|     dadd_64ns_64ns_64_9_no_dsp_1_U106                                  |     |        | add2                        | dadd      | fabric                   | 8       |
|     fptrunc_64ns_32_1_no_dsp_1_U103                                    |     |        | flss                        | fptrunc   | auto                     | 0       |
|     frsqrt_32ns_32ns_32_24_full_dsp_1_U105                             | 9   |        | fss                         | frsqrt    | fulldsp                  | 23      |
|    + rmsnorm_float_4ul_Pipeline_1                                      | 0   |        |                             |           |                          |         |
|      empty_176_fu_52_p2                                                |     |        | empty_176                   | add       | fabric                   | 0       |
|      exitcond331_fu_58_p2                                              |     |        | exitcond331                 | seteq     | auto                     | 0       |
|    + rmsnorm_float_4ul_Pipeline_rms_mac                                | 5   |        |                             |           |                          |         |
|      add_ln20_fu_215_p2                                                |     |        | add_ln20                    | add       | fabric                   | 0       |
|      icmp_ln20_fu_221_p2                                               |     |        | icmp_ln20                   | seteq     | auto                     | 0       |
|      fadd_32ns_32ns_32_2_primitive_dsp_1_U68                           | 1   |        | add_i_i_3                   | fadd      | primitivedsp             | 1       |
|      fmadd_32ns_32ns_32ns_32ns_32_4_primitive_dsp_1_U72                | 1   |        | tmp                         | fmadd     | primitivedsp             | 3       |
|      fmadd_32ns_32ns_32ns_32ns_32_4_primitive_dsp_1_U71                | 1   |        | tmp6                        | fmadd     | primitivedsp             | 3       |
|      fmadd_32ns_32ns_32ns_32ns_32_4_primitive_dsp_1_U73                | 1   |        | tmp7                        | fmadd     | primitivedsp             | 3       |
|      fadd_32ns_32ns_32_2_primitive_dsp_1_U69                           | 1   |        | add                         | fadd      | primitivedsp             | 1       |
|    + rmsnorm_float_4ul_Pipeline_data_out                               | 7   |        |                             |           |                          |         |
|      add_ln50_fu_232_p2                                                |     |        | add_ln50                    | add       | fabric                   | 0       |
|      icmp_ln50_fu_238_p2                                               |     |        | icmp_ln50                   | seteq     | auto                     | 0       |
|      fmul_32ns_32ns_32_3_primitive_dsp_1_U87                           | 1   |        | mul_i_i                     | fmul      | primitivedsp             | 2       |
|      fmul_32ns_32ns_32_3_primitive_dsp_1_U84                           | 1   |        | tmp8                        | fmul      | primitivedsp             | 2       |
|      fmul_32ns_32ns_32_3_primitive_dsp_1_U88                           | 1   |        | mul_i_i_1                   | fmul      | primitivedsp             | 2       |
|      fmul_32ns_32ns_32_3_primitive_dsp_1_U85                           | 1   |        | tmp9                        | fmul      | primitivedsp             | 2       |
|      fmul_32ns_32ns_32_3_primitive_dsp_1_U89                           | 1   |        | mul_i_i_2                   | fmul      | primitivedsp             | 2       |
|      fmul_32ns_32ns_32_3_primitive_dsp_1_U86                           | 1   |        | tmp10                       | fmul      | primitivedsp             | 2       |
|      fmul_32ns_32ns_32_3_primitive_dsp_1_U90                           | 1   |        | mul_i_i_3                   | fmul      | primitivedsp             | 2       |
|  + swiglu_kernel                                                       | 48  |        |                             |           |                          |         |
|   + mm2s_input_data_vector_float_4ul_s                                 | 0   |        |                             |           |                          |         |
|     add_ln286_fu_147_p2                                                |     |        | add_ln286                   | add       | fabric                   | 0       |
|     icmp_ln286_fu_153_p2                                               |     |        | icmp_ln286                  | seteq     | auto                     | 0       |
|   + mm2s_input_data_vector_float_4ul_2                                 | 0   |        |                             |           |                          |         |
|     add_ln286_fu_147_p2                                                |     |        | add_ln286                   | add       | fabric                   | 0       |
|     icmp_ln286_fu_153_p2                                               |     |        | icmp_ln286                  | seteq     | auto                     | 0       |
|   + swiglu_4ul_float_4ul_s                                             | 48  |        |                             |           |                          |         |
|     i_5_fu_209_p2                                                      |     |        | i_5                         | add       | fabric                   | 0       |
|     icmp_ln751_fu_215_p2                                               |     |        | icmp_ln751                  | seteq     | auto                     | 0       |
|     xor_ln759_4_fu_306_p2                                              |     |        | xor_ln759_4                 | xor       | auto                     | 0       |
|     fexp_32ns_32ns_32_19_med_dsp_1_U173                                | 1   |        | tmp_s                       | fexp      | meddsp                   | 18      |
|     fadd_32ns_32ns_32_2_primitive_dsp_1_U157                           | 1   |        | tmpa                        | fadd      | primitivedsp             | 1       |
|     frecip_32ns_32ns_32_18_full_dsp_1_U169                             | 8   |        | tmpb                        | frecip    | fulldsp                  | 17      |
|     fmul_32ns_32ns_32_3_primitive_dsp_1_U161                           | 1   |        | tmp                         | fmul      | primitivedsp             | 2       |
|     fmul_32ns_32ns_32_3_primitive_dsp_1_U165                           | 1   |        | mul                         | fmul      | primitivedsp             | 2       |
|     xor_ln759_fu_324_p2                                                |     |        | xor_ln759                   | xor       | auto                     | 0       |
|     fexp_32ns_32ns_32_19_med_dsp_1_U174                                | 1   |        | tmp_9                       | fexp      | meddsp                   | 18      |
|     fadd_32ns_32ns_32_2_primitive_dsp_1_U158                           | 1   |        | tmpa_1                      | fadd      | primitivedsp             | 1       |
|     frecip_32ns_32ns_32_18_full_dsp_1_U170                             | 8   |        | tmpb_1                      | frecip    | fulldsp                  | 17      |
|     fmul_32ns_32ns_32_3_primitive_dsp_1_U162                           | 1   |        | tmp1                        | fmul      | primitivedsp             | 2       |
|     fmul_32ns_32ns_32_3_primitive_dsp_1_U166                           | 1   |        | mul12_1                     | fmul      | primitivedsp             | 2       |
|     xor_ln759_5_fu_348_p2                                              |     |        | xor_ln759_5                 | xor       | auto                     | 0       |
|     fexp_32ns_32ns_32_19_med_dsp_1_U175                                | 1   |        | tmp_1                       | fexp      | meddsp                   | 18      |
|     fadd_32ns_32ns_32_2_primitive_dsp_1_U159                           | 1   |        | tmpa_2                      | fadd      | primitivedsp             | 1       |
|     frecip_32ns_32ns_32_18_full_dsp_1_U171                             | 8   |        | tmpb_2                      | frecip    | fulldsp                  | 17      |
|     fmul_32ns_32ns_32_3_primitive_dsp_1_U163                           | 1   |        | tmp2                        | fmul      | primitivedsp             | 2       |
|     fmul_32ns_32ns_32_3_primitive_dsp_1_U167                           | 1   |        | mul12_2                     | fmul      | primitivedsp             | 2       |
|     xor_ln759_6_fu_372_p2                                              |     |        | xor_ln759_6                 | xor       | auto                     | 0       |
|     fexp_32ns_32ns_32_19_med_dsp_1_U176                                | 1   |        | tmp_2                       | fexp      | meddsp                   | 18      |
|     fadd_32ns_32ns_32_2_primitive_dsp_1_U160                           | 1   |        | tmpa_3                      | fadd      | primitivedsp             | 1       |
|     frecip_32ns_32ns_32_18_full_dsp_1_U172                             | 8   |        | tmpb_3                      | frecip    | fulldsp                  | 17      |
|     fmul_32ns_32ns_32_3_primitive_dsp_1_U164                           | 1   |        | tmp3                        | fmul      | primitivedsp             | 2       |
|     fmul_32ns_32ns_32_3_primitive_dsp_1_U168                           | 1   |        | mul12_3                     | fmul      | primitivedsp             | 2       |
|  + mha_kernel                                                          | 145 |        |                             |           |                          |         |
|   + mha_init                                                           | 15  |        |                             |           |                          |         |
|    + mm2s_vec_up_float_16ul_4ul_s                                      | 0   |        |                             |           |                          |         |
|      add_ln254_fu_297_p2                                               |     |        | add_ln254                   | add       | fabric                   | 0       |
|      icmp_ln254_fu_303_p2                                              |     |        | icmp_ln254                  | seteq     | auto                     | 0       |
|      add_ln257_fu_317_p2                                               |     |        | add_ln257                   | add       | fabric                   | 0       |
|      select_ln257_fu_413_p3                                            |     |        | select_ln257                | select    | auto_sel                 | 0       |
|      select_ln257_1_fu_420_p3                                          |     |        | select_ln257_1              | select    | auto_sel                 | 0       |
|      select_ln257_2_fu_427_p3                                          |     |        | select_ln257_2              | select    | auto_sel                 | 0       |
|      select_ln257_3_fu_434_p3                                          |     |        | select_ln257_3              | select    | auto_sel                 | 0       |
|      icmp_ln267_fu_335_p2                                              |     |        | icmp_ln267                  | seteq     | auto                     | 0       |
|    + rope_kernel_float_16ul_768_s                                      | 15  |        |                             |           |                          |         |
|      sitofp_32ns_32_5_no_dsp_1_U242                                    |     |        | conv9                       | sitofp    | auto                     | 4       |
|      add_ln714_fu_694_p2                                               |     |        | add_ln714                   | add       | fabric                   | 0       |
|      icmp_ln714_fu_700_p2                                              |     |        | icmp_ln714                  | seteq     | auto                     | 0       |
|      select_ln725_fu_724_p3                                            |     |        | select_ln725                | select    | auto_sel                 | 0       |
|      add_ln714_1_fu_732_p2                                             |     |        | add_ln714_1                 | add       | fabric                   | 0       |
|      select_ln714_fu_738_p3                                            |     |        | select_ln714                | select    | auto_sel                 | 0       |
|      first_iter_0_fu_746_p2                                            |     |        | first_iter_0                | seteq     | auto                     | 0       |
|      fmul_32ns_32ns_32_3_primitive_dsp_1_U241                          | 1   |        | val                         | fmul      | primitivedsp             | 2       |
|      fmul_32ns_32ns_32_3_primitive_dsp_1_U241                          | 1   |        | mul1                        | fmul      | primitivedsp             | 2       |
|      fmsub_32ns_32ns_32ns_32ns_32_4_primitive_dsp_1_U244               | 1   |        | sub                         | fmsub     | primitivedsp             | 3       |
|      fmul_32ns_32ns_32_3_primitive_dsp_1_U241                          | 1   |        | mul3                        | fmul      | primitivedsp             | 2       |
|      fmadd_32ns_32ns_32ns_32ns_32_4_primitive_dsp_1_U243               | 1   |        | add                         | fmadd     | primitivedsp             | 3       |
|      fmul_32ns_32ns_32_3_primitive_dsp_1_U241                          | 1   |        | val_1                       | fmul      | primitivedsp             | 2       |
|      fmul_32ns_32ns_32_3_primitive_dsp_1_U241                          | 1   |        | mul19_1                     | fmul      | primitivedsp             | 2       |
|      fmsub_32ns_32ns_32ns_32ns_32_4_primitive_dsp_1_U244               | 1   |        | sub_s                       | fmsub     | primitivedsp             | 3       |
|      fmul_32ns_32ns_32_3_primitive_dsp_1_U241                          | 1   |        | mul25_1                     | fmul      | primitivedsp             | 2       |
|      fmadd_32ns_32ns_32ns_32ns_32_4_primitive_dsp_1_U243               | 1   |        | add26_s                     | fmadd     | primitivedsp             | 3       |
|      add_ln722_fu_1154_p2                                              |     |        | add_ln722                   | add       | fabric                   | 0       |
|     + generic_sincos_float_s                                           | 12  |        |                             |           |                          |         |
|       closepath_fu_387_p2                                              |     |        | closepath                   | setlt     | auto                     | 0       |
|       Ex_fu_506_p2                                                     |     |        | Ex                          | add       | fabric                   | 0       |
|       select_ln453_fu_556_p3                                           |     |        | select_ln453                | select    | auto_sel                 | 0       |
|       add_ln376_fu_393_p2                                              |     |        | add_ln376                   | add       | fabric                   | 0       |
|       addr_fu_399_p3                                                   |     |        | addr                        | select    | auto_sel                 | 0       |
|       shl_ln379_fu_431_p2                                              |     |        | shl_ln379                   | shl       | auto_pipe                | 0       |
|       mul_80s_24ns_80_5_0_U208                                         | 4   |        | h                           | mul       | auto                     | 4       |
|       k_fu_511_p3                                                      |     |        | k                           | select    | auto_sel                 | 0       |
|       Mx_bits_1_fu_500_p2                                              |     |        | Mx_bits_1                   | sub       | fabric                   | 0       |
|       Mx_bits_3_fu_521_p3                                              |     |        | Mx_bits_3                   | select    | auto_sel                 | 0       |
|       ctlz_30_30_1_0_U209                                              |     |        | Mx_zeros                    | ctlz      | auto                     | 0       |
|       shl_ln504_fu_565_p2                                              |     |        | shl_ln504                   | shl       | auto_pipe                | 0       |
|       Ex_1_fu_573_p2                                                   |     |        | Ex_1                        | sub       | fabric                   | 0       |
|       sub_ln506_fu_587_p2                                              |     |        | sub_ln506                   | sub       | fabric                   | 0       |
|       select_ln506_fu_603_p3                                           |     |        | select_ln506                | select    | auto_sel                 | 0       |
|       lshr_ln506_fu_615_p2                                             |     |        | lshr_ln506                  | lshr      | auto_pipe                | 0       |
|       shl_ln506_fu_621_p2                                              |     |        | shl_ln506                   | shl       | auto_pipe                | 0       |
|       select_ln506_1_fu_627_p3                                         |     |        | select_ln506_1              | select    | auto_sel                 | 0       |
|       mul_15ns_15ns_30_2_0_U210                                        | 1   |        | mul_ln69                    | mul       | auto                     | 1       |
|       mul_22ns_22ns_44_2_0_U211                                        | 1   |        | mul_ln73                    | mul       | auto                     | 1       |
|       mul_15ns_14ns_29_2_0_U212                                        | 1   |        | mul_ln74                    | mul       | auto                     | 1       |
|       conv5_i_i_i369_i_neg_fu_844_p2                                   |     |        | conv5_i_i_i369_i_neg        | sub       | fabric                   | 0       |
|       xor_ln75_fu_887_p2                                               |     |        | xor_ln75                    | xor       | auto                     | 0       |
|       mul_22ns_21s_43_2_0_U213                                         | 1   |        | mul_ln78                    | mul       | auto                     | 1       |
|       mul_15ns_13s_28_2_0_U214                                         | 1   |        | mul_ln79                    | mul       | auto                     | 1       |
|       add_ln80_fu_918_p2                                               |     |        | add_ln80                    | add       | fabric                   | 0       |
|       add_ln80_1_fu_939_p2                                             |     |        | add_ln80_1                  | add       | fabric                   | 0       |
|       mul_29ns_28ns_57_5_0_U207                                        | 3   |        | mul_ln80                    | mul       | auto                     | 4       |
|       ctlz_32_32_1_0_U215                                              |     |        | c                           | ctlz      | auto                     | 0       |
|       in_shift_5_fu_983_p2                                             |     |        | in_shift_5                  | shl       | auto_pipe                | 0       |
|       out_exp_fu_1486_p2                                               |     |        | out_exp                     | xor       | auto                     | 0       |
|       ctlz_32_32_1_0_U219                                              |     |        | c_2                         | ctlz      | auto                     | 0       |
|       ctlz_32_32_1_0_U220                                              |     |        | c_1                         | ctlz      | auto                     | 0       |
|       in_shift_fu_1334_p2                                              |     |        | in_shift                    | shl       | auto_pipe                | 0       |
|       icmp_ln292_fu_1340_p2                                            |     |        | icmp_ln292                  | seteq     | auto                     | 0       |
|       in_shift_4_fu_1371_p2                                            |     |        | in_shift_4                  | shl       | auto_pipe                | 0       |
|       shift_4_fu_1352_p3                                               |     |        | shift_4                     | select    | auto_sel                 | 0       |
|       icmp_ln306_fu_1323_p2                                            |     |        | icmp_ln306                  | seteq     | auto                     | 0       |
|       or_ln306_fu_1399_p2                                              |     |        | or_ln306                    | or        | auto                     | 0       |
|       empty_280_fu_1427_p3                                             |     |        | empty_280                   | select    | auto_sel                 | 0       |
|       sparsemux_33_4_1_1_0_U216                                        |     |        | sin_results_sign            | sparsemux | compactencoding_dontcare | 0       |
|       sparsemux_33_4_1_1_0_U217                                        |     |        | cos_results_sign            | sparsemux | compactencoding_dontcare | 0       |
|       icmp_ln179_fu_464_p2                                             |     |        | icmp_ln179                  | seteq     | auto                     | 0       |
|       icmp_ln179_1_fu_469_p2                                           |     |        | icmp_ln179_1                | seteq     | auto                     | 0       |
|       and_ln179_fu_474_p2                                              |     |        | and_ln179                   | and       | auto                     | 0       |
|       icmp_ln186_fu_551_p2                                             |     |        | icmp_ln186                  | seteq     | auto                     | 0       |
|       xor_ln186_fu_1148_p2                                             |     |        | xor_ln186                   | xor       | auto                     | 0       |
|       sin_results_sign_1_fu_1153_p2                                    |     |        | sin_results_sign_1          | and       | auto                     | 0       |
|       select_ln186_fu_1434_p3                                          |     |        | select_ln186                | select    | auto_sel                 | 0       |
|       or_ln186_fu_1441_p2                                              |     |        | or_ln186                    | or        | auto                     | 0       |
|       sin_results_exp_fu_1446_p3                                       |     |        | sin_results_exp             | select    | auto_sel                 | 0       |
|       select_ln186_2_fu_1454_p3                                        |     |        | select_ln186_2              | select    | auto_sel                 | 0       |
|       sin_results_sig_fu_1461_p3                                       |     |        | sin_results_sig             | select    | auto_sel                 | 0       |
|       cos_results_sign_1_fu_1159_p2                                    |     |        | cos_results_sign_1          | and       | auto                     | 0       |
|       sin_results_sign_2_fu_1165_p3                                    |     |        | sin_results_sign_2          | select    | auto_sel                 | 0       |
|       sin_results_exp_1_fu_1469_p3                                     |     |        | sin_results_exp_1           | select    | auto_sel                 | 0       |
|       sin_results_sig_1_fu_1476_p3                                     |     |        | sin_results_sig_1           | select    | auto_sel                 | 0       |
|       not_and_ln179_fu_1171_p2                                         |     |        | not_and_ln179               | xor       | auto                     | 0       |
|       cos_results_sign_2_fu_1176_p2                                    |     |        | cos_results_sign_2          | and       | auto                     | 0       |
|       cos_results_exp_2_fu_1500_p3                                     |     |        | cos_results_exp_2           | select    | auto_sel                 | 0       |
|       empty_281_fu_1182_p2                                             |     |        | empty_281                   | or        | auto                     | 0       |
|       cos_results_exp_1_fu_1507_p3                                     |     |        | cos_results_exp_1           | select    | auto_sel                 | 0       |
|       cos_results_sig_2_cast_fu_1186_p3                                |     |        | cos_results_sig_2_cast      | select    | auto_sel                 | 0       |
|       cos_results_sig_1_fu_1194_p3                                     |     |        | cos_results_sig_1           | select    | auto_sel                 | 0       |
|       sparsemux_17_3_1_1_0_U218                                        |     |        | tmp_31                      | sparsemux | compactencoding_dontcare | 0       |
|       s_out_1_fu_1537_p3                                               |     |        | s_out_1                     | select    | auto_sel                 | 0       |
|       c_out_1_fu_1544_p3                                               |     |        | c_out_1                     | select    | auto_sel                 | 0       |
|   + mha_kernel_Block_entry_proc                                        | 0   |        |                             |           |                          |         |
|     sub_ln196_fu_54_p2                                                 |     |        | sub_ln196                   | sub       | fabric                   | 0       |
|     add_ln259_fu_60_p2                                                 |     |        | add_ln259                   | add       | fabric                   | 0       |
|   + mha_stream_read_float_16ul_s                                       | 0   |        |                             |           |                          |         |
|     add_ln448_fu_254_p2                                                |     |        | add_ln448                   | add       | fabric                   | 0       |
|    + mha_stream_read_float_16ul_Pipeline_VITIS_LOOP_436_1              | 0   |        |                             |           |                          |         |
|      add_ln436_fu_375_p2                                               |     |        | add_ln436                   | add       | fabric                   | 0       |
|      icmp_ln436_fu_381_p2                                              |     |        | icmp_ln436                  | seteq     | auto                     | 0       |
|    + mha_stream_read_float_16ul_Pipeline_VITIS_LOOP_444_2_fw_mha_new   | 0   |        |                             |           |                          |         |
|      add_ln444_fu_402_p2                                               |     |        | add_ln444                   | add       | fabric                   | 0       |
|      icmp_ln444_fu_408_p2                                              |     |        | icmp_ln444                  | seteq     | auto                     | 0       |
|      icmp_ln446_fu_425_p2                                              |     |        | icmp_ln446                  | seteq     | auto                     | 0       |
|      select_ln444_fu_431_p3                                            |     |        | select_ln444                | select    | auto_sel                 | 0       |
|      add_ln444_1_fu_439_p2                                             |     |        | add_ln444_1                 | add       | fabric                   | 0       |
|      select_ln444_1_fu_445_p3                                          |     |        | select_ln444_1              | select    | auto_sel                 | 0       |
|      first_iter_0_i_fu_453_p2                                          |     |        | first_iter_0_i              | seteq     | auto                     | 0       |
|      add_ln448_fu_486_p2                                               |     |        | add_ln448                   | add       | fabric                   | 0       |
|      add_ln448_1_fu_523_p2                                             |     |        | add_ln448_1                 | add       | fabric                   | 0       |
|      add_ln450_fu_501_p2                                               |     |        | add_ln450                   | add       | fabric                   | 0       |
|      add_ln446_fu_459_p2                                               |     |        | add_ln446                   | add       | fabric                   | 0       |
|      icmp_ln446_1_fu_507_p2                                            |     |        | icmp_ln446_1                | seteq     | auto                     | 0       |
|   + mha_stream_read_float_16ul_9                                       | 0   |        |                             |           |                          |         |
|     add_ln448_fu_254_p2                                                |     |        | add_ln448                   | add       | fabric                   | 0       |
|    + mha_stream_read_float_16ul_9_Pipeline_VITIS_LOOP_436_1            | 0   |        |                             |           |                          |         |
|      add_ln436_fu_375_p2                                               |     |        | add_ln436                   | add       | fabric                   | 0       |
|      icmp_ln436_fu_381_p2                                              |     |        | icmp_ln436                  | seteq     | auto                     | 0       |
|    + mha_stream_read_float_16ul_9_Pipeline_VITIS_LOOP_444_2_fw_mha_new | 0   |        |                             |           |                          |         |
|      add_ln444_fu_402_p2                                               |     |        | add_ln444                   | add       | fabric                   | 0       |
|      icmp_ln444_fu_408_p2                                              |     |        | icmp_ln444                  | seteq     | auto                     | 0       |
|      icmp_ln446_fu_425_p2                                              |     |        | icmp_ln446                  | seteq     | auto                     | 0       |
|      select_ln444_fu_431_p3                                            |     |        | select_ln444                | select    | auto_sel                 | 0       |
|      add_ln444_2_fu_439_p2                                             |     |        | add_ln444_2                 | add       | fabric                   | 0       |
|      select_ln444_2_fu_445_p3                                          |     |        | select_ln444_2              | select    | auto_sel                 | 0       |
|      first_iter_0_i_fu_453_p2                                          |     |        | first_iter_0_i              | seteq     | auto                     | 0       |
|      add_ln448_fu_486_p2                                               |     |        | add_ln448                   | add       | fabric                   | 0       |
|      add_ln448_2_fu_523_p2                                             |     |        | add_ln448_2                 | add       | fabric                   | 0       |
|      add_ln450_fu_501_p2                                               |     |        | add_ln450                   | add       | fabric                   | 0       |
|      add_ln446_fu_459_p2                                               |     |        | add_ln446                   | add       | fabric                   | 0       |
|      icmp_ln446_2_fu_507_p2                                            |     |        | icmp_ln446_2                | seteq     | auto                     | 0       |
|   + mha_DDR_read_float_16ul_s                                          | 0   |        |                             |           |                          |         |
|     icmp_ln469_fu_110_p2                                               |     |        | icmp_ln469                  | setgt     | auto                     | 0       |
|     empty_fu_131_p3                                                    |     |        | empty                       | select    | auto_sel                 | 0       |
|     bound_i_fu_159_p2                                                  |     |        | bound_i                     | sub       | fabric                   | 0       |
|    + mha_DDR_read_float_16ul_Pipeline_VITIS_LOOP_467_1_fw_mha_pos      | 0   |        |                             |           |                          |         |
|      add_ln467_fu_197_p2                                               |     |        | add_ln467                   | add       | fabric                   | 0       |
|      icmp_ln467_fu_203_p2                                              |     |        | icmp_ln467                  | seteq     | auto                     | 0       |
|      icmp_ln469_fu_219_p2                                              |     |        | icmp_ln469                  | setlt     | auto                     | 0       |
|      xor_ln467_fu_224_p2                                               |     |        | xor_ln467                   | xor       | auto                     | 0       |
|      or_ln467_fu_230_p2                                                |     |        | or_ln467                    | or        | auto                     | 0       |
|      add_ln467_1_fu_236_p2                                             |     |        | add_ln467_1                 | add       | fabric                   | 0       |
|      select_ln467_fu_242_p3                                            |     |        | select_ln467                | select    | auto_sel                 | 0       |
|      add_ln472_fu_285_p2                                               |     |        | add_ln472                   | add       | fabric                   | 0       |
|      add_ln472_1_fu_301_p2                                             |     |        | add_ln472_1                 | add       | fabric                   | 0       |
|      add_ln469_fu_250_p2                                               |     |        | add_ln469                   | add       | fabric                   | 0       |
|      select_ln469_fu_256_p3                                            |     |        | select_ln469                | select    | auto_sel                 | 0       |
|   + mha_DDR_read_float_16ul_10                                         | 0   |        |                             |           |                          |         |
|     icmp_ln469_fu_110_p2                                               |     |        | icmp_ln469                  | setgt     | auto                     | 0       |
|     empty_fu_131_p3                                                    |     |        | empty                       | select    | auto_sel                 | 0       |
|     bound_i_fu_159_p2                                                  |     |        | bound_i                     | sub       | fabric                   | 0       |
|    + mha_DDR_read_float_16ul_10_Pipeline_VITIS_LOOP_467_1_fw_mha_pos   | 0   |        |                             |           |                          |         |
|      add_ln467_fu_197_p2                                               |     |        | add_ln467                   | add       | fabric                   | 0       |
|      icmp_ln467_fu_203_p2                                              |     |        | icmp_ln467                  | seteq     | auto                     | 0       |
|      icmp_ln469_fu_219_p2                                              |     |        | icmp_ln469                  | setlt     | auto                     | 0       |
|      xor_ln467_fu_224_p2                                               |     |        | xor_ln467                   | xor       | auto                     | 0       |
|      or_ln467_fu_230_p2                                                |     |        | or_ln467                    | or        | auto                     | 0       |
|      add_ln467_2_fu_236_p2                                             |     |        | add_ln467_2                 | add       | fabric                   | 0       |
|      select_ln467_fu_242_p3                                            |     |        | select_ln467                | select    | auto_sel                 | 0       |
|      add_ln472_fu_285_p2                                               |     |        | add_ln472                   | add       | fabric                   | 0       |
|      add_ln472_2_fu_301_p2                                             |     |        | add_ln472_2                 | add       | fabric                   | 0       |
|      add_ln469_fu_250_p2                                               |     |        | add_ln469                   | add       | fabric                   | 0       |
|      select_ln469_fu_256_p3                                            |     |        | select_ln469                | select    | auto_sel                 | 0       |
|   + mha_interweave_float_16ul_s                                        | 0   |        |                             |           |                          |         |
|     add_ln485_fu_78_p2                                                 |     |        | add_ln485                   | add       | fabric                   | 0       |
|     empty_214_fu_88_p2                                                 |     |        | empty_214                   | setgt     | auto                     | 0       |
|     smax_i_fu_94_p3                                                    |     |        | smax_i                      | select    | auto_sel                 | 0       |
|     sub_ln198_fu_120_p2                                                |     |        | sub_ln198                   | sub       | fabric                   | 0       |
|    + mha_interweave_float_16ul_Pipeline_VITIS_LOOP_483_1_fw_mha_pos    | 0   |        |                             |           |                          |         |
|      add_ln483_fu_134_p2                                               |     |        | add_ln483                   | add       | fabric                   | 0       |
|      icmp_ln485_fu_157_p2                                              |     |        | icmp_ln485                  | setlt     | auto                     | 0       |
|      icmp_ln483_fu_140_p2                                              |     |        | icmp_ln483                  | seteq     | auto                     | 0       |
|      select_ln483_fu_162_p3                                            |     |        | select_ln483                | select    | auto_sel                 | 0       |
|      icmp_ln494_fu_174_p2                                              |     |        | icmp_ln494                  | setlt     | auto                     | 0       |
|      add_ln485_fu_179_p2                                               |     |        | add_ln485                   | add       | fabric                   | 0       |
|      j_14_fu_185_p3                                                    |     |        | j_14                        | select    | auto_sel                 | 0       |
|   + mha_interweave_float_16ul_11                                       | 0   |        |                             |           |                          |         |
|     add_ln485_fu_78_p2                                                 |     |        | add_ln485                   | add       | fabric                   | 0       |
|     empty_213_fu_88_p2                                                 |     |        | empty_213                   | setgt     | auto                     | 0       |
|     smax_i_fu_94_p3                                                    |     |        | smax_i                      | select    | auto_sel                 | 0       |
|     sub_ln198_fu_120_p2                                                |     |        | sub_ln198                   | sub       | fabric                   | 0       |
|    + mha_interweave_float_16ul_11_Pipeline_VITIS_LOOP_483_1_fw_mha_pos | 0   |        |                             |           |                          |         |
|      add_ln483_fu_134_p2                                               |     |        | add_ln483                   | add       | fabric                   | 0       |
|      icmp_ln485_fu_157_p2                                              |     |        | icmp_ln485                  | setlt     | auto                     | 0       |
|      icmp_ln483_fu_140_p2                                              |     |        | icmp_ln483                  | seteq     | auto                     | 0       |
|      select_ln483_fu_162_p3                                            |     |        | select_ln483                | select    | auto_sel                 | 0       |
|      icmp_ln494_fu_174_p2                                              |     |        | icmp_ln494                  | setlt     | auto                     | 0       |
|      add_ln485_fu_179_p2                                               |     |        | add_ln485                   | add       | fabric                   | 0       |
|      j_16_fu_185_p3                                                    |     |        | j_16                        | select    | auto_sel                 | 0       |
|   + mha_iterate                                                        | 25  |        |                             |           |                          |         |
|     i_21_fu_517_p2                                                     |     |        | i_21                        | add       | fabric                   | 0       |
|     icmp_ln69_fu_523_p2                                                |     |        | icmp_ln69                   | seteq     | auto                     | 0       |
|    + mha_iterate_Pipeline_query_loop                                   | 0   |        |                             |           |                          |         |
|      j_12_fu_962_p2                                                    |     |        | j_12                        | add       | fabric                   | 0       |
|      icmp_ln79_fu_968_p2                                               |     |        | icmp_ln79                   | seteq     | auto                     | 0       |
|    + mha_iterate_Pipeline_pos_loop                                     | 25  |        |                             |           |                          |         |
|      k_2_fu_1260_p2                                                    |     |        | k_2                         | add       | fabric                   | 0       |
|      icmp_ln85_fu_1266_p2                                              |     |        | icmp_ln85                   | seteq     | auto                     | 0       |
|      fmul_32ns_32ns_32_3_primitive_dsp_1_U472                          | 1   |        | mul_113_i                   | fmul      | primitivedsp             | 2       |
|      fmul_32ns_32ns_32_3_primitive_dsp_1_U473                          | 1   |        | mul_323_i                   | fmul      | primitivedsp             | 2       |
|      fmul_32ns_32ns_32_3_primitive_dsp_1_U474                          | 1   |        | mul_5_i                     | fmul      | primitivedsp             | 2       |
|      fmul_32ns_32ns_32_3_primitive_dsp_1_U475                          | 1   |        | mul_7_i                     | fmul      | primitivedsp             | 2       |
|      fmul_32ns_32ns_32_3_primitive_dsp_1_U476                          | 1   |        | mul_9_i                     | fmul      | primitivedsp             | 2       |
|      fmul_32ns_32ns_32_3_primitive_dsp_1_U477                          | 1   |        | mul_11_i                    | fmul      | primitivedsp             | 2       |
|      fmul_32ns_32ns_32_3_primitive_dsp_1_U478                          | 1   |        | mul_13_i                    | fmul      | primitivedsp             | 2       |
|      fmul_32ns_32ns_32_3_primitive_dsp_1_U479                          | 1   |        | mul_15_i                    | fmul      | primitivedsp             | 2       |
|      fmul_32ns_32ns_32_3_primitive_dsp_1_U472                          | 1   |        | mul_1_1_i                   | fmul      | primitivedsp             | 2       |
|      fmul_32ns_32ns_32_3_primitive_dsp_1_U473                          | 1   |        | mul_1_3_i                   | fmul      | primitivedsp             | 2       |
|      fmul_32ns_32ns_32_3_primitive_dsp_1_U474                          | 1   |        | mul_1_5_i                   | fmul      | primitivedsp             | 2       |
|      fmul_32ns_32ns_32_3_primitive_dsp_1_U475                          | 1   |        | mul_1_7_i                   | fmul      | primitivedsp             | 2       |
|      fmul_32ns_32ns_32_3_primitive_dsp_1_U476                          | 1   |        | mul_1_9_i                   | fmul      | primitivedsp             | 2       |
|      fmul_32ns_32ns_32_3_primitive_dsp_1_U477                          | 1   |        | mul_1_11_i                  | fmul      | primitivedsp             | 2       |
|      fmul_32ns_32ns_32_3_primitive_dsp_1_U478                          | 1   |        | mul_1_13_i                  | fmul      | primitivedsp             | 2       |
|      fmul_32ns_32ns_32_3_primitive_dsp_1_U479                          | 1   |        | mul_1_15_i                  | fmul      | primitivedsp             | 2       |
|      fmul_32ns_32ns_32_3_primitive_dsp_1_U472                          | 1   |        | mul_2_1_i                   | fmul      | primitivedsp             | 2       |
|      fmul_32ns_32ns_32_3_primitive_dsp_1_U473                          | 1   |        | mul_2_3_i                   | fmul      | primitivedsp             | 2       |
|      fmul_32ns_32ns_32_3_primitive_dsp_1_U474                          | 1   |        | mul_2_5_i                   | fmul      | primitivedsp             | 2       |
|      fmul_32ns_32ns_32_3_primitive_dsp_1_U475                          | 1   |        | mul_2_7_i                   | fmul      | primitivedsp             | 2       |
|      fmul_32ns_32ns_32_3_primitive_dsp_1_U476                          | 1   |        | mul_2_9_i                   | fmul      | primitivedsp             | 2       |
|      fmul_32ns_32ns_32_3_primitive_dsp_1_U477                          | 1   |        | mul_2_11_i                  | fmul      | primitivedsp             | 2       |
|      fmul_32ns_32ns_32_3_primitive_dsp_1_U478                          | 1   |        | mul_2_13_i                  | fmul      | primitivedsp             | 2       |
|      fmul_32ns_32ns_32_3_primitive_dsp_1_U479                          | 1   |        | mul_2_15_i                  | fmul      | primitivedsp             | 2       |
|      fmul_32ns_32ns_32_3_primitive_dsp_1_U472                          | 1   |        | mul_3_1_i                   | fmul      | primitivedsp             | 2       |
|      fmul_32ns_32ns_32_3_primitive_dsp_1_U473                          | 1   |        | mul_3_3_i                   | fmul      | primitivedsp             | 2       |
|      fmul_32ns_32ns_32_3_primitive_dsp_1_U474                          | 1   |        | mul_3_5_i                   | fmul      | primitivedsp             | 2       |
|      fmul_32ns_32ns_32_3_primitive_dsp_1_U475                          | 1   |        | mul_3_7_i                   | fmul      | primitivedsp             | 2       |
|      fmul_32ns_32ns_32_3_primitive_dsp_1_U476                          | 1   |        | mul_3_9_i                   | fmul      | primitivedsp             | 2       |
|      fmul_32ns_32ns_32_3_primitive_dsp_1_U477                          | 1   |        | mul_3_11_i                  | fmul      | primitivedsp             | 2       |
|      fmul_32ns_32ns_32_3_primitive_dsp_1_U478                          | 1   |        | mul_3_13_i                  | fmul      | primitivedsp             | 2       |
|      fmul_32ns_32ns_32_3_primitive_dsp_1_U479                          | 1   |        | mul_3_15_i                  | fmul      | primitivedsp             | 2       |
|      fmadd_32ns_32ns_32ns_32ns_32_4_primitive_dsp_1_U482               | 1   |        | tmp150                      | fmadd     | primitivedsp             | 3       |
|      fmadd_32ns_32ns_32ns_32ns_32_4_primitive_dsp_1_U483               | 1   |        | tmp151                      | fmadd     | primitivedsp             | 3       |
|      fadd_32ns_32ns_32_2_primitive_dsp_1_U464                          | 1   |        | tmp3                        | fadd      | primitivedsp             | 1       |
|      fmadd_32ns_32ns_32ns_32ns_32_4_primitive_dsp_1_U484               | 1   |        | tmp152                      | fmadd     | primitivedsp             | 3       |
|      fmadd_32ns_32ns_32ns_32ns_32_4_primitive_dsp_1_U485               | 1   |        | tmp153                      | fmadd     | primitivedsp             | 3       |
|      fadd_32ns_32ns_32_2_primitive_dsp_1_U465                          | 1   |        | tmp6                        | fadd      | primitivedsp             | 1       |
|      fadd_32ns_32ns_32_2_primitive_dsp_1_U464                          | 1   |        | tmp2                        | fadd      | primitivedsp             | 1       |
|      fmadd_32ns_32ns_32ns_32ns_32_4_primitive_dsp_1_U486               | 1   |        | tmp154                      | fmadd     | primitivedsp             | 3       |
|      fmadd_32ns_32ns_32ns_32ns_32_4_primitive_dsp_1_U487               | 1   |        | tmp155                      | fmadd     | primitivedsp             | 3       |
|      fadd_32ns_32ns_32_2_primitive_dsp_1_U466                          | 1   |        | tmp10                       | fadd      | primitivedsp             | 1       |
|      fmadd_32ns_32ns_32ns_32ns_32_4_primitive_dsp_1_U488               | 1   |        | tmp156                      | fmadd     | primitivedsp             | 3       |
|      fmadd_32ns_32ns_32ns_32ns_32_4_primitive_dsp_1_U489               | 1   |        | tmp157                      | fmadd     | primitivedsp             | 3       |
|      fadd_32ns_32ns_32_2_primitive_dsp_1_U467                          | 1   |        | tmp13                       | fadd      | primitivedsp             | 1       |
|      fadd_32ns_32ns_32_2_primitive_dsp_1_U465                          | 1   |        | tmp9                        | fadd      | primitivedsp             | 1       |
|      fadd_32ns_32ns_32_2_primitive_dsp_1_U468                          | 1   |        | tmp1                        | fadd      | primitivedsp             | 1       |
|      fmadd_32ns_32ns_32ns_32ns_32_4_primitive_dsp_1_U482               | 1   |        | tmp158                      | fmadd     | primitivedsp             | 3       |
|      fmadd_32ns_32ns_32ns_32ns_32_4_primitive_dsp_1_U483               | 1   |        | tmp159                      | fmadd     | primitivedsp             | 3       |
|      fadd_32ns_32ns_32_2_primitive_dsp_1_U464                          | 1   |        | tmp18                       | fadd      | primitivedsp             | 1       |
|      fmadd_32ns_32ns_32ns_32ns_32_4_primitive_dsp_1_U484               | 1   |        | tmp160                      | fmadd     | primitivedsp             | 3       |
|      fmadd_32ns_32ns_32ns_32ns_32_4_primitive_dsp_1_U485               | 1   |        | tmp161                      | fmadd     | primitivedsp             | 3       |
|      fadd_32ns_32ns_32_2_primitive_dsp_1_U465                          | 1   |        | tmp21                       | fadd      | primitivedsp             | 1       |
|      fadd_32ns_32ns_32_2_primitive_dsp_1_U464                          | 1   |        | tmp17                       | fadd      | primitivedsp             | 1       |
|      fmadd_32ns_32ns_32ns_32ns_32_4_primitive_dsp_1_U486               | 1   |        | tmp162                      | fmadd     | primitivedsp             | 3       |
|      fmadd_32ns_32ns_32ns_32ns_32_4_primitive_dsp_1_U487               | 1   |        | tmp163                      | fmadd     | primitivedsp             | 3       |
|      fadd_32ns_32ns_32_2_primitive_dsp_1_U466                          | 1   |        | tmp25                       | fadd      | primitivedsp             | 1       |
|      fmadd_32ns_32ns_32ns_32ns_32_4_primitive_dsp_1_U488               | 1   |        | tmp164                      | fmadd     | primitivedsp             | 3       |
|      fmadd_32ns_32ns_32ns_32ns_32_4_primitive_dsp_1_U489               | 1   |        | tmp165                      | fmadd     | primitivedsp             | 3       |
|      fadd_32ns_32ns_32_2_primitive_dsp_1_U467                          | 1   |        | tmp28                       | fadd      | primitivedsp             | 1       |
|      fadd_32ns_32ns_32_2_primitive_dsp_1_U465                          | 1   |        | tmp24                       | fadd      | primitivedsp             | 1       |
|      fadd_32ns_32ns_32_2_primitive_dsp_1_U468                          | 1   |        | tmp16                       | fadd      | primitivedsp             | 1       |
|      fadd_32ns_32ns_32_2_primitive_dsp_1_U470                          | 1   |        | tmp                         | fadd      | primitivedsp             | 1       |
|      fmadd_32ns_32ns_32ns_32ns_32_4_primitive_dsp_1_U482               | 1   |        | tmp166                      | fmadd     | primitivedsp             | 3       |
|      fmadd_32ns_32ns_32ns_32ns_32_4_primitive_dsp_1_U483               | 1   |        | tmp167                      | fmadd     | primitivedsp             | 3       |
|      fadd_32ns_32ns_32_2_primitive_dsp_1_U466                          | 1   |        | tmp34                       | fadd      | primitivedsp             | 1       |
|      fmadd_32ns_32ns_32ns_32ns_32_4_primitive_dsp_1_U484               | 1   |        | tmp168                      | fmadd     | primitivedsp             | 3       |
|      fmadd_32ns_32ns_32ns_32ns_32_4_primitive_dsp_1_U485               | 1   |        | tmp169                      | fmadd     | primitivedsp             | 3       |
|      fadd_32ns_32ns_32_2_primitive_dsp_1_U467                          | 1   |        | tmp37                       | fadd      | primitivedsp             | 1       |
|      fadd_32ns_32ns_32_2_primitive_dsp_1_U469                          | 1   |        | tmp33                       | fadd      | primitivedsp             | 1       |
|      fmadd_32ns_32ns_32ns_32ns_32_4_primitive_dsp_1_U486               | 1   |        | tmp170                      | fmadd     | primitivedsp             | 3       |
|      fmadd_32ns_32ns_32ns_32ns_32_4_primitive_dsp_1_U487               | 1   |        | tmp171                      | fmadd     | primitivedsp             | 3       |
|      fadd_32ns_32ns_32_2_primitive_dsp_1_U468                          | 1   |        | tmp41                       | fadd      | primitivedsp             | 1       |
|      fmadd_32ns_32ns_32ns_32ns_32_4_primitive_dsp_1_U488               | 1   |        | tmp172                      | fmadd     | primitivedsp             | 3       |
|      fmadd_32ns_32ns_32ns_32ns_32_4_primitive_dsp_1_U489               | 1   |        | tmp173                      | fmadd     | primitivedsp             | 3       |
|      fadd_32ns_32ns_32_2_primitive_dsp_1_U469                          | 1   |        | tmp44                       | fadd      | primitivedsp             | 1       |
|      fadd_32ns_32ns_32_2_primitive_dsp_1_U470                          | 1   |        | tmp40                       | fadd      | primitivedsp             | 1       |
|      fadd_32ns_32ns_32_2_primitive_dsp_1_U470                          | 1   |        | tmp32                       | fadd      | primitivedsp             | 1       |
|      fmadd_32ns_32ns_32ns_32ns_32_4_primitive_dsp_1_U482               | 1   |        | tmp174                      | fmadd     | primitivedsp             | 3       |
|      fmadd_32ns_32ns_32ns_32ns_32_4_primitive_dsp_1_U483               | 1   |        | tmp175                      | fmadd     | primitivedsp             | 3       |
|      fadd_32ns_32ns_32_2_primitive_dsp_1_U466                          | 1   |        | tmp49                       | fadd      | primitivedsp             | 1       |
|      fmadd_32ns_32ns_32ns_32ns_32_4_primitive_dsp_1_U484               | 1   |        | tmp176                      | fmadd     | primitivedsp             | 3       |
|      fmadd_32ns_32ns_32ns_32ns_32_4_primitive_dsp_1_U485               | 1   |        | tmp177                      | fmadd     | primitivedsp             | 3       |
|      fadd_32ns_32ns_32_2_primitive_dsp_1_U467                          | 1   |        | tmp52                       | fadd      | primitivedsp             | 1       |
|      fadd_32ns_32ns_32_2_primitive_dsp_1_U469                          | 1   |        | tmp48                       | fadd      | primitivedsp             | 1       |
|      fmadd_32ns_32ns_32ns_32ns_32_4_primitive_dsp_1_U486               | 1   |        | tmp178                      | fmadd     | primitivedsp             | 3       |
|      fmadd_32ns_32ns_32ns_32ns_32_4_primitive_dsp_1_U487               | 1   |        | tmp179                      | fmadd     | primitivedsp             | 3       |
|      fadd_32ns_32ns_32_2_primitive_dsp_1_U468                          | 1   |        | tmp56                       | fadd      | primitivedsp             | 1       |
|      fmadd_32ns_32ns_32ns_32ns_32_4_primitive_dsp_1_U488               | 1   |        | tmp180                      | fmadd     | primitivedsp             | 3       |
|      fmadd_32ns_32ns_32ns_32ns_32_4_primitive_dsp_1_U489               | 1   |        | tmp181                      | fmadd     | primitivedsp             | 3       |
|      fadd_32ns_32ns_32_2_primitive_dsp_1_U469                          | 1   |        | tmp59                       | fadd      | primitivedsp             | 1       |
|      fadd_32ns_32ns_32_2_primitive_dsp_1_U470                          | 1   |        | tmp55                       | fadd      | primitivedsp             | 1       |
|      fadd_32ns_32ns_32_2_primitive_dsp_1_U471                          | 1   |        | tmp47                       | fadd      | primitivedsp             | 1       |
|      fadd_32ns_32ns_32_2_primitive_dsp_1_U471                          | 1   |        | tmp31                       | fadd      | primitivedsp             | 1       |
|      fadd_32ns_32ns_32_2_primitive_dsp_1_U471                          | 1   |        | att                         | fadd      | primitivedsp             | 1       |
|      fmul_32ns_32ns_32_3_primitive_dsp_1_U480                          | 1   |        | tmp_comp                    | fmul      | primitivedsp             | 2       |
|      fcmp_32ns_32ns_1_1_no_dsp_1_U481                                  |     |        | cmp45_i                     | fcmp      | auto                     | 0       |
|      max_1_fu_1999_p3                                                  |     |        | max_1                       | select    | auto_sel                 | 0       |
|   + mha_softmax                                                        | 13  |        |                             |           |                          |         |
|     ii_8_fu_210_p2                                                     |     |        | ii_8                        | add       | fabric                   | 0       |
|     icmp_ln115_fu_216_p2                                               |     |        | icmp_ln115                  | seteq     | auto                     | 0       |
|     faddfsub_32ns_32ns_32_2_primitive_dsp_1_U582                       | 1   |        | tmp2                        | fadd      | primitivedsp             | 1       |
|     fadd_32ns_32ns_32_2_primitive_dsp_1_U583                           | 1   |        | tmp3                        | fadd      | primitivedsp             | 1       |
|     faddfsub_32ns_32ns_32_2_primitive_dsp_1_U582                       | 1   |        | tmp1                        | fadd      | primitivedsp             | 1       |
|     fadd_32ns_32ns_32_2_primitive_dsp_1_U584                           | 1   |        | tmp5                        | fadd      | primitivedsp             | 1       |
|     fadd_32ns_32ns_32_2_primitive_dsp_1_U585                           | 1   |        | tmp6                        | fadd      | primitivedsp             | 1       |
|     fadd_32ns_32ns_32_2_primitive_dsp_1_U583                           | 1   |        | tmp4                        | fadd      | primitivedsp             | 1       |
|     faddfsub_32ns_32ns_32_2_primitive_dsp_1_U582                       | 1   |        | final_soft_sum              | fadd      | primitivedsp             | 1       |
|     frecip_32ns_32ns_32_18_full_dsp_1_U586                             | 8   |        | inv_soft_sum                | frecip    | fulldsp                  | 17      |
|    + mha_softmax_Pipeline_softmax_exp_loop                             | 1   |        |                             |           |                          |         |
|      i_19_fu_277_p2                                                    |     |        | i_19                        | add       | fabric                   | 0       |
|      icmp_ln122_fu_287_p2                                              |     |        | icmp_ln122                  | setlt     | auto                     | 0       |
|      fexp_32ns_32ns_32_19_med_dsp_1_U567                               | 1   |        | calc                        | fexp      | meddsp                   | 18      |
|      sparsemux_17_3_32_1_1_U568                                        |     |        | tmp                         | sparsemux | compactencoding_dontcare | 0       |
|   + mha_weighted_sum                                                   | 92  |        |                             |           |                          |         |
|     icmp_ln151_fu_618_p2                                               |     |        | icmp_ln151                  | setne     | auto                     | 0       |
|     i_17_fu_632_p2                                                     |     |        | i_17                        | add       | fabric                   | 0       |
|     icmp_ln145_fu_638_p2                                               |     |        | icmp_ln145                  | seteq     | auto                     | 0       |
|     select_ln146_fu_1793_p3                                            |     |        | select_ln146                | select    | auto_sel                 | 0       |
|     select_ln146_1_fu_1799_p3                                          |     |        | select_ln146_1              | select    | auto_sel                 | 0       |
|     select_ln146_2_fu_1805_p3                                          |     |        | select_ln146_2              | select    | auto_sel                 | 0       |
|    + mha_weighted_sum_Pipeline_1                                       | 0   |        |                             |           |                          |         |
|      add_ln146_fu_84_p2                                                |     |        | add_ln146                   | add       | fabric                   | 0       |
|      sel_tmp_fu_90_p2                                                  |     |        | sel_tmp                     | seteq     | auto                     | 0       |
|      sel_tmp1_fu_96_p2                                                 |     |        | sel_tmp1                    | seteq     | auto                     | 0       |
|      sel_tmp2_fu_102_p2                                                |     |        | sel_tmp2                    | or        | auto                     | 0       |
|      xb_arr_5_out                                                      |     |        | xb_arr_5                    | select    | auto_sel                 | 0       |
|      xb_arr_4_out                                                      |     |        | xb_arr_4                    | select    | auto_sel                 | 0       |
|      xb_arr_3_out                                                      |     |        | xb_arr_3                    | select    | auto_sel                 | 0       |
|      icmp_ln146_fu_135_p2                                              |     |        | icmp_ln146                  | seteq     | auto                     | 0       |
|    + mha_weighted_sum_Pipeline_mha_pos                                 | 76  |        |                             |           |                          |         |
|      fadd_32ns_32ns_32_2_primitive_dsp_1_U597                          | 1   |        | tmp                         | fadd      | primitivedsp             | 1       |
|      fadd_32ns_32ns_32_2_primitive_dsp_1_U598                          | 1   |        | tmp_42                      | fadd      | primitivedsp             | 1       |
|      fadd_32ns_32ns_32_2_primitive_dsp_1_U597                          | 1   |        | tmp_43                      | fadd      | primitivedsp             | 1       |
|      fadd_32ns_32ns_32_2_primitive_dsp_1_U598                          | 1   |        | tmp_44                      | fadd      | primitivedsp             | 1       |
|      fadd_32ns_32ns_32_2_primitive_dsp_1_U599                          | 1   |        | tmp_45                      | fadd      | primitivedsp             | 1       |
|      fadd_32ns_32ns_32_2_primitive_dsp_1_U600                          | 1   |        | tmp_46                      | fadd      | primitivedsp             | 1       |
|      fadd_32ns_32ns_32_2_primitive_dsp_1_U601                          | 1   |        | tmp_47                      | fadd      | primitivedsp             | 1       |
|      fadd_32ns_32ns_32_2_primitive_dsp_1_U602                          | 1   |        | tmp_48                      | fadd      | primitivedsp             | 1       |
|      fadd_32ns_32ns_32_2_primitive_dsp_1_U603                          | 1   |        | tmp_49                      | fadd      | primitivedsp             | 1       |
|      fadd_32ns_32ns_32_2_primitive_dsp_1_U604                          | 1   |        | tmp_50                      | fadd      | primitivedsp             | 1       |
|      fadd_32ns_32ns_32_2_primitive_dsp_1_U605                          | 1   |        | tmp_51                      | fadd      | primitivedsp             | 1       |
|      fadd_32ns_32ns_32_2_primitive_dsp_1_U606                          | 1   |        | tmp_52                      | fadd      | primitivedsp             | 1       |
|      fadd_32ns_32ns_32_2_primitive_dsp_1_U607                          | 1   |        | tmp_53                      | fadd      | primitivedsp             | 1       |
|      fadd_32ns_32ns_32_2_primitive_dsp_1_U608                          | 1   |        | tmp_54                      | fadd      | primitivedsp             | 1       |
|      fadd_32ns_32ns_32_2_primitive_dsp_1_U597                          | 1   |        | tmp_55                      | fadd      | primitivedsp             | 1       |
|      fadd_32ns_32ns_32_2_primitive_dsp_1_U598                          | 1   |        | tmp_56                      | fadd      | primitivedsp             | 1       |
|      fadd_32ns_32ns_32_2_primitive_dsp_1_U599                          | 1   |        | tmp_57                      | fadd      | primitivedsp             | 1       |
|      fadd_32ns_32ns_32_2_primitive_dsp_1_U600                          | 1   |        | tmp_58                      | fadd      | primitivedsp             | 1       |
|      fadd_32ns_32ns_32_2_primitive_dsp_1_U601                          | 1   |        | tmp_59                      | fadd      | primitivedsp             | 1       |
|      fadd_32ns_32ns_32_2_primitive_dsp_1_U602                          | 1   |        | tmp_60                      | fadd      | primitivedsp             | 1       |
|      fadd_32ns_32ns_32_2_primitive_dsp_1_U603                          | 1   |        | tmp_61                      | fadd      | primitivedsp             | 1       |
|      fadd_32ns_32ns_32_2_primitive_dsp_1_U604                          | 1   |        | tmp_62                      | fadd      | primitivedsp             | 1       |
|      fadd_32ns_32ns_32_2_primitive_dsp_1_U605                          | 1   |        | tmp_63                      | fadd      | primitivedsp             | 1       |
|      fadd_32ns_32ns_32_2_primitive_dsp_1_U606                          | 1   |        | tmp_64                      | fadd      | primitivedsp             | 1       |
|      fadd_32ns_32ns_32_2_primitive_dsp_1_U607                          | 1   |        | tmp_65                      | fadd      | primitivedsp             | 1       |
|      fadd_32ns_32ns_32_2_primitive_dsp_1_U608                          | 1   |        | tmp_66                      | fadd      | primitivedsp             | 1       |
|      fadd_32ns_32ns_32_2_primitive_dsp_1_U599                          | 1   |        | tmp_67                      | fadd      | primitivedsp             | 1       |
|      fadd_32ns_32ns_32_2_primitive_dsp_1_U600                          | 1   |        | tmp_68                      | fadd      | primitivedsp             | 1       |
|      fadd_32ns_32ns_32_2_primitive_dsp_1_U601                          | 1   |        | tmp_69                      | fadd      | primitivedsp             | 1       |
|      fadd_32ns_32ns_32_2_primitive_dsp_1_U602                          | 1   |        | tmp_70                      | fadd      | primitivedsp             | 1       |
|      fadd_32ns_32ns_32_2_primitive_dsp_1_U603                          | 1   |        | tmp_71                      | fadd      | primitivedsp             | 1       |
|      fadd_32ns_32ns_32_2_primitive_dsp_1_U604                          | 1   |        | tmp_72                      | fadd      | primitivedsp             | 1       |
|      fadd_32ns_32ns_32_2_primitive_dsp_1_U605                          | 1   |        | tmp_73                      | fadd      | primitivedsp             | 1       |
|      fadd_32ns_32ns_32_2_primitive_dsp_1_U606                          | 1   |        | tmp_74                      | fadd      | primitivedsp             | 1       |
|      fadd_32ns_32ns_32_2_primitive_dsp_1_U607                          | 1   |        | tmp_75                      | fadd      | primitivedsp             | 1       |
|      fadd_32ns_32ns_32_2_primitive_dsp_1_U608                          | 1   |        | tmp_76                      | fadd      | primitivedsp             | 1       |
|      fadd_32ns_32ns_32_2_primitive_dsp_1_U597                          | 1   |        | tmp_77                      | fadd      | primitivedsp             | 1       |
|      fadd_32ns_32ns_32_2_primitive_dsp_1_U598                          | 1   |        | tmp_78                      | fadd      | primitivedsp             | 1       |
|      fadd_32ns_32ns_32_2_primitive_dsp_1_U599                          | 1   |        | tmp_79                      | fadd      | primitivedsp             | 1       |
|      fadd_32ns_32ns_32_2_primitive_dsp_1_U600                          | 1   |        | tmp_80                      | fadd      | primitivedsp             | 1       |
|      fadd_32ns_32ns_32_2_primitive_dsp_1_U601                          | 1   |        | tmp_81                      | fadd      | primitivedsp             | 1       |
|      fadd_32ns_32ns_32_2_primitive_dsp_1_U602                          | 1   |        | tmp_82                      | fadd      | primitivedsp             | 1       |
|      fadd_32ns_32ns_32_2_primitive_dsp_1_U603                          | 1   |        | tmp_83                      | fadd      | primitivedsp             | 1       |
|      fadd_32ns_32ns_32_2_primitive_dsp_1_U604                          | 1   |        | tmp_84                      | fadd      | primitivedsp             | 1       |
|      fadd_32ns_32ns_32_2_primitive_dsp_1_U605                          | 1   |        | tmp_85                      | fadd      | primitivedsp             | 1       |
|      t_19_fu_1989_p2                                                   |     |        | t_19                        | add       | fabric                   | 0       |
|      icmp_ln151_fu_1995_p2                                             |     |        | icmp_ln151                  | seteq     | auto                     | 0       |
|      grp_fu_1545_p2                                                    |     |        | icmp_ln157                  | seteq     | auto                     | 0       |
|      fmacc_32ns_32ns_32ns_1ns_32_4_primitive_dsp_1_U609                | 1   |        | tmp_86                      | fmacc     | primitivedsp             | 3       |
|      grp_fu_1549_p2                                                    |     |        | icmp_ln157_1                | seteq     | auto                     | 0       |
|      fmacc_32ns_32ns_32ns_1ns_32_4_primitive_dsp_1_U610                | 1   |        | tmp_87                      | fmacc     | primitivedsp             | 3       |
|      grp_fu_1553_p2                                                    |     |        | icmp_ln157_2                | seteq     | auto                     | 0       |
|      fmacc_32ns_32ns_32ns_1ns_32_4_primitive_dsp_1_U611                | 1   |        | tmp_88                      | fmacc     | primitivedsp             | 3       |
|      grp_fu_1557_p2                                                    |     |        | icmp_ln157_3                | seteq     | auto                     | 0       |
|      fmacc_32ns_32ns_32ns_1ns_32_4_primitive_dsp_1_U612                | 1   |        | tmp_89                      | fmacc     | primitivedsp             | 3       |
|      grp_fu_1561_p2                                                    |     |        | icmp_ln157_4                | seteq     | auto                     | 0       |
|      fmacc_32ns_32ns_32ns_1ns_32_4_primitive_dsp_1_U613                | 1   |        | tmp_90                      | fmacc     | primitivedsp             | 3       |
|      grp_fu_1565_p2                                                    |     |        | icmp_ln157_5                | seteq     | auto                     | 0       |
|      fmacc_32ns_32ns_32ns_1ns_32_4_primitive_dsp_1_U614                | 1   |        | tmp_91                      | fmacc     | primitivedsp             | 3       |
|      grp_fu_1569_p2                                                    |     |        | icmp_ln157_6                | seteq     | auto                     | 0       |
|      fmacc_32ns_32ns_32ns_1ns_32_4_primitive_dsp_1_U615                | 1   |        | tmp_92                      | fmacc     | primitivedsp             | 3       |
|      grp_fu_1573_p2                                                    |     |        | icmp_ln157_7                | seteq     | auto                     | 0       |
|      fmacc_32ns_32ns_32ns_1ns_32_4_primitive_dsp_1_U616                | 1   |        | tmp_93                      | fmacc     | primitivedsp             | 3       |
|      grp_fu_1577_p2                                                    |     |        | icmp_ln157_8                | seteq     | auto                     | 0       |
|      fmacc_32ns_32ns_32ns_1ns_32_4_primitive_dsp_1_U617                | 1   |        | tmp_94                      | fmacc     | primitivedsp             | 3       |
|      grp_fu_1581_p2                                                    |     |        | icmp_ln157_9                | seteq     | auto                     | 0       |
|      fmacc_32ns_32ns_32ns_1ns_32_4_primitive_dsp_1_U618                | 1   |        | tmp_95                      | fmacc     | primitivedsp             | 3       |
|      grp_fu_1585_p2                                                    |     |        | icmp_ln157_10               | seteq     | auto                     | 0       |
|      fmacc_32ns_32ns_32ns_1ns_32_4_primitive_dsp_1_U619                | 1   |        | tmp_96                      | fmacc     | primitivedsp             | 3       |
|      grp_fu_1589_p2                                                    |     |        | icmp_ln157_11               | seteq     | auto                     | 0       |
|      fmacc_32ns_32ns_32ns_1ns_32_4_primitive_dsp_1_U620                | 1   |        | tmp_97                      | fmacc     | primitivedsp             | 3       |
|      grp_fu_1593_p2                                                    |     |        | icmp_ln157_12               | seteq     | auto                     | 0       |
|      fmacc_32ns_32ns_32ns_1ns_32_4_primitive_dsp_1_U621                | 1   |        | tmp_98                      | fmacc     | primitivedsp             | 3       |
|      icmp_ln157_13_fu_2009_p2                                          |     |        | icmp_ln157_13               | seteq     | auto                     | 0       |
|      fmacc_32ns_32ns_32ns_1ns_32_4_primitive_dsp_1_U622                | 1   |        | tmp_99                      | fmacc     | primitivedsp             | 3       |
|      icmp_ln157_14_fu_2013_p2                                          |     |        | icmp_ln157_14               | seteq     | auto                     | 0       |
|      fmacc_32ns_32ns_32ns_1ns_32_4_primitive_dsp_1_U623                | 1   |        | tmp_100                     | fmacc     | primitivedsp             | 3       |
|      icmp_ln157_15_fu_2017_p2                                          |     |        | icmp_ln157_15               | seteq     | auto                     | 0       |
|      fmacc_32ns_32ns_32ns_1ns_32_4_primitive_dsp_1_U624                | 1   |        | tmp_101                     | fmacc     | primitivedsp             | 3       |
|      grp_fu_1545_p2                                                    |     |        | icmp_ln157_16               | seteq     | auto                     | 0       |
|      fmacc_32ns_32ns_32ns_1ns_32_4_primitive_dsp_1_U625                | 1   |        | tmp_102                     | fmacc     | primitivedsp             | 3       |
|      grp_fu_1549_p2                                                    |     |        | icmp_ln157_17               | seteq     | auto                     | 0       |
|      fmacc_32ns_32ns_32ns_1ns_32_4_primitive_dsp_1_U626                | 1   |        | tmp_103                     | fmacc     | primitivedsp             | 3       |
|      grp_fu_1553_p2                                                    |     |        | icmp_ln157_18               | seteq     | auto                     | 0       |
|      fmacc_32ns_32ns_32ns_1ns_32_4_primitive_dsp_1_U627                | 1   |        | tmp_104                     | fmacc     | primitivedsp             | 3       |
|      grp_fu_1557_p2                                                    |     |        | icmp_ln157_19               | seteq     | auto                     | 0       |
|      fmacc_32ns_32ns_32ns_1ns_32_4_primitive_dsp_1_U628                | 1   |        | tmp_105                     | fmacc     | primitivedsp             | 3       |
|      grp_fu_1561_p2                                                    |     |        | icmp_ln157_20               | seteq     | auto                     | 0       |
|      fmacc_32ns_32ns_32ns_1ns_32_4_primitive_dsp_1_U629                | 1   |        | tmp_106                     | fmacc     | primitivedsp             | 3       |
|      grp_fu_1565_p2                                                    |     |        | icmp_ln157_21               | seteq     | auto                     | 0       |
|      fmacc_32ns_32ns_32ns_1ns_32_4_primitive_dsp_1_U630                | 1   |        | tmp_107                     | fmacc     | primitivedsp             | 3       |
|      grp_fu_1569_p2                                                    |     |        | icmp_ln157_22               | seteq     | auto                     | 0       |
|      fmacc_32ns_32ns_32ns_1ns_32_4_primitive_dsp_1_U631                | 1   |        | tmp_108                     | fmacc     | primitivedsp             | 3       |
|      grp_fu_1573_p2                                                    |     |        | icmp_ln157_23               | seteq     | auto                     | 0       |
|      fmacc_32ns_32ns_32ns_1ns_32_4_primitive_dsp_1_U632                | 1   |        | tmp_109                     | fmacc     | primitivedsp             | 3       |
|      grp_fu_1577_p2                                                    |     |        | icmp_ln157_24               | seteq     | auto                     | 0       |
|      fmacc_32ns_32ns_32ns_1ns_32_4_primitive_dsp_1_U633                | 1   |        | tmp_110                     | fmacc     | primitivedsp             | 3       |
|      grp_fu_1581_p2                                                    |     |        | icmp_ln157_25               | seteq     | auto                     | 0       |
|      fmacc_32ns_32ns_32ns_1ns_32_4_primitive_dsp_1_U634                | 1   |        | tmp_111                     | fmacc     | primitivedsp             | 3       |
|      grp_fu_1585_p2                                                    |     |        | icmp_ln157_26               | seteq     | auto                     | 0       |
|      fmacc_32ns_32ns_32ns_1ns_32_4_primitive_dsp_1_U635                | 1   |        | tmp_112                     | fmacc     | primitivedsp             | 3       |
|      grp_fu_1589_p2                                                    |     |        | icmp_ln157_27               | seteq     | auto                     | 0       |
|      fmacc_32ns_32ns_32ns_1ns_32_4_primitive_dsp_1_U636                | 1   |        | tmp_113                     | fmacc     | primitivedsp             | 3       |
|      grp_fu_1593_p2                                                    |     |        | icmp_ln157_28               | seteq     | auto                     | 0       |
|      fmacc_32ns_32ns_32ns_1ns_32_4_primitive_dsp_1_U637                | 1   |        | tmp_114                     | fmacc     | primitivedsp             | 3       |
|      icmp_ln157_29_fu_2512_p2                                          |     |        | icmp_ln157_29               | seteq     | auto                     | 0       |
|      fmacc_32ns_32ns_32ns_1ns_32_4_primitive_dsp_1_U638                | 1   |        | tmp_115                     | fmacc     | primitivedsp             | 3       |
|      icmp_ln157_30_fu_2516_p2                                          |     |        | icmp_ln157_30               | seteq     | auto                     | 0       |
|      fmacc_32ns_32ns_32ns_1ns_32_4_primitive_dsp_1_U639                | 1   |        | tmp_116                     | fmacc     | primitivedsp             | 3       |
|      icmp_ln157_31_fu_2520_p2                                          |     |        | icmp_ln157_31               | seteq     | auto                     | 0       |
|      fmacc_32ns_32ns_32ns_1ns_32_4_primitive_dsp_1_U640                | 1   |        | tmp_117                     | fmacc     | primitivedsp             | 3       |
|      icmp_ln157_32_fu_2528_p2                                          |     |        | icmp_ln157_32               | seteq     | auto                     | 0       |
|      fmacc_32ns_32ns_32ns_1ns_32_4_primitive_dsp_1_U641                | 1   |        | tmp_118                     | fmacc     | primitivedsp             | 3       |
|      icmp_ln157_33_fu_2532_p2                                          |     |        | icmp_ln157_33               | seteq     | auto                     | 0       |
|      fmacc_32ns_32ns_32ns_1ns_32_4_primitive_dsp_1_U642                | 1   |        | tmp_119                     | fmacc     | primitivedsp             | 3       |
|      icmp_ln157_34_fu_2536_p2                                          |     |        | icmp_ln157_34               | seteq     | auto                     | 0       |
|      fmacc_32ns_32ns_32ns_1ns_32_4_primitive_dsp_1_U643                | 1   |        | tmp_120                     | fmacc     | primitivedsp             | 3       |
|      icmp_ln157_35_fu_2540_p2                                          |     |        | icmp_ln157_35               | seteq     | auto                     | 0       |
|      fmacc_32ns_32ns_32ns_1ns_32_4_primitive_dsp_1_U644                | 1   |        | tmp_121                     | fmacc     | primitivedsp             | 3       |
|      icmp_ln157_36_fu_2544_p2                                          |     |        | icmp_ln157_36               | seteq     | auto                     | 0       |
|      fmacc_32ns_32ns_32ns_1ns_32_4_primitive_dsp_1_U645                | 1   |        | tmp_122                     | fmacc     | primitivedsp             | 3       |
|      icmp_ln157_37_fu_2548_p2                                          |     |        | icmp_ln157_37               | seteq     | auto                     | 0       |
|      fmacc_32ns_32ns_32ns_1ns_32_4_primitive_dsp_1_U646                | 1   |        | tmp_123                     | fmacc     | primitivedsp             | 3       |
|      icmp_ln157_38_fu_2552_p2                                          |     |        | icmp_ln157_38               | seteq     | auto                     | 0       |
|      fmacc_32ns_32ns_32ns_1ns_32_4_primitive_dsp_1_U647                | 1   |        | tmp_124                     | fmacc     | primitivedsp             | 3       |
|      icmp_ln157_39_fu_2556_p2                                          |     |        | icmp_ln157_39               | seteq     | auto                     | 0       |
|      fmacc_32ns_32ns_32ns_1ns_32_4_primitive_dsp_1_U648                | 1   |        | tmp_125                     | fmacc     | primitivedsp             | 3       |
|      icmp_ln157_40_fu_2560_p2                                          |     |        | icmp_ln157_40               | seteq     | auto                     | 0       |
|      fmacc_32ns_32ns_32ns_1ns_32_4_primitive_dsp_1_U649                | 1   |        | tmp_126                     | fmacc     | primitivedsp             | 3       |
|      icmp_ln157_41_fu_2564_p2                                          |     |        | icmp_ln157_41               | seteq     | auto                     | 0       |
|      fmacc_32ns_32ns_32ns_1ns_32_4_primitive_dsp_1_U650                | 1   |        | tmp_127                     | fmacc     | primitivedsp             | 3       |
|      icmp_ln157_42_fu_2568_p2                                          |     |        | icmp_ln157_42               | seteq     | auto                     | 0       |
|      fmacc_32ns_32ns_32ns_1ns_32_4_primitive_dsp_1_U651                | 1   |        | tmp_128                     | fmacc     | primitivedsp             | 3       |
|      icmp_ln157_43_fu_2572_p2                                          |     |        | icmp_ln157_43               | seteq     | auto                     | 0       |
|      fmacc_32ns_32ns_32ns_1ns_32_4_primitive_dsp_1_U652                | 1   |        | tmp_129                     | fmacc     | primitivedsp             | 3       |
|      icmp_ln157_44_fu_2576_p2                                          |     |        | icmp_ln157_44               | seteq     | auto                     | 0       |
|      fmacc_32ns_32ns_32ns_1ns_32_4_primitive_dsp_1_U653                | 1   |        | tmp_130                     | fmacc     | primitivedsp             | 3       |
|      icmp_ln157_45_fu_2580_p2                                          |     |        | icmp_ln157_45               | seteq     | auto                     | 0       |
|      fmacc_32ns_32ns_32ns_1ns_32_4_primitive_dsp_1_U654                | 1   |        | tmp_131                     | fmacc     | primitivedsp             | 3       |
|      icmp_ln157_46_fu_2584_p2                                          |     |        | icmp_ln157_46               | seteq     | auto                     | 0       |
|      fmacc_32ns_32ns_32ns_1ns_32_4_primitive_dsp_1_U655                | 1   |        | tmp_132                     | fmacc     | primitivedsp             | 3       |
|      icmp_ln157_47_fu_2588_p2                                          |     |        | icmp_ln157_47               | seteq     | auto                     | 0       |
|      fmacc_32ns_32ns_32ns_1ns_32_4_primitive_dsp_1_U656                | 1   |        | tmp_133                     | fmacc     | primitivedsp             | 3       |
|      icmp_ln157_48_fu_2592_p2                                          |     |        | icmp_ln157_48               | seteq     | auto                     | 0       |
|      fmacc_32ns_32ns_32ns_1ns_32_4_primitive_dsp_1_U657                | 1   |        | tmp_134                     | fmacc     | primitivedsp             | 3       |
|      icmp_ln157_49_fu_2596_p2                                          |     |        | icmp_ln157_49               | seteq     | auto                     | 0       |
|      fmacc_32ns_32ns_32ns_1ns_32_4_primitive_dsp_1_U658                | 1   |        | tmp_135                     | fmacc     | primitivedsp             | 3       |
|      icmp_ln157_50_fu_2600_p2                                          |     |        | icmp_ln157_50               | seteq     | auto                     | 0       |
|      fmacc_32ns_32ns_32ns_1ns_32_4_primitive_dsp_1_U659                | 1   |        | tmp_136                     | fmacc     | primitivedsp             | 3       |
|      icmp_ln157_51_fu_2604_p2                                          |     |        | icmp_ln157_51               | seteq     | auto                     | 0       |
|      fmacc_32ns_32ns_32ns_1ns_32_4_primitive_dsp_1_U660                | 1   |        | tmp_137                     | fmacc     | primitivedsp             | 3       |
|      icmp_ln157_52_fu_2608_p2                                          |     |        | icmp_ln157_52               | seteq     | auto                     | 0       |
|      fmacc_32ns_32ns_32ns_1ns_32_4_primitive_dsp_1_U661                | 1   |        | tmp_138                     | fmacc     | primitivedsp             | 3       |
|      icmp_ln157_53_fu_2612_p2                                          |     |        | icmp_ln157_53               | seteq     | auto                     | 0       |
|      fmacc_32ns_32ns_32ns_1ns_32_4_primitive_dsp_1_U662                | 1   |        | tmp_139                     | fmacc     | primitivedsp             | 3       |
|      icmp_ln157_54_fu_2616_p2                                          |     |        | icmp_ln157_54               | seteq     | auto                     | 0       |
|      fmacc_32ns_32ns_32ns_1ns_32_4_primitive_dsp_1_U663                | 1   |        | tmp_140                     | fmacc     | primitivedsp             | 3       |
|      icmp_ln157_55_fu_2620_p2                                          |     |        | icmp_ln157_55               | seteq     | auto                     | 0       |
|      fmacc_32ns_32ns_32ns_1ns_32_4_primitive_dsp_1_U664                | 1   |        | tmp_141                     | fmacc     | primitivedsp             | 3       |
|      icmp_ln157_56_fu_2624_p2                                          |     |        | icmp_ln157_56               | seteq     | auto                     | 0       |
|      fmacc_32ns_32ns_32ns_1ns_32_4_primitive_dsp_1_U665                | 1   |        | tmp_142                     | fmacc     | primitivedsp             | 3       |
|      icmp_ln157_57_fu_2628_p2                                          |     |        | icmp_ln157_57               | seteq     | auto                     | 0       |
|      fmacc_32ns_32ns_32ns_1ns_32_4_primitive_dsp_1_U666                | 1   |        | tmp_143                     | fmacc     | primitivedsp             | 3       |
|      icmp_ln157_58_fu_2632_p2                                          |     |        | icmp_ln157_58               | seteq     | auto                     | 0       |
|      fmacc_32ns_32ns_32ns_1ns_32_4_primitive_dsp_1_U667                | 1   |        | tmp_144                     | fmacc     | primitivedsp             | 3       |
|      icmp_ln157_59_fu_2636_p2                                          |     |        | icmp_ln157_59               | seteq     | auto                     | 0       |
|      fmacc_32ns_32ns_32ns_1ns_32_4_primitive_dsp_1_U668                | 1   |        | tmp_145                     | fmacc     | primitivedsp             | 3       |
|      icmp_ln157_60_fu_2640_p2                                          |     |        | icmp_ln157_60               | seteq     | auto                     | 0       |
|      fmacc_32ns_32ns_32ns_1ns_32_4_primitive_dsp_1_U669                | 1   |        | tmp_146                     | fmacc     | primitivedsp             | 3       |
|      icmp_ln157_61_fu_2644_p2                                          |     |        | icmp_ln157_61               | seteq     | auto                     | 0       |
|      fmacc_32ns_32ns_32ns_1ns_32_4_primitive_dsp_1_U670                | 1   |        | tmp_147                     | fmacc     | primitivedsp             | 3       |
|      icmp_ln157_62_fu_2648_p2                                          |     |        | icmp_ln157_62               | seteq     | auto                     | 0       |
|      fmacc_32ns_32ns_32ns_1ns_32_4_primitive_dsp_1_U671                | 1   |        | tmp_148                     | fmacc     | primitivedsp             | 3       |
|      icmp_ln157_63_fu_2652_p2                                          |     |        | icmp_ln157_63               | seteq     | auto                     | 0       |
|      fmacc_32ns_32ns_32ns_1ns_32_4_primitive_dsp_1_U672                | 1   |        | tmp_149                     | fmacc     | primitivedsp             | 3       |
|    + mha_weighted_sum_Pipeline_mha_ws_stream_out_xb                    | 16  |        |                             |           |                          |         |
|      add_ln163_fu_651_p2                                               |     |        | add_ln163                   | add       | fabric                   | 0       |
|      icmp_ln163_fu_657_p2                                              |     |        | icmp_ln163                  | seteq     | auto                     | 0       |
|      sparsemux_9_2_32_1_1_U802                                         |     |        | tmp_s                       | sparsemux | compactencoding_dontcare | 0       |
|      sparsemux_9_2_32_1_1_U803                                         |     |        | tmp_13                      | sparsemux | compactencoding_dontcare | 0       |
|      sparsemux_9_2_32_1_1_U804                                         |     |        | tmp_14                      | sparsemux | compactencoding_dontcare | 0       |
|      sparsemux_9_2_32_1_1_U805                                         |     |        | tmp_15                      | sparsemux | compactencoding_dontcare | 0       |
|      sparsemux_9_2_32_1_1_U806                                         |     |        | tmp_16                      | sparsemux | compactencoding_dontcare | 0       |
|      sparsemux_9_2_32_1_1_U807                                         |     |        | tmp_17                      | sparsemux | compactencoding_dontcare | 0       |
|      sparsemux_9_2_32_1_1_U808                                         |     |        | tmp_18                      | sparsemux | compactencoding_dontcare | 0       |
|      sparsemux_9_2_32_1_1_U809                                         |     |        | tmp_19                      | sparsemux | compactencoding_dontcare | 0       |
|      sparsemux_9_2_32_1_1_U810                                         |     |        | tmp_20                      | sparsemux | compactencoding_dontcare | 0       |
|      sparsemux_9_2_32_1_1_U811                                         |     |        | tmp_21                      | sparsemux | compactencoding_dontcare | 0       |
|      sparsemux_9_2_32_1_1_U812                                         |     |        | tmp_22                      | sparsemux | compactencoding_dontcare | 0       |
|      sparsemux_9_2_32_1_1_U813                                         |     |        | tmp_23                      | sparsemux | compactencoding_dontcare | 0       |
|      sparsemux_9_2_32_1_1_U814                                         |     |        | tmp_24                      | sparsemux | compactencoding_dontcare | 0       |
|      sparsemux_9_2_32_1_1_U815                                         |     |        | tmp_25                      | sparsemux | compactencoding_dontcare | 0       |
|      sparsemux_9_2_32_1_1_U816                                         |     |        | tmp_26                      | sparsemux | compactencoding_dontcare | 0       |
|      sparsemux_9_2_32_1_1_U817                                         |     |        | tmp_27                      | sparsemux | compactencoding_dontcare | 0       |
|      fmul_32ns_32ns_32_3_primitive_dsp_1_U786                          | 1   |        | mul_i_i_i                   | fmul      | primitivedsp             | 2       |
|      fmul_32ns_32ns_32_3_primitive_dsp_1_U787                          | 1   |        | mul_i_i_1_i                 | fmul      | primitivedsp             | 2       |
|      fmul_32ns_32ns_32_3_primitive_dsp_1_U788                          | 1   |        | mul_i_i_2_i                 | fmul      | primitivedsp             | 2       |
|      fmul_32ns_32ns_32_3_primitive_dsp_1_U789                          | 1   |        | mul_i_i_3_i                 | fmul      | primitivedsp             | 2       |
|      fmul_32ns_32ns_32_3_primitive_dsp_1_U790                          | 1   |        | mul_i_i_4_i                 | fmul      | primitivedsp             | 2       |
|      fmul_32ns_32ns_32_3_primitive_dsp_1_U791                          | 1   |        | mul_i_i_5_i                 | fmul      | primitivedsp             | 2       |
|      fmul_32ns_32ns_32_3_primitive_dsp_1_U792                          | 1   |        | mul_i_i_6_i                 | fmul      | primitivedsp             | 2       |
|      fmul_32ns_32ns_32_3_primitive_dsp_1_U793                          | 1   |        | mul_i_i_7_i                 | fmul      | primitivedsp             | 2       |
|      fmul_32ns_32ns_32_3_primitive_dsp_1_U794                          | 1   |        | mul_i_i_8_i                 | fmul      | primitivedsp             | 2       |
|      fmul_32ns_32ns_32_3_primitive_dsp_1_U795                          | 1   |        | mul_i_i_9_i                 | fmul      | primitivedsp             | 2       |
|      fmul_32ns_32ns_32_3_primitive_dsp_1_U796                          | 1   |        | mul_i_i_10_i                | fmul      | primitivedsp             | 2       |
|      fmul_32ns_32ns_32_3_primitive_dsp_1_U797                          | 1   |        | mul_i_i_11_i                | fmul      | primitivedsp             | 2       |
|      fmul_32ns_32ns_32_3_primitive_dsp_1_U798                          | 1   |        | mul_i_i_12_i                | fmul      | primitivedsp             | 2       |
|      fmul_32ns_32ns_32_3_primitive_dsp_1_U799                          | 1   |        | mul_i_i_13_i                | fmul      | primitivedsp             | 2       |
|      fmul_32ns_32ns_32_3_primitive_dsp_1_U800                          | 1   |        | mul_i_i_14_i                | fmul      | primitivedsp             | 2       |
|      fmul_32ns_32ns_32_3_primitive_dsp_1_U801                          | 1   |        | mul_i_i_15_i                | fmul      | primitivedsp             | 2       |
|   + vec_down_converter_float_4ul_16ul_s                                | 0   |        |                             |           |                          |         |
|     add_ln223_fu_307_p2                                                |     |        | add_ln223                   | add       | fabric                   | 0       |
|     icmp_ln223_fu_313_p2                                               |     |        | icmp_ln223                  | seteq     | auto                     | 0       |
|     icmp_ln226_fu_323_p2                                               |     |        | icmp_ln226                  | seteq     | auto                     | 0       |
|  + calc_loop                                                           | 83  |        |                             |           |                          |         |
|   + mm2ds_input_data_ap_uint_512_0_2_s                                 | 0   |        |                             |           |                          |         |
|    + mm2ds_get_data_ap_uint_512_0_2_s                                  | 0   |        |                             |           |                          |         |
|      empty_178_fu_101_p2                                               |     |        | empty_178                   | setgt     | auto                     | 0       |
|      smax_fu_107_p3                                                    |     |        | smax                        | select    | auto_sel                 | 0       |
|      p_sub_fu_133_p2                                                   |     |        | p_sub                       | sub       | fabric                   | 0       |
|     + mm2ds_get_data_ap_uint_512_0_2_Pipeline_AXI4_TXFR_FRAME_READ     | 0   |        |                             |           |                          |         |
|       add_ln331_fu_188_p2                                              |     |        | add_ln331                   | add       | fabric                   | 0       |
|       icmp_ln331_fu_194_p2                                             |     |        | icmp_ln331                  | seteq     | auto                     | 0       |
|       icmp_ln335_fu_210_p2                                             |     |        | icmp_ln335                  | seteq     | auto                     | 0       |
|       or_ln331_fu_216_p2                                               |     |        | or_ln331                    | or        | auto                     | 0       |
|       add_ln331_2_fu_222_p2                                            |     |        | add_ln331_2                 | add       | fabric                   | 0       |
|       select_ln331_fu_228_p3                                           |     |        | select_ln331                | select    | auto_sel                 | 0       |
|       sub_ln332_fu_278_p2                                              |     |        | sub_ln332                   | sub       | fabric                   | 0       |
|       add_ln332_fu_320_p2                                              |     |        | add_ln332                   | add       | fabric                   | 0       |
|       add_ln332_2_fu_336_p2                                            |     |        | add_ln332_2                 | add       | fabric                   | 0       |
|       add_ln335_fu_236_p2                                              |     |        | add_ln335                   | add       | fabric                   | 0       |
|       select_ln335_fu_242_p3                                           |     |        | select_ln335                | select    | auto_sel                 | 0       |
|    + mm2ds_split_data_ap_uint_512_s                                    | 0   |        |                             |           |                          |         |
|      sub_ln377_fu_75_p2                                                |     |        | sub_ln377                   | sub       | fabric                   | 0       |
|     + mm2ds_split_data_ap_uint_512_Pipeline_AXI4_TXFR                  | 0   |        |                             |           |                          |         |
|       add_ln377_fu_100_p2                                              |     |        | add_ln377                   | add       | fabric                   | 0       |
|       icmp_ln377_fu_110_p2                                             |     |        | icmp_ln377                  | setlt     | auto                     | 0       |
|       icmp_ln382_fu_126_p2                                             |     |        | icmp_ln382                  | setlt     | auto                     | 0       |
|       j_fu_132_p2                                                      |     |        | j                           | add       | fabric                   | 0       |
|       icmp_ln386_fu_138_p2                                             |     |        | icmp_ln386                  | seteq     | auto                     | 0       |
|       j_6_fu_144_p3                                                    |     |        | j_6                         | select    | auto_sel                 | 0       |
|   + mm2ds_input_data_ap_uint_512_1_2_s                                 | 0   |        |                             |           |                          |         |
|    + mm2ds_get_data_ap_uint_512_1_2_s                                  | 0   |        |                             |           |                          |         |
|      add_ln328_fu_144_p2                                               |     |        | add_ln328                   | add       | fabric                   | 0       |
|      empty_177_fu_102_p2                                               |     |        | empty_177                   | setgt     | auto                     | 0       |
|      smax_fu_108_p3                                                    |     |        | smax                        | select    | auto_sel                 | 0       |
|      p_sub_fu_134_p2                                                   |     |        | p_sub                       | sub       | fabric                   | 0       |
|     + mm2ds_get_data_ap_uint_512_1_2_Pipeline_AXI4_TXFR_FRAME_READ     | 0   |        |                             |           |                          |         |
|       add_ln331_fu_188_p2                                              |     |        | add_ln331                   | add       | fabric                   | 0       |
|       icmp_ln331_fu_194_p2                                             |     |        | icmp_ln331                  | seteq     | auto                     | 0       |
|       icmp_ln335_fu_210_p2                                             |     |        | icmp_ln335                  | seteq     | auto                     | 0       |
|       or_ln331_fu_216_p2                                               |     |        | or_ln331                    | or        | auto                     | 0       |
|       add_ln331_1_fu_222_p2                                            |     |        | add_ln331_1                 | add       | fabric                   | 0       |
|       select_ln331_fu_228_p3                                           |     |        | select_ln331                | select    | auto_sel                 | 0       |
|       sub_ln332_fu_278_p2                                              |     |        | sub_ln332                   | sub       | fabric                   | 0       |
|       add_ln332_fu_320_p2                                              |     |        | add_ln332                   | add       | fabric                   | 0       |
|       add_ln332_1_fu_336_p2                                            |     |        | add_ln332_1                 | add       | fabric                   | 0       |
|       add_ln335_fu_236_p2                                              |     |        | add_ln335                   | add       | fabric                   | 0       |
|       select_ln335_fu_242_p3                                           |     |        | select_ln335                | select    | auto_sel                 | 0       |
|    + mm2ds_split_data_ap_uint_512_1                                    | 0   |        |                             |           |                          |         |
|      sub_ln377_fu_75_p2                                                |     |        | sub_ln377                   | sub       | fabric                   | 0       |
|     + mm2ds_split_data_ap_uint_512_1_Pipeline_AXI4_TXFR                | 0   |        |                             |           |                          |         |
|       add_ln377_fu_100_p2                                              |     |        | add_ln377                   | add       | fabric                   | 0       |
|       icmp_ln377_fu_110_p2                                             |     |        | icmp_ln377                  | setlt     | auto                     | 0       |
|       icmp_ln382_fu_126_p2                                             |     |        | icmp_ln382                  | setlt     | auto                     | 0       |
|       j_fu_132_p2                                                      |     |        | j                           | add       | fabric                   | 0       |
|       icmp_ln386_fu_138_p2                                             |     |        | icmp_ln386                  | seteq     | auto                     | 0       |
|       j_8_fu_144_p3                                                    |     |        | j_8                         | select    | auto_sel                 | 0       |
|   + quantizer_kernel                                                   | 13  |        |                             |           |                          |         |
|     sub_ln130_fu_121_p2                                                |     |        | sub_ln130                   | sub       | fabric                   | 0       |
|     sub_ln130_1_fu_147_p2                                              |     |        | sub_ln130_1                 | sub       | fabric                   | 0       |
|     SF_COUNT_fu_152_p3                                                 |     |        | SF_COUNT                    | select    | auto_sel                 | 0       |
|    + dataflow_parent_loop_proc                                         | 13  |        |                             |           |                          |         |
|     + dataflow_in_loop_VITIS_LOOP_133_1_1                              | 13  |        |                             |           |                          |         |
|      + debug_abs_intake8                                               | 0   |        |                             |           |                          |         |
|        add_ln12_fu_207_p2                                              |     |        | add_ln12                    | add       | fabric                   | 0       |
|        add_ln12_1_fu_244_p2                                            |     |        | add_ln12_1                  | add       | fabric                   | 0       |
|        add_ln12_2_fu_216_p2                                            |     |        | add_ln12_2                  | add       | fabric                   | 0       |
|        icmp_ln12_fu_222_p2                                             |     |        | icmp_ln12                   | seteq     | auto                     | 0       |
|      + max_finder9                                                     | 1   |        |                             |           |                          |         |
|        fcmp_32ns_32ns_1_1_no_dsp_1_x_U1058                             |     |        | cmp                         | fcmp      | auto                     | 0       |
|        select_ln71_fu_950_p3                                           |     |        | select_ln71                 | select    | auto_sel                 | 0       |
|        fcmp_32ns_32ns_1_1_no_dsp_1_x_U1059                             |     |        | cmp24_s                     | fcmp      | auto                     | 0       |
|        select_ln71_1_fu_955_p3                                         |     |        | select_ln71_1               | select    | auto_sel                 | 0       |
|        fcmp_32ns_32ns_1_1_no_dsp_1_x_U1060                             |     |        | cmp24_19                    | fcmp      | auto                     | 0       |
|        select_ln71_2_fu_960_p3                                         |     |        | select_ln71_2               | select    | auto_sel                 | 0       |
|        fcmp_32ns_32ns_1_1_no_dsp_1_x_U1061                             |     |        | cmp24_32                    | fcmp      | auto                     | 0       |
|        select_ln71_3_fu_965_p3                                         |     |        | select_ln71_3               | select    | auto_sel                 | 0       |
|        fcmp_32ns_32ns_1_1_no_dsp_1_x_U1062                             |     |        | cmp24_33                    | fcmp      | auto                     | 0       |
|        select_ln71_4_fu_970_p3                                         |     |        | select_ln71_4               | select    | auto_sel                 | 0       |
|        fcmp_32ns_32ns_1_1_no_dsp_1_x_U1063                             |     |        | cmp24_34                    | fcmp      | auto                     | 0       |
|        select_ln71_5_fu_975_p3                                         |     |        | select_ln71_5               | select    | auto_sel                 | 0       |
|        fcmp_32ns_32ns_1_1_no_dsp_1_x_U1064                             |     |        | cmp24_6                     | fcmp      | auto                     | 0       |
|        select_ln71_6_fu_980_p3                                         |     |        | select_ln71_6               | select    | auto_sel                 | 0       |
|        fcmp_32ns_32ns_1_1_no_dsp_1_x_U1065                             |     |        | cmp24_7                     | fcmp      | auto                     | 0       |
|        select_ln71_7_fu_985_p3                                         |     |        | select_ln71_7               | select    | auto_sel                 | 0       |
|        fcmp_32ns_32ns_1_1_no_dsp_1_x_U1066                             |     |        | cmp24_8                     | fcmp      | auto                     | 0       |
|        select_ln71_8_fu_990_p3                                         |     |        | select_ln71_8               | select    | auto_sel                 | 0       |
|        fcmp_32ns_32ns_1_1_no_dsp_1_x_U1067                             |     |        | cmp24_9                     | fcmp      | auto                     | 0       |
|        select_ln71_9_fu_995_p3                                         |     |        | select_ln71_9               | select    | auto_sel                 | 0       |
|        fcmp_32ns_32ns_1_1_no_dsp_1_x_U1068                             |     |        | cmp24_10                    | fcmp      | auto                     | 0       |
|        select_ln71_10_fu_1000_p3                                       |     |        | select_ln71_10              | select    | auto_sel                 | 0       |
|        fcmp_32ns_32ns_1_1_no_dsp_1_x_U1069                             |     |        | cmp24_11                    | fcmp      | auto                     | 0       |
|        select_ln71_11_fu_1005_p3                                       |     |        | select_ln71_11              | select    | auto_sel                 | 0       |
|        fcmp_32ns_32ns_1_1_no_dsp_1_x_U1070                             |     |        | cmp24_12                    | fcmp      | auto                     | 0       |
|        select_ln71_12_fu_1010_p3                                       |     |        | select_ln71_12              | select    | auto_sel                 | 0       |
|        fcmp_32ns_32ns_1_1_no_dsp_1_x_U1071                             |     |        | cmp24_13                    | fcmp      | auto                     | 0       |
|        select_ln71_13_fu_1015_p3                                       |     |        | select_ln71_13              | select    | auto_sel                 | 0       |
|        fcmp_32ns_32ns_1_1_no_dsp_1_x_U1072                             |     |        | cmp24_14                    | fcmp      | auto                     | 0       |
|        select_ln71_14_fu_1020_p3                                       |     |        | select_ln71_14              | select    | auto_sel                 | 0       |
|        fcmp_32ns_32ns_1_1_no_dsp_1_x_U1073                             |     |        | cmp24_15                    | fcmp      | auto                     | 0       |
|        select_ln71_15_fu_1025_p3                                       |     |        | select_ln71_15              | select    | auto_sel                 | 0       |
|        fcmp_32ns_32ns_1_1_no_dsp_1_x_U1074                             |     |        | cmp24_16                    | fcmp      | auto                     | 0       |
|        c_val_fu_1030_p3                                                |     |        | c_val                       | select    | auto_sel                 | 0       |
|        fcmp_32ns_32ns_1_1_no_dsp_1_x_U1075                             |     |        | cmp24_17                    | fcmp      | auto                     | 0       |
|        c_val_4_fu_1035_p3                                              |     |        | c_val_4                     | select    | auto_sel                 | 0       |
|        fcmp_32ns_32ns_1_1_no_dsp_1_x_U1076                             |     |        | cmp24_18                    | fcmp      | auto                     | 0       |
|        c_val_5_fu_1040_p3                                              |     |        | c_val_5                     | select    | auto_sel                 | 0       |
|        fcmp_32ns_32ns_1_1_no_dsp_1_x_U1077                             |     |        | cmp24_35                    | fcmp      | auto                     | 0       |
|        c_val_6_fu_1045_p3                                              |     |        | c_val_6                     | select    | auto_sel                 | 0       |
|        fcmp_32ns_32ns_1_1_no_dsp_1_x_U1078                             |     |        | cmp24_20                    | fcmp      | auto                     | 0       |
|        c_val_7_fu_1050_p3                                              |     |        | c_val_7                     | select    | auto_sel                 | 0       |
|        fcmp_32ns_32ns_1_1_no_dsp_1_x_U1079                             |     |        | cmp24_21                    | fcmp      | auto                     | 0       |
|        c_val_8_fu_1055_p3                                              |     |        | c_val_8                     | select    | auto_sel                 | 0       |
|        fcmp_32ns_32ns_1_1_no_dsp_1_x_U1080                             |     |        | cmp24_22                    | fcmp      | auto                     | 0       |
|        c_val_9_fu_1060_p3                                              |     |        | c_val_9                     | select    | auto_sel                 | 0       |
|        fcmp_32ns_32ns_1_1_no_dsp_1_x_U1081                             |     |        | cmp24_23                    | fcmp      | auto                     | 0       |
|        c_val_10_fu_1065_p3                                             |     |        | c_val_10                    | select    | auto_sel                 | 0       |
|        fcmp_32ns_32ns_1_1_no_dsp_1_x_U1082                             |     |        | cmp24_24                    | fcmp      | auto                     | 0       |
|        c_val_11_fu_1070_p3                                             |     |        | c_val_11                    | select    | auto_sel                 | 0       |
|        fcmp_32ns_32ns_1_1_no_dsp_1_x_U1083                             |     |        | cmp24_25                    | fcmp      | auto                     | 0       |
|        c_val_12_fu_1075_p3                                             |     |        | c_val_12                    | select    | auto_sel                 | 0       |
|        fcmp_32ns_32ns_1_1_no_dsp_1_x_U1084                             |     |        | cmp24_26                    | fcmp      | auto                     | 0       |
|        c_val_13_fu_1080_p3                                             |     |        | c_val_13                    | select    | auto_sel                 | 0       |
|        fcmp_32ns_32ns_1_1_no_dsp_1_x_U1085                             |     |        | cmp24_27                    | fcmp      | auto                     | 0       |
|        c_val_14_fu_1085_p3                                             |     |        | c_val_14                    | select    | auto_sel                 | 0       |
|        fcmp_32ns_32ns_1_1_no_dsp_1_x_U1086                             |     |        | cmp24_28                    | fcmp      | auto                     | 0       |
|        c_val_15_fu_1090_p3                                             |     |        | c_val_15                    | select    | auto_sel                 | 0       |
|        fcmp_32ns_32ns_1_1_no_dsp_1_x_U1087                             |     |        | cmp24_29                    | fcmp      | auto                     | 0       |
|        c_val_16_fu_1095_p3                                             |     |        | c_val_16                    | select    | auto_sel                 | 0       |
|        fcmp_32ns_32ns_1_1_no_dsp_1_x_U1088                             |     |        | cmp24_30                    | fcmp      | auto                     | 0       |
|        c_val_17_fu_1100_p3                                             |     |        | c_val_17                    | select    | auto_sel                 | 0       |
|        fcmp_32ns_32ns_1_1_no_dsp_1_x_U1089                             |     |        | cmp24_31                    | fcmp      | auto                     | 0       |
|        select_ln71_31_fu_1105_p3                                       |     |        | select_ln71_31              | select    | auto_sel                 | 0       |
|        fcmp_32ns_32ns_1_1_no_dsp_1_x_U1058                             |     |        | cmp24_1                     | fcmp      | auto                     | 0       |
|        select_ln71_32_fu_1238_p3                                       |     |        | select_ln71_32              | select    | auto_sel                 | 0       |
|        fcmp_32ns_32ns_1_1_no_dsp_1_x_U1059                             |     |        | cmp24_1_1                   | fcmp      | auto                     | 0       |
|        select_ln71_33_fu_1243_p3                                       |     |        | select_ln71_33              | select    | auto_sel                 | 0       |
|        fcmp_32ns_32ns_1_1_no_dsp_1_x_U1060                             |     |        | cmp24_1_2                   | fcmp      | auto                     | 0       |
|        select_ln71_34_fu_1248_p3                                       |     |        | select_ln71_34              | select    | auto_sel                 | 0       |
|        fcmp_32ns_32ns_1_1_no_dsp_1_x_U1061                             |     |        | cmp24_1_3                   | fcmp      | auto                     | 0       |
|        select_ln71_35_fu_1253_p3                                       |     |        | select_ln71_35              | select    | auto_sel                 | 0       |
|        fcmp_32ns_32ns_1_1_no_dsp_1_x_U1062                             |     |        | cmp24_1_4                   | fcmp      | auto                     | 0       |
|        select_ln71_36_fu_1258_p3                                       |     |        | select_ln71_36              | select    | auto_sel                 | 0       |
|        fcmp_32ns_32ns_1_1_no_dsp_1_x_U1063                             |     |        | cmp24_1_5                   | fcmp      | auto                     | 0       |
|        select_ln71_37_fu_1263_p3                                       |     |        | select_ln71_37              | select    | auto_sel                 | 0       |
|        fcmp_32ns_32ns_1_1_no_dsp_1_x_U1064                             |     |        | cmp24_1_6                   | fcmp      | auto                     | 0       |
|        select_ln71_38_fu_1268_p3                                       |     |        | select_ln71_38              | select    | auto_sel                 | 0       |
|        fcmp_32ns_32ns_1_1_no_dsp_1_x_U1065                             |     |        | cmp24_1_7                   | fcmp      | auto                     | 0       |
|        select_ln71_39_fu_1273_p3                                       |     |        | select_ln71_39              | select    | auto_sel                 | 0       |
|        fcmp_32ns_32ns_1_1_no_dsp_1_x_U1066                             |     |        | cmp24_1_8                   | fcmp      | auto                     | 0       |
|        select_ln71_40_fu_1278_p3                                       |     |        | select_ln71_40              | select    | auto_sel                 | 0       |
|        fcmp_32ns_32ns_1_1_no_dsp_1_x_U1067                             |     |        | cmp24_1_9                   | fcmp      | auto                     | 0       |
|        select_ln71_41_fu_1283_p3                                       |     |        | select_ln71_41              | select    | auto_sel                 | 0       |
|        fcmp_32ns_32ns_1_1_no_dsp_1_x_U1068                             |     |        | cmp24_1_s                   | fcmp      | auto                     | 0       |
|        select_ln71_42_fu_1288_p3                                       |     |        | select_ln71_42              | select    | auto_sel                 | 0       |
|        fcmp_32ns_32ns_1_1_no_dsp_1_x_U1069                             |     |        | cmp24_1_10                  | fcmp      | auto                     | 0       |
|        select_ln71_43_fu_1293_p3                                       |     |        | select_ln71_43              | select    | auto_sel                 | 0       |
|        fcmp_32ns_32ns_1_1_no_dsp_1_x_U1070                             |     |        | cmp24_1_11                  | fcmp      | auto                     | 0       |
|        select_ln71_44_fu_1298_p3                                       |     |        | select_ln71_44              | select    | auto_sel                 | 0       |
|        fcmp_32ns_32ns_1_1_no_dsp_1_x_U1071                             |     |        | cmp24_1_12                  | fcmp      | auto                     | 0       |
|        select_ln71_45_fu_1303_p3                                       |     |        | select_ln71_45              | select    | auto_sel                 | 0       |
|        fcmp_32ns_32ns_1_1_no_dsp_1_x_U1072                             |     |        | cmp24_1_13                  | fcmp      | auto                     | 0       |
|        select_ln71_46_fu_1308_p3                                       |     |        | select_ln71_46              | select    | auto_sel                 | 0       |
|        fcmp_32ns_32ns_1_1_no_dsp_1_x_U1073                             |     |        | cmp24_1_14                  | fcmp      | auto                     | 0       |
|        select_ln71_47_fu_1313_p3                                       |     |        | select_ln71_47              | select    | auto_sel                 | 0       |
|        fcmp_32ns_32ns_1_1_no_dsp_1_x_U1058                             |     |        | cmp24_2                     | fcmp      | auto                     | 0       |
|        select_ln71_48_fu_1382_p3                                       |     |        | select_ln71_48              | select    | auto_sel                 | 0       |
|        fcmp_32ns_32ns_1_1_no_dsp_1_x_U1059                             |     |        | cmp24_2_1                   | fcmp      | auto                     | 0       |
|        select_ln71_49_fu_1387_p3                                       |     |        | select_ln71_49              | select    | auto_sel                 | 0       |
|        fcmp_32ns_32ns_1_1_no_dsp_1_x_U1060                             |     |        | cmp24_2_2                   | fcmp      | auto                     | 0       |
|        select_ln71_50_fu_1392_p3                                       |     |        | select_ln71_50              | select    | auto_sel                 | 0       |
|        fcmp_32ns_32ns_1_1_no_dsp_1_x_U1061                             |     |        | cmp24_2_3                   | fcmp      | auto                     | 0       |
|        select_ln71_51_fu_1397_p3                                       |     |        | select_ln71_51              | select    | auto_sel                 | 0       |
|        fcmp_32ns_32ns_1_1_no_dsp_1_x_U1062                             |     |        | cmp24_2_4                   | fcmp      | auto                     | 0       |
|        select_ln71_52_fu_1402_p3                                       |     |        | select_ln71_52              | select    | auto_sel                 | 0       |
|        fcmp_32ns_32ns_1_1_no_dsp_1_x_U1063                             |     |        | cmp24_2_5                   | fcmp      | auto                     | 0       |
|        select_ln71_53_fu_1407_p3                                       |     |        | select_ln71_53              | select    | auto_sel                 | 0       |
|        fcmp_32ns_32ns_1_1_no_dsp_1_x_U1064                             |     |        | cmp24_2_6                   | fcmp      | auto                     | 0       |
|        select_ln71_54_fu_1412_p3                                       |     |        | select_ln71_54              | select    | auto_sel                 | 0       |
|        fcmp_32ns_32ns_1_1_no_dsp_1_x_U1065                             |     |        | cmp24_2_7                   | fcmp      | auto                     | 0       |
|        select_ln71_55_fu_1417_p3                                       |     |        | select_ln71_55              | select    | auto_sel                 | 0       |
|        fcmp_32ns_32ns_1_1_no_dsp_1_x_U1058                             |     |        | cmp24_3                     | fcmp      | auto                     | 0       |
|        select_ln71_56_fu_1454_p3                                       |     |        | select_ln71_56              | select    | auto_sel                 | 0       |
|        fcmp_32ns_32ns_1_1_no_dsp_1_x_U1059                             |     |        | cmp24_3_1                   | fcmp      | auto                     | 0       |
|        select_ln71_57_fu_1459_p3                                       |     |        | select_ln71_57              | select    | auto_sel                 | 0       |
|        fcmp_32ns_32ns_1_1_no_dsp_1_x_U1060                             |     |        | cmp24_3_2                   | fcmp      | auto                     | 0       |
|        select_ln71_58_fu_1464_p3                                       |     |        | select_ln71_58              | select    | auto_sel                 | 0       |
|        fcmp_32ns_32ns_1_1_no_dsp_1_x_U1061                             |     |        | cmp24_3_3                   | fcmp      | auto                     | 0       |
|        select_ln71_59_fu_1469_p3                                       |     |        | select_ln71_59              | select    | auto_sel                 | 0       |
|        fcmp_32ns_32ns_1_1_no_dsp_1_x_U1058                             |     |        | cmp24_4                     | fcmp      | auto                     | 0       |
|        select_ln71_60_fu_1490_p3                                       |     |        | select_ln71_60              | select    | auto_sel                 | 0       |
|        fcmp_32ns_32ns_1_1_no_dsp_1_x_U1059                             |     |        | cmp24_4_1                   | fcmp      | auto                     | 0       |
|        select_ln71_61_fu_1495_p3                                       |     |        | select_ln71_61              | select    | auto_sel                 | 0       |
|        fcmp_32ns_32ns_1_1_no_dsp_1_x_U1058                             |     |        | cmp24_5                     | fcmp      | auto                     | 0       |
|        select_ln71_62_fu_1508_p3                                       |     |        | select_ln71_62              | select    | auto_sel                 | 0       |
|        fmul_32ns_32ns_32_3_primitive_dsp_1_U1057                       | 1   |        | mul                         | fmul      | primitivedsp             | 2       |
|       + max_finder9_Pipeline_mf_intake                                 | 0   |        |                             |           |                          |         |
|         i_23_fu_924_p2                                                 |     |        | i_23                        | add       | fabric                   | 0       |
|         icmp_ln59_fu_1336_p2                                           |     |        | icmp_ln59                   | seteq     | auto                     | 0       |
|      + quant_out10                                                     | 12  |        |                             |           |                          |         |
|        frecip_32ns_32ns_32_18_full_dsp_1_U1107                         | 8   |        | scale                       | frecip    | fulldsp                  | 17      |
|       + quant_out10_Pipeline_create_q_val                              | 4   |        |                             |           |                          |         |
|         j_fu_331_p2                                                    |     |        | j                           | add       | fabric                   | 0       |
|         fmul_32ns_32ns_32_3_primitive_dsp_1_U1093                      | 1   |        | dc                          | fmul      | primitivedsp             | 2       |
|         icmp_ln167_fu_444_p2                                           |     |        | icmp_ln167                  | setlt     | auto                     | 0       |
|         icmp_ln170_fu_458_p2                                           |     |        | icmp_ln170                  | setgt     | auto                     | 0       |
|         data_2_fu_668_p2                                               |     |        | data_2                      | add       | fabric                   | 0       |
|         xor_ln184_fu_677_p2                                            |     |        | xor_ln184                   | xor       | auto                     | 0       |
|         xs_sig_fu_682_p2                                               |     |        | xs_sig                      | and       | auto                     | 0       |
|         xor_ln167_fu_710_p2                                            |     |        | xor_ln167                   | xor       | auto                     | 0       |
|         and_ln170_fu_715_p2                                            |     |        | and_ln170                   | and       | auto                     | 0       |
|         sparsemux_7_2_32_1_1_U1097                                     |     |        | dc_1                        | sparsemux | onehotencoding_realdef   | 0       |
|         add_ln317_fu_857_p2                                            |     |        | add_ln317                   | add       | fabric                   | 0       |
|         sub_ln18_fu_871_p2                                             |     |        | sub_ln18                    | sub       | fabric                   | 0       |
|         select_ln18_fu_881_p3                                          |     |        | select_ln18                 | select    | auto_sel                 | 0       |
|         lshr_ln18_fu_1144_p2                                           |     |        | lshr_ln18                   | lshr      | auto_pipe                | 0       |
|         shl_ln18_fu_1150_p2                                            |     |        | shl_ln18                    | shl       | auto_pipe                | 0       |
|         val_fu_1176_p3                                                 |     |        | val                         | select    | auto_sel                 | 0       |
|         sub_ln59_fu_1351_p2                                            |     |        | sub_ln59                    | sub       | fabric                   | 0       |
|         result_1_fu_1356_p3                                            |     |        | result_1                    | select    | auto_sel                 | 0       |
|         shl_ln97_fu_1374_p2                                            |     |        | shl_ln97                    | shl       | auto_pipe                | 1       |
|         shl_ln97_1_fu_1384_p2                                          |     |        | shl_ln97_1                  | shl       | auto_pipe                | 1       |
|         fmul_32ns_32ns_32_3_primitive_dsp_1_U1094                      | 1   |        | dc_3                        | fmul      | primitivedsp             | 2       |
|         icmp_ln167_1_fu_500_p2                                         |     |        | icmp_ln167_1                | setlt     | auto                     | 0       |
|         icmp_ln170_1_fu_514_p2                                         |     |        | icmp_ln170_1                | setgt     | auto                     | 0       |
|         data_4_fu_760_p2                                               |     |        | data_4                      | add       | fabric                   | 0       |
|         xor_ln184_1_fu_769_p2                                          |     |        | xor_ln184_1                 | xor       | auto                     | 0       |
|         xs_sig_1_fu_774_p2                                             |     |        | xs_sig_1                    | and       | auto                     | 0       |
|         xor_ln167_1_fu_802_p2                                          |     |        | xor_ln167_1                 | xor       | auto                     | 0       |
|         and_ln170_1_fu_807_p2                                          |     |        | and_ln170_1                 | and       | auto                     | 0       |
|         sparsemux_7_2_32_1_1_U1098                                     |     |        | dc_4                        | sparsemux | onehotencoding_realdef   | 0       |
|         add_ln317_1_fu_908_p2                                          |     |        | add_ln317_1                 | add       | fabric                   | 0       |
|         sub_ln18_1_fu_922_p2                                           |     |        | sub_ln18_1                  | sub       | fabric                   | 0       |
|         select_ln18_2_fu_932_p3                                        |     |        | select_ln18_2               | select    | auto_sel                 | 0       |
|         lshr_ln18_1_fu_1203_p2                                         |     |        | lshr_ln18_1                 | lshr      | auto_pipe                | 0       |
|         shl_ln18_1_fu_1209_p2                                          |     |        | shl_ln18_1                  | shl       | auto_pipe                | 0       |
|         val_2_fu_1235_p3                                               |     |        | val_2                       | select    | auto_sel                 | 0       |
|         sub_ln59_1_fu_1397_p2                                          |     |        | sub_ln59_1                  | sub       | fabric                   | 0       |
|         result_3_fu_1402_p3                                            |     |        | result_3                    | select    | auto_sel                 | 0       |
|         shl_ln97_2_fu_1420_p2                                          |     |        | shl_ln97_2                  | shl       | auto_pipe                | 1       |
|         shl_ln97_3_fu_1430_p2                                          |     |        | shl_ln97_3                  | shl       | auto_pipe                | 1       |
|         fmul_32ns_32ns_32_3_primitive_dsp_1_U1095                      | 1   |        | dc_6                        | fmul      | primitivedsp             | 2       |
|         icmp_ln167_2_fu_555_p2                                         |     |        | icmp_ln167_2                | setlt     | auto                     | 0       |
|         icmp_ln170_2_fu_569_p2                                         |     |        | icmp_ln170_2                | setgt     | auto                     | 0       |
|         data_7_fu_954_p2                                               |     |        | data_7                      | add       | fabric                   | 0       |
|         xor_ln184_2_fu_963_p2                                          |     |        | xor_ln184_2                 | xor       | auto                     | 0       |
|         xs_sig_2_fu_968_p2                                             |     |        | xs_sig_2                    | and       | auto                     | 0       |
|         xor_ln167_2_fu_996_p2                                          |     |        | xor_ln167_2                 | xor       | auto                     | 0       |
|         and_ln170_2_fu_1001_p2                                         |     |        | and_ln170_2                 | and       | auto                     | 0       |
|         sparsemux_7_2_32_1_1_U1099                                     |     |        | dc_7                        | sparsemux | onehotencoding_realdef   | 0       |
|         add_ln317_2_fu_1261_p2                                         |     |        | add_ln317_2                 | add       | fabric                   | 0       |
|         sub_ln18_2_fu_1275_p2                                          |     |        | sub_ln18_2                  | sub       | fabric                   | 0       |
|         select_ln18_4_fu_1285_p3                                       |     |        | select_ln18_4               | select    | auto_sel                 | 0       |
|         lshr_ln18_2_fu_1456_p2                                         |     |        | lshr_ln18_2                 | lshr      | auto_pipe                | 0       |
|         shl_ln18_2_fu_1462_p2                                          |     |        | shl_ln18_2                  | shl       | auto_pipe                | 0       |
|         val_3_fu_1488_p3                                               |     |        | val_3                       | select    | auto_sel                 | 0       |
|         sub_ln59_2_fu_1570_p2                                          |     |        | sub_ln59_2                  | sub       | fabric                   | 0       |
|         result_5_fu_1575_p3                                            |     |        | result_5                    | select    | auto_sel                 | 0       |
|         add_ln56_fu_1582_p2                                            |     |        | add_ln56                    | add       | fabric                   | 0       |
|         shl_ln97_4_fu_1591_p2                                          |     |        | shl_ln97_4                  | shl       | auto_pipe                | 1       |
|         shl_ln97_5_fu_1601_p2                                          |     |        | shl_ln97_5                  | shl       | auto_pipe                | 1       |
|         fmul_32ns_32ns_32_3_primitive_dsp_1_U1096                      | 1   |        | dc_9                        | fmul      | primitivedsp             | 2       |
|         icmp_ln167_3_fu_610_p2                                         |     |        | icmp_ln167_3                | setlt     | auto                     | 0       |
|         icmp_ln170_3_fu_624_p2                                         |     |        | icmp_ln170_3                | setgt     | auto                     | 0       |
|         data_10_fu_1046_p2                                             |     |        | data_10                     | add       | fabric                   | 0       |
|         xor_ln184_3_fu_1055_p2                                         |     |        | xor_ln184_3                 | xor       | auto                     | 0       |
|         xs_sig_3_fu_1060_p2                                            |     |        | xs_sig_3                    | and       | auto                     | 0       |
|         xor_ln167_3_fu_1088_p2                                         |     |        | xor_ln167_3                 | xor       | auto                     | 0       |
|         and_ln170_3_fu_1093_p2                                         |     |        | and_ln170_3                 | and       | auto                     | 0       |
|         sparsemux_7_2_32_1_1_U1100                                     |     |        | dc_10                       | sparsemux | onehotencoding_realdef   | 0       |
|         add_ln317_3_fu_1312_p2                                         |     |        | add_ln317_3                 | add       | fabric                   | 0       |
|         sub_ln18_3_fu_1326_p2                                          |     |        | sub_ln18_3                  | sub       | fabric                   | 0       |
|         select_ln18_6_fu_1336_p3                                       |     |        | select_ln18_6               | select    | auto_sel                 | 0       |
|         lshr_ln18_3_fu_1515_p2                                         |     |        | lshr_ln18_3                 | lshr      | auto_pipe                | 0       |
|         shl_ln18_3_fu_1521_p2                                          |     |        | shl_ln18_3                  | shl       | auto_pipe                | 0       |
|         val_4_fu_1547_p3                                               |     |        | val_4                       | select    | auto_sel                 | 0       |
|         sub_ln59_3_fu_1614_p2                                          |     |        | sub_ln59_3                  | sub       | fabric                   | 0       |
|         result_7_fu_1619_p3                                            |     |        | result_7                    | select    | auto_sel                 | 0       |
|         shl_ln97_6_fu_1637_p2                                          |     |        | shl_ln97_6                  | shl       | auto_pipe                | 1       |
|         shl_ln97_7_fu_1647_p2                                          |     |        | shl_ln97_7                  | shl       | auto_pipe                | 1       |
|         xor_ln97_fu_1653_p2                                            |     |        | xor_ln97                    | xor       | auto                     | 0       |
|         xor_ln97_4_fu_1663_p2                                          |     |        | xor_ln97_4                  | xor       | auto                     | 0       |
|         and_ln97_fu_1672_p2                                            |     |        | and_ln97                    | and       | auto                     | 0       |
|         and_ln97_4_fu_1678_p2                                          |     |        | and_ln97_4                  | and       | auto                     | 0       |
|         or_ln97_fu_1684_p2                                             |     |        | or_ln97                     | or        | auto                     | 0       |
|         xor_ln97_1_fu_1717_p2                                          |     |        | xor_ln97_1                  | xor       | auto                     | 0       |
|         and_ln97_1_fu_1739_p2                                          |     |        | and_ln97_1                  | and       | auto                     | 0       |
|         and_ln97_5_fu_1745_p2                                          |     |        | and_ln97_5                  | and       | auto                     | 0       |
|         or_ln97_4_fu_1755_p2                                           |     |        | or_ln97_4                   | or        | auto                     | 0       |
|         xor_ln97_2_fu_1797_p2                                          |     |        | xor_ln97_2                  | xor       | auto                     | 0       |
|         xor_ln97_5_fu_1807_p2                                          |     |        | xor_ln97_5                  | xor       | auto                     | 0       |
|         and_ln97_2_fu_1820_p2                                          |     |        | and_ln97_2                  | and       | auto                     | 0       |
|         and_ln97_6_fu_1826_p2                                          |     |        | and_ln97_6                  | and       | auto                     | 0       |
|         or_ln97_5_fu_1832_p2                                           |     |        | or_ln97_5                   | or        | auto                     | 0       |
|         xor_ln97_3_fu_1855_p2                                          |     |        | xor_ln97_3                  | xor       | auto                     | 0       |
|         and_ln97_3_fu_1860_p2                                          |     |        | and_ln97_3                  | and       | auto                     | 0       |
|         or_ln97_3_out                                                  |     |        | or_ln97_3                   | or        | auto                     | 0       |
|         icmp_ln88_fu_421_p2                                            |     |        | icmp_ln88                   | seteq     | auto                     | 0       |
|   + inf_split_tee_float_2ul_4ul_s                                      | 0   |        |                             |           |                          |         |
|     add_ln156_fu_108_p2                                                |     |        | add_ln156                   | add       | fabric                   | 0       |
|     icmp_ln156_fu_118_p2                                               |     |        | icmp_ln156                  | setlt     | auto                     | 0       |
|   + inf_split_tee_vector_signed_char_64ul_2_s                          | 0   |        |                             |           |                          |         |
|     add_ln141_fu_106_p2                                                |     |        | add_ln141                   | add       | fabric                   | 0       |
|     icmp_ln141_fu_116_p2                                               |     |        | icmp_ln141                  | setlt     | auto                     | 0       |
|   + s_rtl_GeMV_kernel                                                  | 35  |        |                             |           |                          |         |
|    + gemv_sf_val_float_4ul_16ul_5                                      | 4   |        |                             |           |                          |         |
|      sub_ln200_fu_122_p2                                               |     |        | sub_ln200                   | sub       | fabric                   | 0       |
|      sub_ln200_7_fu_148_p2                                             |     |        | sub_ln200_7                 | sub       | fabric                   | 0       |
|      M_DIM_fu_153_p3                                                   |     |        | M_DIM                       | select    | auto_sel                 | 0       |
|      sub_ln94_fu_171_p2                                                |     |        | sub_ln94                    | sub       | fabric                   | 0       |
|      sub_ln94_1_fu_205_p2                                              |     |        | sub_ln94_1                  | sub       | fabric                   | 0       |
|      sfCnt_fu_210_p3                                                   |     |        | sfCnt                       | select    | auto_sel                 | 0       |
|      mul_31s_32s_32_5_1_U1159                                          | 3   |        | mul_ln95                    | mul       | auto                     | 4       |
|      sub_ln95_fu_277_p2                                                |     |        | sub_ln95                    | sub       | fabric                   | 0       |
|      sub_ln95_1_fu_292_p2                                              |     |        | sub_ln95_1                  | sub       | fabric                   | 0       |
|      vCount_fu_297_p3                                                  |     |        | vCount                      | select    | auto_sel                 | 0       |
|     + gemv_sf_val_float_4ul_16ul_5_Pipeline_mm_tok_sf                  | 0   |        |                             |           |                          |         |
|       add_ln98_fu_134_p2                                               |     |        | add_ln98                    | add       | fabric                   | 0       |
|       icmp_ln98_fu_140_p2                                              |     |        | icmp_ln98                   | seteq     | auto                     | 0       |
|     + gemv_sf_val_float_4ul_16ul_5_Pipeline_mm_sf_out                  | 1   |        |                             |           |                          |         |
|       ii_12_fu_360_p2                                                  |     |        | ii_12                       | add       | fabric                   | 0       |
|       icmp_ln111_fu_370_p2                                             |     |        | icmp_ln111                  | setlt     | auto                     | 0       |
|       srem_26ns_26ns_26_29_1_U1151                                     |     |        | kdx                         | srem      | vivado_divider           | 28      |
|       icmp_ln117_fu_386_p2                                             |     |        | icmp_ln117                  | seteq     | auto                     | 0       |
|       select_ln122_fu_695_p3                                           |     |        | select_ln122                | select    | auto_sel                 | 0       |
|       fmul_32ns_32ns_32_3_primitive_dsp_1_U1150                        | 1   |        | tmpo                        | fmul      | primitivedsp             | 2       |
|    + mm_rtl_w_6                                                        | 25  |        |                             |           |                          |         |
|      sub_ln200_fu_112_p2                                               |     |        | sub_ln200                   | sub       | fabric                   | 0       |
|      sub_ln200_1_fu_138_p2                                             |     |        | sub_ln200_1                 | sub       | fabric                   | 0       |
|      M_DIM_fu_143_p3                                                   |     |        | M_DIM                       | select    | auto_sel                 | 0       |
|      mul_31s_26s_32_4_1_U1214                                          | 2   |        | vCount                      | mul       | auto                     | 3       |
|     + mm_rtl_w_6_Pipeline_mm_w_sf                                      | 0   |        |                             |           |                          |         |
|       add_ln41_fu_72_p2                                                |     |        | add_ln41                    | add       | fabric                   | 0       |
|       icmp_ln41_fu_82_p2                                               |     |        | icmp_ln41                   | setlt     | auto                     | 0       |
|     + mm_rtl_w_6_Pipeline_mm_w_out                                     | 23  |        |                             |           |                          |         |
|       ii_4_fu_136_p2                                                   |     |        | ii_4                        | add       | fabric                   | 0       |
|       icmp_ln47_fu_146_p2_frp_dup                                      |     |        | icmp_ln47                   | setlt     | auto                     | 0       |
|       srem_32ns_26s_32_36_1_U1205                                      |     |        | idx                         | srem      | vivado_divider           | 35      |
|       sitofp_32s_32_5_no_dsp_1_U1204                                   |     |        | conv_i                      | sitofp    | auto                     | 4       |
|       fmul_32ns_32ns_32_3_primitive_dsp_1_U1203                        | 1   |        | tmpf                        | fmul      | primitivedsp             | 2       |
|      + dot_prod (grp_dot_prod_fu_108)                                  | 22  |        |                             |           |                          |         |
|        dsp_dotpra3add_8s_8s_8s_8s_8s_8s_17s_18_4_0_U1171               | 1   |        | mul_ln27                    | mul       | dsp58_dp                 | 3       |
|        dsp_dotpra3add_8s_8s_8s_8s_8s_8s_17s_18_4_0_U1171               | 1   |        | mul_ln27_1                  | mul       | dsp58_dp                 | 3       |
|        dsp_dotpra3add_8s_8s_8s_8s_8s_8s_17s_18_4_0_U1171               | 1   |        | sext_ln27_4                 | sext      | dsp58_dp                 | 3       |
|        dsp_dotpra3add_8s_8s_8s_8s_8s_8s_17s_18_4_0_U1171               | 1   |        | sext_ln27_5                 | sext      | dsp58_dp                 | 3       |
|        dsp_dotpra3add_8s_8s_8s_8s_8s_8s_17s_18_4_0_U1171               | 1   |        | add_ln27                    | add       | dsp58_dp                 | 3       |
|        dsp_dotpra3add_8s_8s_8s_8s_8s_8s_17s_18_4_0_U1171               | 1   |        | mul_ln27_2                  | mul       | dsp58_dp                 | 3       |
|        dsp_dotpra3add_8s_8s_8s_8s_8s_8s_17s_18_4_0_U1171               | 1   |        | sext_ln27_8                 | sext      | dsp58_dp                 | 3       |
|        dsp_dotpra3add_8s_8s_8s_8s_8s_8s_17s_18_4_0_U1171               | 1   |        | acc                         | add       | dsp58_dp                 | 3       |
|        dsp_dotpra3add_8s_8s_8s_8s_8s_8s_17s_18_4_0_U1171               | 1   |        | sext_ln16                   | sext      | dsp58_dp                 | 3       |
|        dsp_dotpra3_8s_8s_8s_8s_8s_8s_17_4_0_U1170                      | 1   |        | mul_ln27_3                  | mul       | dsp58_dp                 | 3       |
|        dsp_dotpra3_8s_8s_8s_8s_8s_8s_17_4_0_U1170                      | 1   |        | mul_ln27_4                  | mul       | dsp58_dp                 | 3       |
|        dsp_dotpra3_8s_8s_8s_8s_8s_8s_17_4_0_U1170                      | 1   |        | sext_ln27_13                | sext      | dsp58_dp                 | 3       |
|        dsp_dotpra3_8s_8s_8s_8s_8s_8s_17_4_0_U1170                      | 1   |        | sext_ln27_14                | sext      | dsp58_dp                 | 3       |
|        dsp_dotpra3_8s_8s_8s_8s_8s_8s_17_4_0_U1170                      | 1   |        | add_ln27_2                  | add       | dsp58_dp                 | 3       |
|        dsp_dotpra3_8s_8s_8s_8s_8s_8s_17_4_0_U1170                      | 1   |        | mul_ln27_5                  | mul       | dsp58_dp                 | 3       |
|        dsp_dotpra3_8s_8s_8s_8s_8s_8s_17_4_0_U1170                      | 1   |        | sext_ln27_17                | sext      | dsp58_dp                 | 3       |
|        dsp_dotpra3_8s_8s_8s_8s_8s_8s_17_4_0_U1170                      | 1   |        | add_ln27_3                  | add       | dsp58_dp                 | 3       |
|        dsp_dotpra3add_8s_8s_8s_8s_8s_8s_18s_19_4_0_U1172               | 1   |        | mul_ln27_6                  | mul       | dsp58_dp                 | 3       |
|        dsp_dotpra3add_8s_8s_8s_8s_8s_8s_18s_19_4_0_U1172               | 1   |        | mul_ln27_7                  | mul       | dsp58_dp                 | 3       |
|        dsp_dotpra3add_8s_8s_8s_8s_8s_8s_18s_19_4_0_U1172               | 1   |        | sext_ln27_22                | sext      | dsp58_dp                 | 3       |
|        dsp_dotpra3add_8s_8s_8s_8s_8s_8s_18s_19_4_0_U1172               | 1   |        | sext_ln27_23                | sext      | dsp58_dp                 | 3       |
|        dsp_dotpra3add_8s_8s_8s_8s_8s_8s_18s_19_4_0_U1172               | 1   |        | add_ln27_4                  | add       | dsp58_dp                 | 3       |
|        dsp_dotpra3add_8s_8s_8s_8s_8s_8s_18s_19_4_0_U1172               | 1   |        | mul_ln27_8                  | mul       | dsp58_dp                 | 3       |
|        dsp_dotpra3add_8s_8s_8s_8s_8s_8s_18s_19_4_0_U1172               | 1   |        | sext_ln27_26                | sext      | dsp58_dp                 | 3       |
|        dsp_dotpra3add_8s_8s_8s_8s_8s_8s_18s_19_4_0_U1172               | 1   |        | add_ln27_5                  | add       | dsp58_dp                 | 3       |
|        dsp_dotpra3add_8s_8s_8s_8s_8s_8s_18s_19_4_0_U1172               | 1   |        | sext_ln20_1                 | sext      | dsp58_dp                 | 3       |
|        dsp_dotpra3add_8s_8s_8s_8s_8s_8s_19s_19_4_0_U1173               | 1   |        | mul_ln27_9                  | mul       | dsp58_dp                 | 3       |
|        dsp_dotpra3add_8s_8s_8s_8s_8s_8s_19s_19_4_0_U1173               | 1   |        | mul_ln27_10                 | mul       | dsp58_dp                 | 3       |
|        dsp_dotpra3add_8s_8s_8s_8s_8s_8s_19s_19_4_0_U1173               | 1   |        | sext_ln27_31                | sext      | dsp58_dp                 | 3       |
|        dsp_dotpra3add_8s_8s_8s_8s_8s_8s_19s_19_4_0_U1173               | 1   |        | sext_ln27_32                | sext      | dsp58_dp                 | 3       |
|        dsp_dotpra3add_8s_8s_8s_8s_8s_8s_19s_19_4_0_U1173               | 1   |        | add_ln27_6                  | add       | dsp58_dp                 | 3       |
|        dsp_dotpra3add_8s_8s_8s_8s_8s_8s_19s_19_4_0_U1173               | 1   |        | mul_ln27_11                 | mul       | dsp58_dp                 | 3       |
|        dsp_dotpra3add_8s_8s_8s_8s_8s_8s_19s_19_4_0_U1173               | 1   |        | sext_ln27_35                | sext      | dsp58_dp                 | 3       |
|        dsp_dotpra3add_8s_8s_8s_8s_8s_8s_19s_19_4_0_U1173               | 1   |        | add_ln27_7                  | add       | dsp58_dp                 | 3       |
|        dsp_dotpra3add_8s_8s_8s_8s_8s_8s_19s_19_4_0_U1173               | 1   |        | sext_ln20_2                 | sext      | dsp58_dp                 | 3       |
|        dsp_dotpra3add_8s_8s_8s_8s_8s_8s_19s_19_4_0_U1174               | 1   |        | mul_ln27_12                 | mul       | dsp58_dp                 | 3       |
|        dsp_dotpra3add_8s_8s_8s_8s_8s_8s_19s_19_4_0_U1174               | 1   |        | mul_ln27_13                 | mul       | dsp58_dp                 | 3       |
|        dsp_dotpra3add_8s_8s_8s_8s_8s_8s_19s_19_4_0_U1174               | 1   |        | sext_ln27_40                | sext      | dsp58_dp                 | 3       |
|        dsp_dotpra3add_8s_8s_8s_8s_8s_8s_19s_19_4_0_U1174               | 1   |        | sext_ln27_41                | sext      | dsp58_dp                 | 3       |
|        dsp_dotpra3add_8s_8s_8s_8s_8s_8s_19s_19_4_0_U1174               | 1   |        | add_ln27_8                  | add       | dsp58_dp                 | 3       |
|        dsp_dotpra3add_8s_8s_8s_8s_8s_8s_19s_19_4_0_U1174               | 1   |        | mul_ln27_14                 | mul       | dsp58_dp                 | 3       |
|        dsp_dotpra3add_8s_8s_8s_8s_8s_8s_19s_19_4_0_U1174               | 1   |        | sext_ln27_44                | sext      | dsp58_dp                 | 3       |
|        dsp_dotpra3add_8s_8s_8s_8s_8s_8s_19s_19_4_0_U1174               | 1   |        | add_ln27_9                  | add       | dsp58_dp                 | 3       |
|        dsp_dotpra3add_8s_8s_8s_8s_8s_8s_19s_19_4_0_U1174               | 1   |        | sext_ln20_3                 | sext      | dsp58_dp                 | 3       |
|        dsp_dotpra3add_8s_8s_8s_8s_8s_8s_19s_20_4_0_U1175               | 1   |        | mul_ln27_15                 | mul       | dsp58_dp                 | 3       |
|        dsp_dotpra3add_8s_8s_8s_8s_8s_8s_19s_20_4_0_U1175               | 1   |        | mul_ln27_16                 | mul       | dsp58_dp                 | 3       |
|        dsp_dotpra3add_8s_8s_8s_8s_8s_8s_19s_20_4_0_U1175               | 1   |        | sext_ln27_49                | sext      | dsp58_dp                 | 3       |
|        dsp_dotpra3add_8s_8s_8s_8s_8s_8s_19s_20_4_0_U1175               | 1   |        | sext_ln27_50                | sext      | dsp58_dp                 | 3       |
|        dsp_dotpra3add_8s_8s_8s_8s_8s_8s_19s_20_4_0_U1175               | 1   |        | add_ln27_10                 | add       | dsp58_dp                 | 3       |
|        dsp_dotpra3add_8s_8s_8s_8s_8s_8s_19s_20_4_0_U1175               | 1   |        | mul_ln27_17                 | mul       | dsp58_dp                 | 3       |
|        dsp_dotpra3add_8s_8s_8s_8s_8s_8s_19s_20_4_0_U1175               | 1   |        | sext_ln27_53                | sext      | dsp58_dp                 | 3       |
|        dsp_dotpra3add_8s_8s_8s_8s_8s_8s_19s_20_4_0_U1175               | 1   |        | add_ln27_11                 | add       | dsp58_dp                 | 3       |
|        dsp_dotpra3add_8s_8s_8s_8s_8s_8s_19s_20_4_0_U1175               | 1   |        | sext_ln20_4                 | sext      | dsp58_dp                 | 3       |
|        dsp_dotpra3add_8s_8s_8s_8s_8s_8s_20s_20_4_0_U1176               | 1   |        | mul_ln27_18                 | mul       | dsp58_dp                 | 3       |
|        dsp_dotpra3add_8s_8s_8s_8s_8s_8s_20s_20_4_0_U1176               | 1   |        | mul_ln27_19                 | mul       | dsp58_dp                 | 3       |
|        dsp_dotpra3add_8s_8s_8s_8s_8s_8s_20s_20_4_0_U1176               | 1   |        | sext_ln27_58                | sext      | dsp58_dp                 | 3       |
|        dsp_dotpra3add_8s_8s_8s_8s_8s_8s_20s_20_4_0_U1176               | 1   |        | sext_ln27_59                | sext      | dsp58_dp                 | 3       |
|        dsp_dotpra3add_8s_8s_8s_8s_8s_8s_20s_20_4_0_U1176               | 1   |        | add_ln27_12                 | add       | dsp58_dp                 | 3       |
|        dsp_dotpra3add_8s_8s_8s_8s_8s_8s_20s_20_4_0_U1176               | 1   |        | mul_ln27_20                 | mul       | dsp58_dp                 | 3       |
|        dsp_dotpra3add_8s_8s_8s_8s_8s_8s_20s_20_4_0_U1176               | 1   |        | sext_ln27_62                | sext      | dsp58_dp                 | 3       |
|        dsp_dotpra3add_8s_8s_8s_8s_8s_8s_20s_20_4_0_U1176               | 1   |        | add_ln27_13                 | add       | dsp58_dp                 | 3       |
|        dsp_dotpra3add_8s_8s_8s_8s_8s_8s_20s_20_4_0_U1176               | 1   |        | sext_ln20_5                 | sext      | dsp58_dp                 | 3       |
|        dsp_dotpra3add_8s_8s_8s_8s_8s_8s_20s_20_4_0_U1177               | 1   |        | mul_ln27_21                 | mul       | dsp58_dp                 | 3       |
|        dsp_dotpra3add_8s_8s_8s_8s_8s_8s_20s_20_4_0_U1177               | 1   |        | mul_ln27_22                 | mul       | dsp58_dp                 | 3       |
|        dsp_dotpra3add_8s_8s_8s_8s_8s_8s_20s_20_4_0_U1177               | 1   |        | sext_ln27_67                | sext      | dsp58_dp                 | 3       |
|        dsp_dotpra3add_8s_8s_8s_8s_8s_8s_20s_20_4_0_U1177               | 1   |        | sext_ln27_68                | sext      | dsp58_dp                 | 3       |
|        dsp_dotpra3add_8s_8s_8s_8s_8s_8s_20s_20_4_0_U1177               | 1   |        | add_ln27_14                 | add       | dsp58_dp                 | 3       |
|        dsp_dotpra3add_8s_8s_8s_8s_8s_8s_20s_20_4_0_U1177               | 1   |        | mul_ln27_23                 | mul       | dsp58_dp                 | 3       |
|        dsp_dotpra3add_8s_8s_8s_8s_8s_8s_20s_20_4_0_U1177               | 1   |        | sext_ln27_71                | sext      | dsp58_dp                 | 3       |
|        dsp_dotpra3add_8s_8s_8s_8s_8s_8s_20s_20_4_0_U1177               | 1   |        | add_ln27_15                 | add       | dsp58_dp                 | 3       |
|        dsp_dotpra3add_8s_8s_8s_8s_8s_8s_20s_20_4_0_U1177               | 1   |        | sext_ln20_6                 | sext      | dsp58_dp                 | 3       |
|        dsp_dotpra3add_8s_8s_8s_8s_8s_8s_20s_20_4_0_U1178               | 1   |        | mul_ln27_24                 | mul       | dsp58_dp                 | 3       |
|        dsp_dotpra3add_8s_8s_8s_8s_8s_8s_20s_20_4_0_U1178               | 1   |        | mul_ln27_25                 | mul       | dsp58_dp                 | 3       |
|        dsp_dotpra3add_8s_8s_8s_8s_8s_8s_20s_20_4_0_U1178               | 1   |        | sext_ln27_76                | sext      | dsp58_dp                 | 3       |
|        dsp_dotpra3add_8s_8s_8s_8s_8s_8s_20s_20_4_0_U1178               | 1   |        | sext_ln27_77                | sext      | dsp58_dp                 | 3       |
|        dsp_dotpra3add_8s_8s_8s_8s_8s_8s_20s_20_4_0_U1178               | 1   |        | add_ln27_16                 | add       | dsp58_dp                 | 3       |
|        dsp_dotpra3add_8s_8s_8s_8s_8s_8s_20s_20_4_0_U1178               | 1   |        | mul_ln27_26                 | mul       | dsp58_dp                 | 3       |
|        dsp_dotpra3add_8s_8s_8s_8s_8s_8s_20s_20_4_0_U1178               | 1   |        | sext_ln27_80                | sext      | dsp58_dp                 | 3       |
|        dsp_dotpra3add_8s_8s_8s_8s_8s_8s_20s_20_4_0_U1178               | 1   |        | add_ln27_17                 | add       | dsp58_dp                 | 3       |
|        dsp_dotpra3add_8s_8s_8s_8s_8s_8s_20s_20_4_0_U1178               | 1   |        | sext_ln20_7                 | sext      | dsp58_dp                 | 3       |
|        dsp_dotpra3add_8s_8s_8s_8s_8s_8s_20s_20_4_0_U1179               | 1   |        | mul_ln27_27                 | mul       | dsp58_dp                 | 3       |
|        dsp_dotpra3add_8s_8s_8s_8s_8s_8s_20s_20_4_0_U1179               | 1   |        | mul_ln27_28                 | mul       | dsp58_dp                 | 3       |
|        dsp_dotpra3add_8s_8s_8s_8s_8s_8s_20s_20_4_0_U1179               | 1   |        | sext_ln27_85                | sext      | dsp58_dp                 | 3       |
|        dsp_dotpra3add_8s_8s_8s_8s_8s_8s_20s_20_4_0_U1179               | 1   |        | sext_ln27_86                | sext      | dsp58_dp                 | 3       |
|        dsp_dotpra3add_8s_8s_8s_8s_8s_8s_20s_20_4_0_U1179               | 1   |        | add_ln27_18                 | add       | dsp58_dp                 | 3       |
|        dsp_dotpra3add_8s_8s_8s_8s_8s_8s_20s_20_4_0_U1179               | 1   |        | mul_ln27_29                 | mul       | dsp58_dp                 | 3       |
|        dsp_dotpra3add_8s_8s_8s_8s_8s_8s_20s_20_4_0_U1179               | 1   |        | sext_ln27_89                | sext      | dsp58_dp                 | 3       |
|        dsp_dotpra3add_8s_8s_8s_8s_8s_8s_20s_20_4_0_U1179               | 1   |        | add_ln27_19                 | add       | dsp58_dp                 | 3       |
|        dsp_dotpra3add_8s_8s_8s_8s_8s_8s_20s_20_4_0_U1179               | 1   |        | sext_ln20_8                 | sext      | dsp58_dp                 | 3       |
|        dsp_dotpra3add_8s_8s_8s_8s_8s_8s_20s_21_4_0_U1180               | 1   |        | mul_ln27_30                 | mul       | dsp58_dp                 | 3       |
|        dsp_dotpra3add_8s_8s_8s_8s_8s_8s_20s_21_4_0_U1180               | 1   |        | mul_ln27_31                 | mul       | dsp58_dp                 | 3       |
|        dsp_dotpra3add_8s_8s_8s_8s_8s_8s_20s_21_4_0_U1180               | 1   |        | sext_ln27_94                | sext      | dsp58_dp                 | 3       |
|        dsp_dotpra3add_8s_8s_8s_8s_8s_8s_20s_21_4_0_U1180               | 1   |        | sext_ln27_95                | sext      | dsp58_dp                 | 3       |
|        dsp_dotpra3add_8s_8s_8s_8s_8s_8s_20s_21_4_0_U1180               | 1   |        | add_ln27_20                 | add       | dsp58_dp                 | 3       |
|        dsp_dotpra3add_8s_8s_8s_8s_8s_8s_20s_21_4_0_U1180               | 1   |        | mul_ln27_32                 | mul       | dsp58_dp                 | 3       |
|        dsp_dotpra3add_8s_8s_8s_8s_8s_8s_20s_21_4_0_U1180               | 1   |        | sext_ln27_98                | sext      | dsp58_dp                 | 3       |
|        dsp_dotpra3add_8s_8s_8s_8s_8s_8s_20s_21_4_0_U1180               | 1   |        | add_ln27_21                 | add       | dsp58_dp                 | 3       |
|        dsp_dotpra3add_8s_8s_8s_8s_8s_8s_20s_21_4_0_U1180               | 1   |        | sext_ln20_9                 | sext      | dsp58_dp                 | 3       |
|        dsp_dotpra3add_8s_8s_8s_8s_8s_8s_21s_21_4_0_U1181               | 1   |        | mul_ln27_33                 | mul       | dsp58_dp                 | 3       |
|        dsp_dotpra3add_8s_8s_8s_8s_8s_8s_21s_21_4_0_U1181               | 1   |        | mul_ln27_34                 | mul       | dsp58_dp                 | 3       |
|        dsp_dotpra3add_8s_8s_8s_8s_8s_8s_21s_21_4_0_U1181               | 1   |        | sext_ln27_103               | sext      | dsp58_dp                 | 3       |
|        dsp_dotpra3add_8s_8s_8s_8s_8s_8s_21s_21_4_0_U1181               | 1   |        | sext_ln27_104               | sext      | dsp58_dp                 | 3       |
|        dsp_dotpra3add_8s_8s_8s_8s_8s_8s_21s_21_4_0_U1181               | 1   |        | add_ln27_22                 | add       | dsp58_dp                 | 3       |
|        dsp_dotpra3add_8s_8s_8s_8s_8s_8s_21s_21_4_0_U1181               | 1   |        | mul_ln27_35                 | mul       | dsp58_dp                 | 3       |
|        dsp_dotpra3add_8s_8s_8s_8s_8s_8s_21s_21_4_0_U1181               | 1   |        | sext_ln27_107               | sext      | dsp58_dp                 | 3       |
|        dsp_dotpra3add_8s_8s_8s_8s_8s_8s_21s_21_4_0_U1181               | 1   |        | add_ln27_23                 | add       | dsp58_dp                 | 3       |
|        dsp_dotpra3add_8s_8s_8s_8s_8s_8s_21s_21_4_0_U1181               | 1   |        | sext_ln20_10                | sext      | dsp58_dp                 | 3       |
|        dsp_dotpra3add_8s_8s_8s_8s_8s_8s_21s_21_4_0_U1182               | 1   |        | mul_ln27_36                 | mul       | dsp58_dp                 | 3       |
|        dsp_dotpra3add_8s_8s_8s_8s_8s_8s_21s_21_4_0_U1182               | 1   |        | mul_ln27_37                 | mul       | dsp58_dp                 | 3       |
|        dsp_dotpra3add_8s_8s_8s_8s_8s_8s_21s_21_4_0_U1182               | 1   |        | sext_ln27_112               | sext      | dsp58_dp                 | 3       |
|        dsp_dotpra3add_8s_8s_8s_8s_8s_8s_21s_21_4_0_U1182               | 1   |        | sext_ln27_113               | sext      | dsp58_dp                 | 3       |
|        dsp_dotpra3add_8s_8s_8s_8s_8s_8s_21s_21_4_0_U1182               | 1   |        | add_ln27_24                 | add       | dsp58_dp                 | 3       |
|        dsp_dotpra3add_8s_8s_8s_8s_8s_8s_21s_21_4_0_U1182               | 1   |        | mul_ln27_38                 | mul       | dsp58_dp                 | 3       |
|        dsp_dotpra3add_8s_8s_8s_8s_8s_8s_21s_21_4_0_U1182               | 1   |        | sext_ln27_116               | sext      | dsp58_dp                 | 3       |
|        dsp_dotpra3add_8s_8s_8s_8s_8s_8s_21s_21_4_0_U1182               | 1   |        | add_ln27_25                 | add       | dsp58_dp                 | 3       |
|        dsp_dotpra3add_8s_8s_8s_8s_8s_8s_21s_21_4_0_U1182               | 1   |        | sext_ln20_11                | sext      | dsp58_dp                 | 3       |
|        dsp_dotpra3add_8s_8s_8s_8s_8s_8s_21s_21_4_0_U1183               | 1   |        | mul_ln27_39                 | mul       | dsp58_dp                 | 3       |
|        dsp_dotpra3add_8s_8s_8s_8s_8s_8s_21s_21_4_0_U1183               | 1   |        | mul_ln27_40                 | mul       | dsp58_dp                 | 3       |
|        dsp_dotpra3add_8s_8s_8s_8s_8s_8s_21s_21_4_0_U1183               | 1   |        | sext_ln27_121               | sext      | dsp58_dp                 | 3       |
|        dsp_dotpra3add_8s_8s_8s_8s_8s_8s_21s_21_4_0_U1183               | 1   |        | sext_ln27_122               | sext      | dsp58_dp                 | 3       |
|        dsp_dotpra3add_8s_8s_8s_8s_8s_8s_21s_21_4_0_U1183               | 1   |        | add_ln27_26                 | add       | dsp58_dp                 | 3       |
|        dsp_dotpra3add_8s_8s_8s_8s_8s_8s_21s_21_4_0_U1183               | 1   |        | mul_ln27_41                 | mul       | dsp58_dp                 | 3       |
|        dsp_dotpra3add_8s_8s_8s_8s_8s_8s_21s_21_4_0_U1183               | 1   |        | sext_ln27_125               | sext      | dsp58_dp                 | 3       |
|        dsp_dotpra3add_8s_8s_8s_8s_8s_8s_21s_21_4_0_U1183               | 1   |        | add_ln27_27                 | add       | dsp58_dp                 | 3       |
|        dsp_dotpra3add_8s_8s_8s_8s_8s_8s_21s_21_4_0_U1183               | 1   |        | sext_ln20_12                | sext      | dsp58_dp                 | 3       |
|        dsp_dotpra3add_8s_8s_8s_8s_8s_8s_21s_21_4_0_U1184               | 1   |        | mul_ln27_42                 | mul       | dsp58_dp                 | 3       |
|        dsp_dotpra3add_8s_8s_8s_8s_8s_8s_21s_21_4_0_U1184               | 1   |        | mul_ln27_43                 | mul       | dsp58_dp                 | 3       |
|        dsp_dotpra3add_8s_8s_8s_8s_8s_8s_21s_21_4_0_U1184               | 1   |        | sext_ln27_130               | sext      | dsp58_dp                 | 3       |
|        dsp_dotpra3add_8s_8s_8s_8s_8s_8s_21s_21_4_0_U1184               | 1   |        | sext_ln27_131               | sext      | dsp58_dp                 | 3       |
|        dsp_dotpra3add_8s_8s_8s_8s_8s_8s_21s_21_4_0_U1184               | 1   |        | add_ln27_28                 | add       | dsp58_dp                 | 3       |
|        dsp_dotpra3add_8s_8s_8s_8s_8s_8s_21s_21_4_0_U1184               | 1   |        | mul_ln27_44                 | mul       | dsp58_dp                 | 3       |
|        dsp_dotpra3add_8s_8s_8s_8s_8s_8s_21s_21_4_0_U1184               | 1   |        | sext_ln27_134               | sext      | dsp58_dp                 | 3       |
|        dsp_dotpra3add_8s_8s_8s_8s_8s_8s_21s_21_4_0_U1184               | 1   |        | add_ln27_29                 | add       | dsp58_dp                 | 3       |
|        dsp_dotpra3add_8s_8s_8s_8s_8s_8s_21s_21_4_0_U1184               | 1   |        | sext_ln20_13                | sext      | dsp58_dp                 | 3       |
|        dsp_dotpra3add_8s_8s_8s_8s_8s_8s_21s_21_4_0_U1185               | 1   |        | mul_ln27_45                 | mul       | dsp58_dp                 | 3       |
|        dsp_dotpra3add_8s_8s_8s_8s_8s_8s_21s_21_4_0_U1185               | 1   |        | mul_ln27_46                 | mul       | dsp58_dp                 | 3       |
|        dsp_dotpra3add_8s_8s_8s_8s_8s_8s_21s_21_4_0_U1185               | 1   |        | sext_ln27_139               | sext      | dsp58_dp                 | 3       |
|        dsp_dotpra3add_8s_8s_8s_8s_8s_8s_21s_21_4_0_U1185               | 1   |        | sext_ln27_140               | sext      | dsp58_dp                 | 3       |
|        dsp_dotpra3add_8s_8s_8s_8s_8s_8s_21s_21_4_0_U1185               | 1   |        | add_ln27_30                 | add       | dsp58_dp                 | 3       |
|        dsp_dotpra3add_8s_8s_8s_8s_8s_8s_21s_21_4_0_U1185               | 1   |        | mul_ln27_47                 | mul       | dsp58_dp                 | 3       |
|        dsp_dotpra3add_8s_8s_8s_8s_8s_8s_21s_21_4_0_U1185               | 1   |        | sext_ln27_143               | sext      | dsp58_dp                 | 3       |
|        dsp_dotpra3add_8s_8s_8s_8s_8s_8s_21s_21_4_0_U1185               | 1   |        | add_ln27_31                 | add       | dsp58_dp                 | 3       |
|        dsp_dotpra3add_8s_8s_8s_8s_8s_8s_21s_21_4_0_U1185               | 1   |        | sext_ln20_14                | sext      | dsp58_dp                 | 3       |
|        dsp_dotpra3add_8s_8s_8s_8s_8s_8s_21s_21_4_0_U1186               | 1   |        | mul_ln27_48                 | mul       | dsp58_dp                 | 3       |
|        dsp_dotpra3add_8s_8s_8s_8s_8s_8s_21s_21_4_0_U1186               | 1   |        | mul_ln27_49                 | mul       | dsp58_dp                 | 3       |
|        dsp_dotpra3add_8s_8s_8s_8s_8s_8s_21s_21_4_0_U1186               | 1   |        | sext_ln27_148               | sext      | dsp58_dp                 | 3       |
|        dsp_dotpra3add_8s_8s_8s_8s_8s_8s_21s_21_4_0_U1186               | 1   |        | sext_ln27_149               | sext      | dsp58_dp                 | 3       |
|        dsp_dotpra3add_8s_8s_8s_8s_8s_8s_21s_21_4_0_U1186               | 1   |        | add_ln27_32                 | add       | dsp58_dp                 | 3       |
|        dsp_dotpra3add_8s_8s_8s_8s_8s_8s_21s_21_4_0_U1186               | 1   |        | mul_ln27_50                 | mul       | dsp58_dp                 | 3       |
|        dsp_dotpra3add_8s_8s_8s_8s_8s_8s_21s_21_4_0_U1186               | 1   |        | sext_ln27_152               | sext      | dsp58_dp                 | 3       |
|        dsp_dotpra3add_8s_8s_8s_8s_8s_8s_21s_21_4_0_U1186               | 1   |        | add_ln27_33                 | add       | dsp58_dp                 | 3       |
|        dsp_dotpra3add_8s_8s_8s_8s_8s_8s_21s_21_4_0_U1186               | 1   |        | sext_ln20_15                | sext      | dsp58_dp                 | 3       |
|        dsp_dotpra3add_8s_8s_8s_8s_8s_8s_21s_21_4_0_U1187               | 1   |        | mul_ln27_51                 | mul       | dsp58_dp                 | 3       |
|        dsp_dotpra3add_8s_8s_8s_8s_8s_8s_21s_21_4_0_U1187               | 1   |        | mul_ln27_52                 | mul       | dsp58_dp                 | 3       |
|        dsp_dotpra3add_8s_8s_8s_8s_8s_8s_21s_21_4_0_U1187               | 1   |        | sext_ln27_157               | sext      | dsp58_dp                 | 3       |
|        dsp_dotpra3add_8s_8s_8s_8s_8s_8s_21s_21_4_0_U1187               | 1   |        | sext_ln27_158               | sext      | dsp58_dp                 | 3       |
|        dsp_dotpra3add_8s_8s_8s_8s_8s_8s_21s_21_4_0_U1187               | 1   |        | add_ln27_34                 | add       | dsp58_dp                 | 3       |
|        dsp_dotpra3add_8s_8s_8s_8s_8s_8s_21s_21_4_0_U1187               | 1   |        | mul_ln27_53                 | mul       | dsp58_dp                 | 3       |
|        dsp_dotpra3add_8s_8s_8s_8s_8s_8s_21s_21_4_0_U1187               | 1   |        | sext_ln27_161               | sext      | dsp58_dp                 | 3       |
|        dsp_dotpra3add_8s_8s_8s_8s_8s_8s_21s_21_4_0_U1187               | 1   |        | add_ln27_35                 | add       | dsp58_dp                 | 3       |
|        dsp_dotpra3add_8s_8s_8s_8s_8s_8s_21s_21_4_0_U1187               | 1   |        | sext_ln20_16                | sext      | dsp58_dp                 | 3       |
|        dsp_dotpra3add_8s_8s_8s_8s_8s_8s_21s_21_4_0_U1188               | 1   |        | mul_ln27_54                 | mul       | dsp58_dp                 | 3       |
|        dsp_dotpra3add_8s_8s_8s_8s_8s_8s_21s_21_4_0_U1188               | 1   |        | mul_ln27_55                 | mul       | dsp58_dp                 | 3       |
|        dsp_dotpra3add_8s_8s_8s_8s_8s_8s_21s_21_4_0_U1188               | 1   |        | sext_ln27_166               | sext      | dsp58_dp                 | 3       |
|        dsp_dotpra3add_8s_8s_8s_8s_8s_8s_21s_21_4_0_U1188               | 1   |        | sext_ln27_167               | sext      | dsp58_dp                 | 3       |
|        dsp_dotpra3add_8s_8s_8s_8s_8s_8s_21s_21_4_0_U1188               | 1   |        | add_ln27_36                 | add       | dsp58_dp                 | 3       |
|        dsp_dotpra3add_8s_8s_8s_8s_8s_8s_21s_21_4_0_U1188               | 1   |        | mul_ln27_56                 | mul       | dsp58_dp                 | 3       |
|        dsp_dotpra3add_8s_8s_8s_8s_8s_8s_21s_21_4_0_U1188               | 1   |        | sext_ln27_170               | sext      | dsp58_dp                 | 3       |
|        dsp_dotpra3add_8s_8s_8s_8s_8s_8s_21s_21_4_0_U1188               | 1   |        | add_ln27_37                 | add       | dsp58_dp                 | 3       |
|        dsp_dotpra3add_8s_8s_8s_8s_8s_8s_21s_21_4_0_U1188               | 1   |        | sext_ln20_17                | sext      | dsp58_dp                 | 3       |
|        dsp_dotpra3add_8s_8s_8s_8s_8s_8s_21s_21_4_0_U1189               | 1   |        | mul_ln27_57                 | mul       | dsp58_dp                 | 3       |
|        dsp_dotpra3add_8s_8s_8s_8s_8s_8s_21s_21_4_0_U1189               | 1   |        | mul_ln27_58                 | mul       | dsp58_dp                 | 3       |
|        dsp_dotpra3add_8s_8s_8s_8s_8s_8s_21s_21_4_0_U1189               | 1   |        | sext_ln27_175               | sext      | dsp58_dp                 | 3       |
|        dsp_dotpra3add_8s_8s_8s_8s_8s_8s_21s_21_4_0_U1189               | 1   |        | sext_ln27_176               | sext      | dsp58_dp                 | 3       |
|        dsp_dotpra3add_8s_8s_8s_8s_8s_8s_21s_21_4_0_U1189               | 1   |        | add_ln27_38                 | add       | dsp58_dp                 | 3       |
|        dsp_dotpra3add_8s_8s_8s_8s_8s_8s_21s_21_4_0_U1189               | 1   |        | mul_ln27_59                 | mul       | dsp58_dp                 | 3       |
|        dsp_dotpra3add_8s_8s_8s_8s_8s_8s_21s_21_4_0_U1189               | 1   |        | sext_ln27_179               | sext      | dsp58_dp                 | 3       |
|        dsp_dotpra3add_8s_8s_8s_8s_8s_8s_21s_21_4_0_U1189               | 1   |        | add_ln27_39                 | add       | dsp58_dp                 | 3       |
|        dsp_dotpra3add_8s_8s_8s_8s_8s_8s_21s_21_4_0_U1189               | 1   |        | sext_ln20_18                | sext      | dsp58_dp                 | 3       |
|        dsp_dotpra3add_8s_8s_8s_8s_8s_8s_21s_21_4_0_U1190               | 1   |        | mul_ln27_60                 | mul       | dsp58_dp                 | 3       |
|        dsp_dotpra3add_8s_8s_8s_8s_8s_8s_21s_21_4_0_U1190               | 1   |        | mul_ln27_61                 | mul       | dsp58_dp                 | 3       |
|        dsp_dotpra3add_8s_8s_8s_8s_8s_8s_21s_21_4_0_U1190               | 1   |        | sext_ln27_184               | sext      | dsp58_dp                 | 3       |
|        dsp_dotpra3add_8s_8s_8s_8s_8s_8s_21s_21_4_0_U1190               | 1   |        | sext_ln27_185               | sext      | dsp58_dp                 | 3       |
|        dsp_dotpra3add_8s_8s_8s_8s_8s_8s_21s_21_4_0_U1190               | 1   |        | add_ln27_40                 | add       | dsp58_dp                 | 3       |
|        dsp_dotpra3add_8s_8s_8s_8s_8s_8s_21s_21_4_0_U1190               | 1   |        | mul_ln27_62                 | mul       | dsp58_dp                 | 3       |
|        dsp_dotpra3add_8s_8s_8s_8s_8s_8s_21s_21_4_0_U1190               | 1   |        | sext_ln27_188               | sext      | dsp58_dp                 | 3       |
|        dsp_dotpra3add_8s_8s_8s_8s_8s_8s_21s_21_4_0_U1190               | 1   |        | add_ln27_41                 | add       | dsp58_dp                 | 3       |
|        dsp_dotpra3add_8s_8s_8s_8s_8s_8s_21s_21_4_0_U1190               | 1   |        | sext_ln20_19                | sext      | dsp58_dp                 | 3       |
|        mac_muladd_8s_8s_21s_22_4_0_U1191                               | 1   |        | mul_ln27_63                 | mul       | dsp_slice                | 3       |
|        mac_muladd_8s_8s_21s_22_4_0_U1191                               | 1   |        | sext_ln27_191               | sext      | dsp_slice                | 3       |
|        dsp_dotpra3add_8s_8s_8s_8s_8s_8s_17s_18_4_0_U1171               | 1   |        | add_ln27_42                 | add       | dsp58_dp                 | 3       |
|        dsp_dotpra3add_8s_8s_8s_8s_8s_8s_18s_19_4_0_U1172               | 1   |        | add_ln27_43                 | add       | dsp58_dp                 | 3       |
|        dsp_dotpra3add_8s_8s_8s_8s_8s_8s_19s_19_4_0_U1173               | 1   |        | add_ln27_44                 | add       | dsp58_dp                 | 3       |
|        dsp_dotpra3add_8s_8s_8s_8s_8s_8s_19s_19_4_0_U1174               | 1   |        | add_ln27_45                 | add       | dsp58_dp                 | 3       |
|        dsp_dotpra3add_8s_8s_8s_8s_8s_8s_19s_20_4_0_U1175               | 1   |        | add_ln27_46                 | add       | dsp58_dp                 | 3       |
|        dsp_dotpra3add_8s_8s_8s_8s_8s_8s_20s_20_4_0_U1176               | 1   |        | add_ln27_47                 | add       | dsp58_dp                 | 3       |
|        dsp_dotpra3add_8s_8s_8s_8s_8s_8s_20s_20_4_0_U1177               | 1   |        | add_ln27_48                 | add       | dsp58_dp                 | 3       |
|        dsp_dotpra3add_8s_8s_8s_8s_8s_8s_20s_20_4_0_U1178               | 1   |        | add_ln27_49                 | add       | dsp58_dp                 | 3       |
|        dsp_dotpra3add_8s_8s_8s_8s_8s_8s_20s_20_4_0_U1179               | 1   |        | add_ln27_50                 | add       | dsp58_dp                 | 3       |
|        dsp_dotpra3add_8s_8s_8s_8s_8s_8s_20s_21_4_0_U1180               | 1   |        | add_ln27_51                 | add       | dsp58_dp                 | 3       |
|        dsp_dotpra3add_8s_8s_8s_8s_8s_8s_21s_21_4_0_U1181               | 1   |        | add_ln27_52                 | add       | dsp58_dp                 | 3       |
|        dsp_dotpra3add_8s_8s_8s_8s_8s_8s_21s_21_4_0_U1182               | 1   |        | add_ln27_53                 | add       | dsp58_dp                 | 3       |
|        dsp_dotpra3add_8s_8s_8s_8s_8s_8s_21s_21_4_0_U1183               | 1   |        | add_ln27_54                 | add       | dsp58_dp                 | 3       |
|        dsp_dotpra3add_8s_8s_8s_8s_8s_8s_21s_21_4_0_U1184               | 1   |        | add_ln27_55                 | add       | dsp58_dp                 | 3       |
|        dsp_dotpra3add_8s_8s_8s_8s_8s_8s_21s_21_4_0_U1185               | 1   |        | add_ln27_56                 | add       | dsp58_dp                 | 3       |
|        dsp_dotpra3add_8s_8s_8s_8s_8s_8s_21s_21_4_0_U1186               | 1   |        | add_ln27_57                 | add       | dsp58_dp                 | 3       |
|        dsp_dotpra3add_8s_8s_8s_8s_8s_8s_21s_21_4_0_U1187               | 1   |        | add_ln27_58                 | add       | dsp58_dp                 | 3       |
|        dsp_dotpra3add_8s_8s_8s_8s_8s_8s_21s_21_4_0_U1188               | 1   |        | add_ln27_59                 | add       | dsp58_dp                 | 3       |
|        dsp_dotpra3add_8s_8s_8s_8s_8s_8s_21s_21_4_0_U1189               | 1   |        | add_ln27_60                 | add       | dsp58_dp                 | 3       |
|        dsp_dotpra3add_8s_8s_8s_8s_8s_8s_21s_21_4_0_U1190               | 1   |        | add_ln27_61                 | add       | dsp58_dp                 | 3       |
|        mac_muladd_8s_8s_21s_22_4_0_U1191                               | 1   |        | acc_2                       | add       | dsp_slice                | 3       |
|    + mm_psum_7                                                         | 3   |        |                             |           |                          |         |
|      sub_ln200_fu_76_p2                                                |     |        | sub_ln200                   | sub       | fabric                   | 0       |
|      sub_ln200_3_fu_102_p2                                             |     |        | sub_ln200_3                 | sub       | fabric                   | 0       |
|      M_DIM_fu_107_p3                                                   |     |        | M_DIM                       | select    | auto_sel                 | 0       |
|      mul_31s_24s_32_4_1_U1227                                          | 2   |        | mul_ln60                    | mul       | auto                     | 3       |
|     + mm_psum_7_Pipeline_VITIS_LOOP_60_1                               | 1   |        |                             |           |                          |         |
|       add_ln60_fu_75_p2                                                |     |        | add_ln60                    | add       | fabric                   | 0       |
|       icmp_ln60_fu_85_p2                                               |     |        | icmp_ln60                   | setlt     | auto                     | 0       |
|       fadd_32ns_32ns_32_2_primitive_dsp_1_U1223                        | 1   |        | tmp                         | fadd      | primitivedsp             | 1       |
|       fadd_32ns_32ns_32_2_primitive_dsp_1_U1223                        | 1   |        | tmp1                        | fadd      | primitivedsp             | 1       |
|       fadd_32ns_32ns_32_2_primitive_dsp_1_U1223                        | 1   |        | add_i_2_i                   | fadd      | primitivedsp             | 1       |
|    + mm_final_sum_8                                                    | 3   |        |                             |           |                          |         |
|      sub_ln200_fu_89_p2                                                |     |        | sub_ln200                   | sub       | fabric                   | 0       |
|      sub_ln200_5_fu_115_p2                                             |     |        | sub_ln200_5                 | sub       | fabric                   | 0       |
|      M_DIM_fu_120_p3                                                   |     |        | M_DIM                       | select    | auto_sel                 | 0       |
|      mul_31s_24s_32_4_1_U1238                                          | 2   |        | mul_ln76                    | mul       | auto                     | 3       |
|      add_ln79_fu_156_p2                                                |     |        | add_ln79                    | add       | fabric                   | 0       |
|     + mm_final_sum_8_Pipeline_VITIS_LOOP_76_1                          | 1   |        |                             |           |                          |         |
|       add_ln76_fu_115_p2                                               |     |        | add_ln76                    | add       | fabric                   | 0       |
|       icmp_ln76_fu_125_p2                                              |     |        | icmp_ln76                   | setlt     | auto                     | 0       |
|       fadd_32ns_32ns_32_2_primitive_dsp_1_U1233                        | 1   |        | acc_1                       | fadd      | primitivedsp             | 1       |
|       icmp_ln79_fu_153_p2                                              |     |        | icmp_ln79                   | seteq     | auto                     | 0       |
|       j_4_fu_158_p2                                                    |     |        | j_4                         | add       | fabric                   | 0       |
|   + s_rtl_GeMV_kernel_4                                                | 35  |        |                             |           |                          |         |
|    + gemv_sf_val_float_4ul_16ul_s                                      | 4   |        |                             |           |                          |         |
|      sub_ln200_fu_122_p2                                               |     |        | sub_ln200                   | sub       | fabric                   | 0       |
|      sub_ln200_8_fu_148_p2                                             |     |        | sub_ln200_8                 | sub       | fabric                   | 0       |
|      M_DIM_fu_153_p3                                                   |     |        | M_DIM                       | select    | auto_sel                 | 0       |
|      sub_ln94_fu_171_p2                                                |     |        | sub_ln94                    | sub       | fabric                   | 0       |
|      sub_ln94_2_fu_205_p2                                              |     |        | sub_ln94_2                  | sub       | fabric                   | 0       |
|      sfCnt_fu_210_p3                                                   |     |        | sfCnt                       | select    | auto_sel                 | 0       |
|      mul_31s_32s_32_5_1_U1268                                          | 3   |        | mul_ln95                    | mul       | auto                     | 4       |
|      sub_ln95_fu_277_p2                                                |     |        | sub_ln95                    | sub       | fabric                   | 0       |
|      sub_ln95_2_fu_292_p2                                              |     |        | sub_ln95_2                  | sub       | fabric                   | 0       |
|      vCount_fu_297_p3                                                  |     |        | vCount                      | select    | auto_sel                 | 0       |
|     + gemv_sf_val_float_4ul_16ul_Pipeline_mm_tok_sf                    | 0   |        |                             |           |                          |         |
|       add_ln98_fu_134_p2                                               |     |        | add_ln98                    | add       | fabric                   | 0       |
|       icmp_ln98_fu_140_p2                                              |     |        | icmp_ln98                   | seteq     | auto                     | 0       |
|     + gemv_sf_val_float_4ul_16ul_Pipeline_mm_sf_out                    | 1   |        |                             |           |                          |         |
|       ii_10_fu_360_p2                                                  |     |        | ii_10                       | add       | fabric                   | 0       |
|       icmp_ln111_fu_370_p2                                             |     |        | icmp_ln111                  | setlt     | auto                     | 0       |
|       srem_26ns_26ns_26_29_1_U1261                                     |     |        | kdx                         | srem      | vivado_divider           | 28      |
|       icmp_ln117_fu_386_p2                                             |     |        | icmp_ln117                  | seteq     | auto                     | 0       |
|       select_ln122_fu_695_p3                                           |     |        | select_ln122                | select    | auto_sel                 | 0       |
|       fmul_32ns_32ns_32_3_primitive_dsp_1_U1260                        | 1   |        | tmpo                        | fmul      | primitivedsp             | 2       |
|    + mm_rtl_w                                                          | 25  |        |                             |           |                          |         |
|      sub_ln200_fu_112_p2                                               |     |        | sub_ln200                   | sub       | fabric                   | 0       |
|      sub_ln200_2_fu_138_p2                                             |     |        | sub_ln200_2                 | sub       | fabric                   | 0       |
|      M_DIM_fu_143_p3                                                   |     |        | M_DIM                       | select    | auto_sel                 | 0       |
|      mul_31s_26s_32_4_1_U1287                                          | 2   |        | vCount                      | mul       | auto                     | 3       |
|     + mm_rtl_w_Pipeline_mm_w_sf                                        | 0   |        |                             |           |                          |         |
|       add_ln41_fu_72_p2                                                |     |        | add_ln41                    | add       | fabric                   | 0       |
|       icmp_ln41_fu_82_p2                                               |     |        | icmp_ln41                   | setlt     | auto                     | 0       |
|     + mm_rtl_w_Pipeline_mm_w_out                                       | 23  |        |                             |           |                          |         |
|       ii_2_fu_136_p2                                                   |     |        | ii_2                        | add       | fabric                   | 0       |
|       icmp_ln47_fu_146_p2_frp_dup                                      |     |        | icmp_ln47                   | setlt     | auto                     | 0       |
|       srem_32ns_26s_32_36_1_U1280                                      |     |        | idx                         | srem      | vivado_divider           | 35      |
|       sitofp_32s_32_5_no_dsp_1_U1279                                   |     |        | conv_i                      | sitofp    | auto                     | 4       |
|       fmul_32ns_32ns_32_3_primitive_dsp_1_U1278                        | 1   |        | tmpf                        | fmul      | primitivedsp             | 2       |
|      + dot_prod (grp_dot_prod_fu_108)                                  | 22  |        |                             |           |                          |         |
|        dsp_dotpra3add_8s_8s_8s_8s_8s_8s_17s_18_4_0_U1171               | 1   |        | mul_ln27                    | mul       | dsp58_dp                 | 3       |
|        dsp_dotpra3add_8s_8s_8s_8s_8s_8s_17s_18_4_0_U1171               | 1   |        | mul_ln27_1                  | mul       | dsp58_dp                 | 3       |
|        dsp_dotpra3add_8s_8s_8s_8s_8s_8s_17s_18_4_0_U1171               | 1   |        | sext_ln27_4                 | sext      | dsp58_dp                 | 3       |
|        dsp_dotpra3add_8s_8s_8s_8s_8s_8s_17s_18_4_0_U1171               | 1   |        | sext_ln27_5                 | sext      | dsp58_dp                 | 3       |
|        dsp_dotpra3add_8s_8s_8s_8s_8s_8s_17s_18_4_0_U1171               | 1   |        | add_ln27                    | add       | dsp58_dp                 | 3       |
|        dsp_dotpra3add_8s_8s_8s_8s_8s_8s_17s_18_4_0_U1171               | 1   |        | mul_ln27_2                  | mul       | dsp58_dp                 | 3       |
|        dsp_dotpra3add_8s_8s_8s_8s_8s_8s_17s_18_4_0_U1171               | 1   |        | sext_ln27_8                 | sext      | dsp58_dp                 | 3       |
|        dsp_dotpra3add_8s_8s_8s_8s_8s_8s_17s_18_4_0_U1171               | 1   |        | acc                         | add       | dsp58_dp                 | 3       |
|        dsp_dotpra3add_8s_8s_8s_8s_8s_8s_17s_18_4_0_U1171               | 1   |        | sext_ln16                   | sext      | dsp58_dp                 | 3       |
|        dsp_dotpra3_8s_8s_8s_8s_8s_8s_17_4_0_U1170                      | 1   |        | mul_ln27_3                  | mul       | dsp58_dp                 | 3       |
|        dsp_dotpra3_8s_8s_8s_8s_8s_8s_17_4_0_U1170                      | 1   |        | mul_ln27_4                  | mul       | dsp58_dp                 | 3       |
|        dsp_dotpra3_8s_8s_8s_8s_8s_8s_17_4_0_U1170                      | 1   |        | sext_ln27_13                | sext      | dsp58_dp                 | 3       |
|        dsp_dotpra3_8s_8s_8s_8s_8s_8s_17_4_0_U1170                      | 1   |        | sext_ln27_14                | sext      | dsp58_dp                 | 3       |
|        dsp_dotpra3_8s_8s_8s_8s_8s_8s_17_4_0_U1170                      | 1   |        | add_ln27_2                  | add       | dsp58_dp                 | 3       |
|        dsp_dotpra3_8s_8s_8s_8s_8s_8s_17_4_0_U1170                      | 1   |        | mul_ln27_5                  | mul       | dsp58_dp                 | 3       |
|        dsp_dotpra3_8s_8s_8s_8s_8s_8s_17_4_0_U1170                      | 1   |        | sext_ln27_17                | sext      | dsp58_dp                 | 3       |
|        dsp_dotpra3_8s_8s_8s_8s_8s_8s_17_4_0_U1170                      | 1   |        | add_ln27_3                  | add       | dsp58_dp                 | 3       |
|        dsp_dotpra3add_8s_8s_8s_8s_8s_8s_18s_19_4_0_U1172               | 1   |        | mul_ln27_6                  | mul       | dsp58_dp                 | 3       |
|        dsp_dotpra3add_8s_8s_8s_8s_8s_8s_18s_19_4_0_U1172               | 1   |        | mul_ln27_7                  | mul       | dsp58_dp                 | 3       |
|        dsp_dotpra3add_8s_8s_8s_8s_8s_8s_18s_19_4_0_U1172               | 1   |        | sext_ln27_22                | sext      | dsp58_dp                 | 3       |
|        dsp_dotpra3add_8s_8s_8s_8s_8s_8s_18s_19_4_0_U1172               | 1   |        | sext_ln27_23                | sext      | dsp58_dp                 | 3       |
|        dsp_dotpra3add_8s_8s_8s_8s_8s_8s_18s_19_4_0_U1172               | 1   |        | add_ln27_4                  | add       | dsp58_dp                 | 3       |
|        dsp_dotpra3add_8s_8s_8s_8s_8s_8s_18s_19_4_0_U1172               | 1   |        | mul_ln27_8                  | mul       | dsp58_dp                 | 3       |
|        dsp_dotpra3add_8s_8s_8s_8s_8s_8s_18s_19_4_0_U1172               | 1   |        | sext_ln27_26                | sext      | dsp58_dp                 | 3       |
|        dsp_dotpra3add_8s_8s_8s_8s_8s_8s_18s_19_4_0_U1172               | 1   |        | add_ln27_5                  | add       | dsp58_dp                 | 3       |
|        dsp_dotpra3add_8s_8s_8s_8s_8s_8s_18s_19_4_0_U1172               | 1   |        | sext_ln20_1                 | sext      | dsp58_dp                 | 3       |
|        dsp_dotpra3add_8s_8s_8s_8s_8s_8s_19s_19_4_0_U1173               | 1   |        | mul_ln27_9                  | mul       | dsp58_dp                 | 3       |
|        dsp_dotpra3add_8s_8s_8s_8s_8s_8s_19s_19_4_0_U1173               | 1   |        | mul_ln27_10                 | mul       | dsp58_dp                 | 3       |
|        dsp_dotpra3add_8s_8s_8s_8s_8s_8s_19s_19_4_0_U1173               | 1   |        | sext_ln27_31                | sext      | dsp58_dp                 | 3       |
|        dsp_dotpra3add_8s_8s_8s_8s_8s_8s_19s_19_4_0_U1173               | 1   |        | sext_ln27_32                | sext      | dsp58_dp                 | 3       |
|        dsp_dotpra3add_8s_8s_8s_8s_8s_8s_19s_19_4_0_U1173               | 1   |        | add_ln27_6                  | add       | dsp58_dp                 | 3       |
|        dsp_dotpra3add_8s_8s_8s_8s_8s_8s_19s_19_4_0_U1173               | 1   |        | mul_ln27_11                 | mul       | dsp58_dp                 | 3       |
|        dsp_dotpra3add_8s_8s_8s_8s_8s_8s_19s_19_4_0_U1173               | 1   |        | sext_ln27_35                | sext      | dsp58_dp                 | 3       |
|        dsp_dotpra3add_8s_8s_8s_8s_8s_8s_19s_19_4_0_U1173               | 1   |        | add_ln27_7                  | add       | dsp58_dp                 | 3       |
|        dsp_dotpra3add_8s_8s_8s_8s_8s_8s_19s_19_4_0_U1173               | 1   |        | sext_ln20_2                 | sext      | dsp58_dp                 | 3       |
|        dsp_dotpra3add_8s_8s_8s_8s_8s_8s_19s_19_4_0_U1174               | 1   |        | mul_ln27_12                 | mul       | dsp58_dp                 | 3       |
|        dsp_dotpra3add_8s_8s_8s_8s_8s_8s_19s_19_4_0_U1174               | 1   |        | mul_ln27_13                 | mul       | dsp58_dp                 | 3       |
|        dsp_dotpra3add_8s_8s_8s_8s_8s_8s_19s_19_4_0_U1174               | 1   |        | sext_ln27_40                | sext      | dsp58_dp                 | 3       |
|        dsp_dotpra3add_8s_8s_8s_8s_8s_8s_19s_19_4_0_U1174               | 1   |        | sext_ln27_41                | sext      | dsp58_dp                 | 3       |
|        dsp_dotpra3add_8s_8s_8s_8s_8s_8s_19s_19_4_0_U1174               | 1   |        | add_ln27_8                  | add       | dsp58_dp                 | 3       |
|        dsp_dotpra3add_8s_8s_8s_8s_8s_8s_19s_19_4_0_U1174               | 1   |        | mul_ln27_14                 | mul       | dsp58_dp                 | 3       |
|        dsp_dotpra3add_8s_8s_8s_8s_8s_8s_19s_19_4_0_U1174               | 1   |        | sext_ln27_44                | sext      | dsp58_dp                 | 3       |
|        dsp_dotpra3add_8s_8s_8s_8s_8s_8s_19s_19_4_0_U1174               | 1   |        | add_ln27_9                  | add       | dsp58_dp                 | 3       |
|        dsp_dotpra3add_8s_8s_8s_8s_8s_8s_19s_19_4_0_U1174               | 1   |        | sext_ln20_3                 | sext      | dsp58_dp                 | 3       |
|        dsp_dotpra3add_8s_8s_8s_8s_8s_8s_19s_20_4_0_U1175               | 1   |        | mul_ln27_15                 | mul       | dsp58_dp                 | 3       |
|        dsp_dotpra3add_8s_8s_8s_8s_8s_8s_19s_20_4_0_U1175               | 1   |        | mul_ln27_16                 | mul       | dsp58_dp                 | 3       |
|        dsp_dotpra3add_8s_8s_8s_8s_8s_8s_19s_20_4_0_U1175               | 1   |        | sext_ln27_49                | sext      | dsp58_dp                 | 3       |
|        dsp_dotpra3add_8s_8s_8s_8s_8s_8s_19s_20_4_0_U1175               | 1   |        | sext_ln27_50                | sext      | dsp58_dp                 | 3       |
|        dsp_dotpra3add_8s_8s_8s_8s_8s_8s_19s_20_4_0_U1175               | 1   |        | add_ln27_10                 | add       | dsp58_dp                 | 3       |
|        dsp_dotpra3add_8s_8s_8s_8s_8s_8s_19s_20_4_0_U1175               | 1   |        | mul_ln27_17                 | mul       | dsp58_dp                 | 3       |
|        dsp_dotpra3add_8s_8s_8s_8s_8s_8s_19s_20_4_0_U1175               | 1   |        | sext_ln27_53                | sext      | dsp58_dp                 | 3       |
|        dsp_dotpra3add_8s_8s_8s_8s_8s_8s_19s_20_4_0_U1175               | 1   |        | add_ln27_11                 | add       | dsp58_dp                 | 3       |
|        dsp_dotpra3add_8s_8s_8s_8s_8s_8s_19s_20_4_0_U1175               | 1   |        | sext_ln20_4                 | sext      | dsp58_dp                 | 3       |
|        dsp_dotpra3add_8s_8s_8s_8s_8s_8s_20s_20_4_0_U1176               | 1   |        | mul_ln27_18                 | mul       | dsp58_dp                 | 3       |
|        dsp_dotpra3add_8s_8s_8s_8s_8s_8s_20s_20_4_0_U1176               | 1   |        | mul_ln27_19                 | mul       | dsp58_dp                 | 3       |
|        dsp_dotpra3add_8s_8s_8s_8s_8s_8s_20s_20_4_0_U1176               | 1   |        | sext_ln27_58                | sext      | dsp58_dp                 | 3       |
|        dsp_dotpra3add_8s_8s_8s_8s_8s_8s_20s_20_4_0_U1176               | 1   |        | sext_ln27_59                | sext      | dsp58_dp                 | 3       |
|        dsp_dotpra3add_8s_8s_8s_8s_8s_8s_20s_20_4_0_U1176               | 1   |        | add_ln27_12                 | add       | dsp58_dp                 | 3       |
|        dsp_dotpra3add_8s_8s_8s_8s_8s_8s_20s_20_4_0_U1176               | 1   |        | mul_ln27_20                 | mul       | dsp58_dp                 | 3       |
|        dsp_dotpra3add_8s_8s_8s_8s_8s_8s_20s_20_4_0_U1176               | 1   |        | sext_ln27_62                | sext      | dsp58_dp                 | 3       |
|        dsp_dotpra3add_8s_8s_8s_8s_8s_8s_20s_20_4_0_U1176               | 1   |        | add_ln27_13                 | add       | dsp58_dp                 | 3       |
|        dsp_dotpra3add_8s_8s_8s_8s_8s_8s_20s_20_4_0_U1176               | 1   |        | sext_ln20_5                 | sext      | dsp58_dp                 | 3       |
|        dsp_dotpra3add_8s_8s_8s_8s_8s_8s_20s_20_4_0_U1177               | 1   |        | mul_ln27_21                 | mul       | dsp58_dp                 | 3       |
|        dsp_dotpra3add_8s_8s_8s_8s_8s_8s_20s_20_4_0_U1177               | 1   |        | mul_ln27_22                 | mul       | dsp58_dp                 | 3       |
|        dsp_dotpra3add_8s_8s_8s_8s_8s_8s_20s_20_4_0_U1177               | 1   |        | sext_ln27_67                | sext      | dsp58_dp                 | 3       |
|        dsp_dotpra3add_8s_8s_8s_8s_8s_8s_20s_20_4_0_U1177               | 1   |        | sext_ln27_68                | sext      | dsp58_dp                 | 3       |
|        dsp_dotpra3add_8s_8s_8s_8s_8s_8s_20s_20_4_0_U1177               | 1   |        | add_ln27_14                 | add       | dsp58_dp                 | 3       |
|        dsp_dotpra3add_8s_8s_8s_8s_8s_8s_20s_20_4_0_U1177               | 1   |        | mul_ln27_23                 | mul       | dsp58_dp                 | 3       |
|        dsp_dotpra3add_8s_8s_8s_8s_8s_8s_20s_20_4_0_U1177               | 1   |        | sext_ln27_71                | sext      | dsp58_dp                 | 3       |
|        dsp_dotpra3add_8s_8s_8s_8s_8s_8s_20s_20_4_0_U1177               | 1   |        | add_ln27_15                 | add       | dsp58_dp                 | 3       |
|        dsp_dotpra3add_8s_8s_8s_8s_8s_8s_20s_20_4_0_U1177               | 1   |        | sext_ln20_6                 | sext      | dsp58_dp                 | 3       |
|        dsp_dotpra3add_8s_8s_8s_8s_8s_8s_20s_20_4_0_U1178               | 1   |        | mul_ln27_24                 | mul       | dsp58_dp                 | 3       |
|        dsp_dotpra3add_8s_8s_8s_8s_8s_8s_20s_20_4_0_U1178               | 1   |        | mul_ln27_25                 | mul       | dsp58_dp                 | 3       |
|        dsp_dotpra3add_8s_8s_8s_8s_8s_8s_20s_20_4_0_U1178               | 1   |        | sext_ln27_76                | sext      | dsp58_dp                 | 3       |
|        dsp_dotpra3add_8s_8s_8s_8s_8s_8s_20s_20_4_0_U1178               | 1   |        | sext_ln27_77                | sext      | dsp58_dp                 | 3       |
|        dsp_dotpra3add_8s_8s_8s_8s_8s_8s_20s_20_4_0_U1178               | 1   |        | add_ln27_16                 | add       | dsp58_dp                 | 3       |
|        dsp_dotpra3add_8s_8s_8s_8s_8s_8s_20s_20_4_0_U1178               | 1   |        | mul_ln27_26                 | mul       | dsp58_dp                 | 3       |
|        dsp_dotpra3add_8s_8s_8s_8s_8s_8s_20s_20_4_0_U1178               | 1   |        | sext_ln27_80                | sext      | dsp58_dp                 | 3       |
|        dsp_dotpra3add_8s_8s_8s_8s_8s_8s_20s_20_4_0_U1178               | 1   |        | add_ln27_17                 | add       | dsp58_dp                 | 3       |
|        dsp_dotpra3add_8s_8s_8s_8s_8s_8s_20s_20_4_0_U1178               | 1   |        | sext_ln20_7                 | sext      | dsp58_dp                 | 3       |
|        dsp_dotpra3add_8s_8s_8s_8s_8s_8s_20s_20_4_0_U1179               | 1   |        | mul_ln27_27                 | mul       | dsp58_dp                 | 3       |
|        dsp_dotpra3add_8s_8s_8s_8s_8s_8s_20s_20_4_0_U1179               | 1   |        | mul_ln27_28                 | mul       | dsp58_dp                 | 3       |
|        dsp_dotpra3add_8s_8s_8s_8s_8s_8s_20s_20_4_0_U1179               | 1   |        | sext_ln27_85                | sext      | dsp58_dp                 | 3       |
|        dsp_dotpra3add_8s_8s_8s_8s_8s_8s_20s_20_4_0_U1179               | 1   |        | sext_ln27_86                | sext      | dsp58_dp                 | 3       |
|        dsp_dotpra3add_8s_8s_8s_8s_8s_8s_20s_20_4_0_U1179               | 1   |        | add_ln27_18                 | add       | dsp58_dp                 | 3       |
|        dsp_dotpra3add_8s_8s_8s_8s_8s_8s_20s_20_4_0_U1179               | 1   |        | mul_ln27_29                 | mul       | dsp58_dp                 | 3       |
|        dsp_dotpra3add_8s_8s_8s_8s_8s_8s_20s_20_4_0_U1179               | 1   |        | sext_ln27_89                | sext      | dsp58_dp                 | 3       |
|        dsp_dotpra3add_8s_8s_8s_8s_8s_8s_20s_20_4_0_U1179               | 1   |        | add_ln27_19                 | add       | dsp58_dp                 | 3       |
|        dsp_dotpra3add_8s_8s_8s_8s_8s_8s_20s_20_4_0_U1179               | 1   |        | sext_ln20_8                 | sext      | dsp58_dp                 | 3       |
|        dsp_dotpra3add_8s_8s_8s_8s_8s_8s_20s_21_4_0_U1180               | 1   |        | mul_ln27_30                 | mul       | dsp58_dp                 | 3       |
|        dsp_dotpra3add_8s_8s_8s_8s_8s_8s_20s_21_4_0_U1180               | 1   |        | mul_ln27_31                 | mul       | dsp58_dp                 | 3       |
|        dsp_dotpra3add_8s_8s_8s_8s_8s_8s_20s_21_4_0_U1180               | 1   |        | sext_ln27_94                | sext      | dsp58_dp                 | 3       |
|        dsp_dotpra3add_8s_8s_8s_8s_8s_8s_20s_21_4_0_U1180               | 1   |        | sext_ln27_95                | sext      | dsp58_dp                 | 3       |
|        dsp_dotpra3add_8s_8s_8s_8s_8s_8s_20s_21_4_0_U1180               | 1   |        | add_ln27_20                 | add       | dsp58_dp                 | 3       |
|        dsp_dotpra3add_8s_8s_8s_8s_8s_8s_20s_21_4_0_U1180               | 1   |        | mul_ln27_32                 | mul       | dsp58_dp                 | 3       |
|        dsp_dotpra3add_8s_8s_8s_8s_8s_8s_20s_21_4_0_U1180               | 1   |        | sext_ln27_98                | sext      | dsp58_dp                 | 3       |
|        dsp_dotpra3add_8s_8s_8s_8s_8s_8s_20s_21_4_0_U1180               | 1   |        | add_ln27_21                 | add       | dsp58_dp                 | 3       |
|        dsp_dotpra3add_8s_8s_8s_8s_8s_8s_20s_21_4_0_U1180               | 1   |        | sext_ln20_9                 | sext      | dsp58_dp                 | 3       |
|        dsp_dotpra3add_8s_8s_8s_8s_8s_8s_21s_21_4_0_U1181               | 1   |        | mul_ln27_33                 | mul       | dsp58_dp                 | 3       |
|        dsp_dotpra3add_8s_8s_8s_8s_8s_8s_21s_21_4_0_U1181               | 1   |        | mul_ln27_34                 | mul       | dsp58_dp                 | 3       |
|        dsp_dotpra3add_8s_8s_8s_8s_8s_8s_21s_21_4_0_U1181               | 1   |        | sext_ln27_103               | sext      | dsp58_dp                 | 3       |
|        dsp_dotpra3add_8s_8s_8s_8s_8s_8s_21s_21_4_0_U1181               | 1   |        | sext_ln27_104               | sext      | dsp58_dp                 | 3       |
|        dsp_dotpra3add_8s_8s_8s_8s_8s_8s_21s_21_4_0_U1181               | 1   |        | add_ln27_22                 | add       | dsp58_dp                 | 3       |
|        dsp_dotpra3add_8s_8s_8s_8s_8s_8s_21s_21_4_0_U1181               | 1   |        | mul_ln27_35                 | mul       | dsp58_dp                 | 3       |
|        dsp_dotpra3add_8s_8s_8s_8s_8s_8s_21s_21_4_0_U1181               | 1   |        | sext_ln27_107               | sext      | dsp58_dp                 | 3       |
|        dsp_dotpra3add_8s_8s_8s_8s_8s_8s_21s_21_4_0_U1181               | 1   |        | add_ln27_23                 | add       | dsp58_dp                 | 3       |
|        dsp_dotpra3add_8s_8s_8s_8s_8s_8s_21s_21_4_0_U1181               | 1   |        | sext_ln20_10                | sext      | dsp58_dp                 | 3       |
|        dsp_dotpra3add_8s_8s_8s_8s_8s_8s_21s_21_4_0_U1182               | 1   |        | mul_ln27_36                 | mul       | dsp58_dp                 | 3       |
|        dsp_dotpra3add_8s_8s_8s_8s_8s_8s_21s_21_4_0_U1182               | 1   |        | mul_ln27_37                 | mul       | dsp58_dp                 | 3       |
|        dsp_dotpra3add_8s_8s_8s_8s_8s_8s_21s_21_4_0_U1182               | 1   |        | sext_ln27_112               | sext      | dsp58_dp                 | 3       |
|        dsp_dotpra3add_8s_8s_8s_8s_8s_8s_21s_21_4_0_U1182               | 1   |        | sext_ln27_113               | sext      | dsp58_dp                 | 3       |
|        dsp_dotpra3add_8s_8s_8s_8s_8s_8s_21s_21_4_0_U1182               | 1   |        | add_ln27_24                 | add       | dsp58_dp                 | 3       |
|        dsp_dotpra3add_8s_8s_8s_8s_8s_8s_21s_21_4_0_U1182               | 1   |        | mul_ln27_38                 | mul       | dsp58_dp                 | 3       |
|        dsp_dotpra3add_8s_8s_8s_8s_8s_8s_21s_21_4_0_U1182               | 1   |        | sext_ln27_116               | sext      | dsp58_dp                 | 3       |
|        dsp_dotpra3add_8s_8s_8s_8s_8s_8s_21s_21_4_0_U1182               | 1   |        | add_ln27_25                 | add       | dsp58_dp                 | 3       |
|        dsp_dotpra3add_8s_8s_8s_8s_8s_8s_21s_21_4_0_U1182               | 1   |        | sext_ln20_11                | sext      | dsp58_dp                 | 3       |
|        dsp_dotpra3add_8s_8s_8s_8s_8s_8s_21s_21_4_0_U1183               | 1   |        | mul_ln27_39                 | mul       | dsp58_dp                 | 3       |
|        dsp_dotpra3add_8s_8s_8s_8s_8s_8s_21s_21_4_0_U1183               | 1   |        | mul_ln27_40                 | mul       | dsp58_dp                 | 3       |
|        dsp_dotpra3add_8s_8s_8s_8s_8s_8s_21s_21_4_0_U1183               | 1   |        | sext_ln27_121               | sext      | dsp58_dp                 | 3       |
|        dsp_dotpra3add_8s_8s_8s_8s_8s_8s_21s_21_4_0_U1183               | 1   |        | sext_ln27_122               | sext      | dsp58_dp                 | 3       |
|        dsp_dotpra3add_8s_8s_8s_8s_8s_8s_21s_21_4_0_U1183               | 1   |        | add_ln27_26                 | add       | dsp58_dp                 | 3       |
|        dsp_dotpra3add_8s_8s_8s_8s_8s_8s_21s_21_4_0_U1183               | 1   |        | mul_ln27_41                 | mul       | dsp58_dp                 | 3       |
|        dsp_dotpra3add_8s_8s_8s_8s_8s_8s_21s_21_4_0_U1183               | 1   |        | sext_ln27_125               | sext      | dsp58_dp                 | 3       |
|        dsp_dotpra3add_8s_8s_8s_8s_8s_8s_21s_21_4_0_U1183               | 1   |        | add_ln27_27                 | add       | dsp58_dp                 | 3       |
|        dsp_dotpra3add_8s_8s_8s_8s_8s_8s_21s_21_4_0_U1183               | 1   |        | sext_ln20_12                | sext      | dsp58_dp                 | 3       |
|        dsp_dotpra3add_8s_8s_8s_8s_8s_8s_21s_21_4_0_U1184               | 1   |        | mul_ln27_42                 | mul       | dsp58_dp                 | 3       |
|        dsp_dotpra3add_8s_8s_8s_8s_8s_8s_21s_21_4_0_U1184               | 1   |        | mul_ln27_43                 | mul       | dsp58_dp                 | 3       |
|        dsp_dotpra3add_8s_8s_8s_8s_8s_8s_21s_21_4_0_U1184               | 1   |        | sext_ln27_130               | sext      | dsp58_dp                 | 3       |
|        dsp_dotpra3add_8s_8s_8s_8s_8s_8s_21s_21_4_0_U1184               | 1   |        | sext_ln27_131               | sext      | dsp58_dp                 | 3       |
|        dsp_dotpra3add_8s_8s_8s_8s_8s_8s_21s_21_4_0_U1184               | 1   |        | add_ln27_28                 | add       | dsp58_dp                 | 3       |
|        dsp_dotpra3add_8s_8s_8s_8s_8s_8s_21s_21_4_0_U1184               | 1   |        | mul_ln27_44                 | mul       | dsp58_dp                 | 3       |
|        dsp_dotpra3add_8s_8s_8s_8s_8s_8s_21s_21_4_0_U1184               | 1   |        | sext_ln27_134               | sext      | dsp58_dp                 | 3       |
|        dsp_dotpra3add_8s_8s_8s_8s_8s_8s_21s_21_4_0_U1184               | 1   |        | add_ln27_29                 | add       | dsp58_dp                 | 3       |
|        dsp_dotpra3add_8s_8s_8s_8s_8s_8s_21s_21_4_0_U1184               | 1   |        | sext_ln20_13                | sext      | dsp58_dp                 | 3       |
|        dsp_dotpra3add_8s_8s_8s_8s_8s_8s_21s_21_4_0_U1185               | 1   |        | mul_ln27_45                 | mul       | dsp58_dp                 | 3       |
|        dsp_dotpra3add_8s_8s_8s_8s_8s_8s_21s_21_4_0_U1185               | 1   |        | mul_ln27_46                 | mul       | dsp58_dp                 | 3       |
|        dsp_dotpra3add_8s_8s_8s_8s_8s_8s_21s_21_4_0_U1185               | 1   |        | sext_ln27_139               | sext      | dsp58_dp                 | 3       |
|        dsp_dotpra3add_8s_8s_8s_8s_8s_8s_21s_21_4_0_U1185               | 1   |        | sext_ln27_140               | sext      | dsp58_dp                 | 3       |
|        dsp_dotpra3add_8s_8s_8s_8s_8s_8s_21s_21_4_0_U1185               | 1   |        | add_ln27_30                 | add       | dsp58_dp                 | 3       |
|        dsp_dotpra3add_8s_8s_8s_8s_8s_8s_21s_21_4_0_U1185               | 1   |        | mul_ln27_47                 | mul       | dsp58_dp                 | 3       |
|        dsp_dotpra3add_8s_8s_8s_8s_8s_8s_21s_21_4_0_U1185               | 1   |        | sext_ln27_143               | sext      | dsp58_dp                 | 3       |
|        dsp_dotpra3add_8s_8s_8s_8s_8s_8s_21s_21_4_0_U1185               | 1   |        | add_ln27_31                 | add       | dsp58_dp                 | 3       |
|        dsp_dotpra3add_8s_8s_8s_8s_8s_8s_21s_21_4_0_U1185               | 1   |        | sext_ln20_14                | sext      | dsp58_dp                 | 3       |
|        dsp_dotpra3add_8s_8s_8s_8s_8s_8s_21s_21_4_0_U1186               | 1   |        | mul_ln27_48                 | mul       | dsp58_dp                 | 3       |
|        dsp_dotpra3add_8s_8s_8s_8s_8s_8s_21s_21_4_0_U1186               | 1   |        | mul_ln27_49                 | mul       | dsp58_dp                 | 3       |
|        dsp_dotpra3add_8s_8s_8s_8s_8s_8s_21s_21_4_0_U1186               | 1   |        | sext_ln27_148               | sext      | dsp58_dp                 | 3       |
|        dsp_dotpra3add_8s_8s_8s_8s_8s_8s_21s_21_4_0_U1186               | 1   |        | sext_ln27_149               | sext      | dsp58_dp                 | 3       |
|        dsp_dotpra3add_8s_8s_8s_8s_8s_8s_21s_21_4_0_U1186               | 1   |        | add_ln27_32                 | add       | dsp58_dp                 | 3       |
|        dsp_dotpra3add_8s_8s_8s_8s_8s_8s_21s_21_4_0_U1186               | 1   |        | mul_ln27_50                 | mul       | dsp58_dp                 | 3       |
|        dsp_dotpra3add_8s_8s_8s_8s_8s_8s_21s_21_4_0_U1186               | 1   |        | sext_ln27_152               | sext      | dsp58_dp                 | 3       |
|        dsp_dotpra3add_8s_8s_8s_8s_8s_8s_21s_21_4_0_U1186               | 1   |        | add_ln27_33                 | add       | dsp58_dp                 | 3       |
|        dsp_dotpra3add_8s_8s_8s_8s_8s_8s_21s_21_4_0_U1186               | 1   |        | sext_ln20_15                | sext      | dsp58_dp                 | 3       |
|        dsp_dotpra3add_8s_8s_8s_8s_8s_8s_21s_21_4_0_U1187               | 1   |        | mul_ln27_51                 | mul       | dsp58_dp                 | 3       |
|        dsp_dotpra3add_8s_8s_8s_8s_8s_8s_21s_21_4_0_U1187               | 1   |        | mul_ln27_52                 | mul       | dsp58_dp                 | 3       |
|        dsp_dotpra3add_8s_8s_8s_8s_8s_8s_21s_21_4_0_U1187               | 1   |        | sext_ln27_157               | sext      | dsp58_dp                 | 3       |
|        dsp_dotpra3add_8s_8s_8s_8s_8s_8s_21s_21_4_0_U1187               | 1   |        | sext_ln27_158               | sext      | dsp58_dp                 | 3       |
|        dsp_dotpra3add_8s_8s_8s_8s_8s_8s_21s_21_4_0_U1187               | 1   |        | add_ln27_34                 | add       | dsp58_dp                 | 3       |
|        dsp_dotpra3add_8s_8s_8s_8s_8s_8s_21s_21_4_0_U1187               | 1   |        | mul_ln27_53                 | mul       | dsp58_dp                 | 3       |
|        dsp_dotpra3add_8s_8s_8s_8s_8s_8s_21s_21_4_0_U1187               | 1   |        | sext_ln27_161               | sext      | dsp58_dp                 | 3       |
|        dsp_dotpra3add_8s_8s_8s_8s_8s_8s_21s_21_4_0_U1187               | 1   |        | add_ln27_35                 | add       | dsp58_dp                 | 3       |
|        dsp_dotpra3add_8s_8s_8s_8s_8s_8s_21s_21_4_0_U1187               | 1   |        | sext_ln20_16                | sext      | dsp58_dp                 | 3       |
|        dsp_dotpra3add_8s_8s_8s_8s_8s_8s_21s_21_4_0_U1188               | 1   |        | mul_ln27_54                 | mul       | dsp58_dp                 | 3       |
|        dsp_dotpra3add_8s_8s_8s_8s_8s_8s_21s_21_4_0_U1188               | 1   |        | mul_ln27_55                 | mul       | dsp58_dp                 | 3       |
|        dsp_dotpra3add_8s_8s_8s_8s_8s_8s_21s_21_4_0_U1188               | 1   |        | sext_ln27_166               | sext      | dsp58_dp                 | 3       |
|        dsp_dotpra3add_8s_8s_8s_8s_8s_8s_21s_21_4_0_U1188               | 1   |        | sext_ln27_167               | sext      | dsp58_dp                 | 3       |
|        dsp_dotpra3add_8s_8s_8s_8s_8s_8s_21s_21_4_0_U1188               | 1   |        | add_ln27_36                 | add       | dsp58_dp                 | 3       |
|        dsp_dotpra3add_8s_8s_8s_8s_8s_8s_21s_21_4_0_U1188               | 1   |        | mul_ln27_56                 | mul       | dsp58_dp                 | 3       |
|        dsp_dotpra3add_8s_8s_8s_8s_8s_8s_21s_21_4_0_U1188               | 1   |        | sext_ln27_170               | sext      | dsp58_dp                 | 3       |
|        dsp_dotpra3add_8s_8s_8s_8s_8s_8s_21s_21_4_0_U1188               | 1   |        | add_ln27_37                 | add       | dsp58_dp                 | 3       |
|        dsp_dotpra3add_8s_8s_8s_8s_8s_8s_21s_21_4_0_U1188               | 1   |        | sext_ln20_17                | sext      | dsp58_dp                 | 3       |
|        dsp_dotpra3add_8s_8s_8s_8s_8s_8s_21s_21_4_0_U1189               | 1   |        | mul_ln27_57                 | mul       | dsp58_dp                 | 3       |
|        dsp_dotpra3add_8s_8s_8s_8s_8s_8s_21s_21_4_0_U1189               | 1   |        | mul_ln27_58                 | mul       | dsp58_dp                 | 3       |
|        dsp_dotpra3add_8s_8s_8s_8s_8s_8s_21s_21_4_0_U1189               | 1   |        | sext_ln27_175               | sext      | dsp58_dp                 | 3       |
|        dsp_dotpra3add_8s_8s_8s_8s_8s_8s_21s_21_4_0_U1189               | 1   |        | sext_ln27_176               | sext      | dsp58_dp                 | 3       |
|        dsp_dotpra3add_8s_8s_8s_8s_8s_8s_21s_21_4_0_U1189               | 1   |        | add_ln27_38                 | add       | dsp58_dp                 | 3       |
|        dsp_dotpra3add_8s_8s_8s_8s_8s_8s_21s_21_4_0_U1189               | 1   |        | mul_ln27_59                 | mul       | dsp58_dp                 | 3       |
|        dsp_dotpra3add_8s_8s_8s_8s_8s_8s_21s_21_4_0_U1189               | 1   |        | sext_ln27_179               | sext      | dsp58_dp                 | 3       |
|        dsp_dotpra3add_8s_8s_8s_8s_8s_8s_21s_21_4_0_U1189               | 1   |        | add_ln27_39                 | add       | dsp58_dp                 | 3       |
|        dsp_dotpra3add_8s_8s_8s_8s_8s_8s_21s_21_4_0_U1189               | 1   |        | sext_ln20_18                | sext      | dsp58_dp                 | 3       |
|        dsp_dotpra3add_8s_8s_8s_8s_8s_8s_21s_21_4_0_U1190               | 1   |        | mul_ln27_60                 | mul       | dsp58_dp                 | 3       |
|        dsp_dotpra3add_8s_8s_8s_8s_8s_8s_21s_21_4_0_U1190               | 1   |        | mul_ln27_61                 | mul       | dsp58_dp                 | 3       |
|        dsp_dotpra3add_8s_8s_8s_8s_8s_8s_21s_21_4_0_U1190               | 1   |        | sext_ln27_184               | sext      | dsp58_dp                 | 3       |
|        dsp_dotpra3add_8s_8s_8s_8s_8s_8s_21s_21_4_0_U1190               | 1   |        | sext_ln27_185               | sext      | dsp58_dp                 | 3       |
|        dsp_dotpra3add_8s_8s_8s_8s_8s_8s_21s_21_4_0_U1190               | 1   |        | add_ln27_40                 | add       | dsp58_dp                 | 3       |
|        dsp_dotpra3add_8s_8s_8s_8s_8s_8s_21s_21_4_0_U1190               | 1   |        | mul_ln27_62                 | mul       | dsp58_dp                 | 3       |
|        dsp_dotpra3add_8s_8s_8s_8s_8s_8s_21s_21_4_0_U1190               | 1   |        | sext_ln27_188               | sext      | dsp58_dp                 | 3       |
|        dsp_dotpra3add_8s_8s_8s_8s_8s_8s_21s_21_4_0_U1190               | 1   |        | add_ln27_41                 | add       | dsp58_dp                 | 3       |
|        dsp_dotpra3add_8s_8s_8s_8s_8s_8s_21s_21_4_0_U1190               | 1   |        | sext_ln20_19                | sext      | dsp58_dp                 | 3       |
|        mac_muladd_8s_8s_21s_22_4_0_U1191                               | 1   |        | mul_ln27_63                 | mul       | dsp_slice                | 3       |
|        mac_muladd_8s_8s_21s_22_4_0_U1191                               | 1   |        | sext_ln27_191               | sext      | dsp_slice                | 3       |
|        dsp_dotpra3add_8s_8s_8s_8s_8s_8s_17s_18_4_0_U1171               | 1   |        | add_ln27_42                 | add       | dsp58_dp                 | 3       |
|        dsp_dotpra3add_8s_8s_8s_8s_8s_8s_18s_19_4_0_U1172               | 1   |        | add_ln27_43                 | add       | dsp58_dp                 | 3       |
|        dsp_dotpra3add_8s_8s_8s_8s_8s_8s_19s_19_4_0_U1173               | 1   |        | add_ln27_44                 | add       | dsp58_dp                 | 3       |
|        dsp_dotpra3add_8s_8s_8s_8s_8s_8s_19s_19_4_0_U1174               | 1   |        | add_ln27_45                 | add       | dsp58_dp                 | 3       |
|        dsp_dotpra3add_8s_8s_8s_8s_8s_8s_19s_20_4_0_U1175               | 1   |        | add_ln27_46                 | add       | dsp58_dp                 | 3       |
|        dsp_dotpra3add_8s_8s_8s_8s_8s_8s_20s_20_4_0_U1176               | 1   |        | add_ln27_47                 | add       | dsp58_dp                 | 3       |
|        dsp_dotpra3add_8s_8s_8s_8s_8s_8s_20s_20_4_0_U1177               | 1   |        | add_ln27_48                 | add       | dsp58_dp                 | 3       |
|        dsp_dotpra3add_8s_8s_8s_8s_8s_8s_20s_20_4_0_U1178               | 1   |        | add_ln27_49                 | add       | dsp58_dp                 | 3       |
|        dsp_dotpra3add_8s_8s_8s_8s_8s_8s_20s_20_4_0_U1179               | 1   |        | add_ln27_50                 | add       | dsp58_dp                 | 3       |
|        dsp_dotpra3add_8s_8s_8s_8s_8s_8s_20s_21_4_0_U1180               | 1   |        | add_ln27_51                 | add       | dsp58_dp                 | 3       |
|        dsp_dotpra3add_8s_8s_8s_8s_8s_8s_21s_21_4_0_U1181               | 1   |        | add_ln27_52                 | add       | dsp58_dp                 | 3       |
|        dsp_dotpra3add_8s_8s_8s_8s_8s_8s_21s_21_4_0_U1182               | 1   |        | add_ln27_53                 | add       | dsp58_dp                 | 3       |
|        dsp_dotpra3add_8s_8s_8s_8s_8s_8s_21s_21_4_0_U1183               | 1   |        | add_ln27_54                 | add       | dsp58_dp                 | 3       |
|        dsp_dotpra3add_8s_8s_8s_8s_8s_8s_21s_21_4_0_U1184               | 1   |        | add_ln27_55                 | add       | dsp58_dp                 | 3       |
|        dsp_dotpra3add_8s_8s_8s_8s_8s_8s_21s_21_4_0_U1185               | 1   |        | add_ln27_56                 | add       | dsp58_dp                 | 3       |
|        dsp_dotpra3add_8s_8s_8s_8s_8s_8s_21s_21_4_0_U1186               | 1   |        | add_ln27_57                 | add       | dsp58_dp                 | 3       |
|        dsp_dotpra3add_8s_8s_8s_8s_8s_8s_21s_21_4_0_U1187               | 1   |        | add_ln27_58                 | add       | dsp58_dp                 | 3       |
|        dsp_dotpra3add_8s_8s_8s_8s_8s_8s_21s_21_4_0_U1188               | 1   |        | add_ln27_59                 | add       | dsp58_dp                 | 3       |
|        dsp_dotpra3add_8s_8s_8s_8s_8s_8s_21s_21_4_0_U1189               | 1   |        | add_ln27_60                 | add       | dsp58_dp                 | 3       |
|        dsp_dotpra3add_8s_8s_8s_8s_8s_8s_21s_21_4_0_U1190               | 1   |        | add_ln27_61                 | add       | dsp58_dp                 | 3       |
|        mac_muladd_8s_8s_21s_22_4_0_U1191                               | 1   |        | acc_2                       | add       | dsp_slice                | 3       |
|    + mm_psum                                                           | 3   |        |                             |           |                          |         |
|      sub_ln200_fu_76_p2                                                |     |        | sub_ln200                   | sub       | fabric                   | 0       |
|      sub_ln200_4_fu_102_p2                                             |     |        | sub_ln200_4                 | sub       | fabric                   | 0       |
|      M_DIM_fu_107_p3                                                   |     |        | M_DIM                       | select    | auto_sel                 | 0       |
|      mul_31s_24s_32_4_1_U1299                                          | 2   |        | mul_ln60                    | mul       | auto                     | 3       |
|     + mm_psum_Pipeline_VITIS_LOOP_60_1                                 | 1   |        |                             |           |                          |         |
|       add_ln60_fu_75_p2                                                |     |        | add_ln60                    | add       | fabric                   | 0       |
|       icmp_ln60_fu_85_p2                                               |     |        | icmp_ln60                   | setlt     | auto                     | 0       |
|       fadd_32ns_32ns_32_2_primitive_dsp_1_U1295                        | 1   |        | tmp                         | fadd      | primitivedsp             | 1       |
|       fadd_32ns_32ns_32_2_primitive_dsp_1_U1295                        | 1   |        | tmp1                        | fadd      | primitivedsp             | 1       |
|       fadd_32ns_32ns_32_2_primitive_dsp_1_U1295                        | 1   |        | add_i_2_i                   | fadd      | primitivedsp             | 1       |
|    + mm_final_sum                                                      | 3   |        |                             |           |                          |         |
|      sub_ln200_fu_89_p2                                                |     |        | sub_ln200                   | sub       | fabric                   | 0       |
|      sub_ln200_6_fu_115_p2                                             |     |        | sub_ln200_6                 | sub       | fabric                   | 0       |
|      M_DIM_fu_120_p3                                                   |     |        | M_DIM                       | select    | auto_sel                 | 0       |
|      mul_31s_24s_32_4_1_U1309                                          | 2   |        | mul_ln76                    | mul       | auto                     | 3       |
|      add_ln79_fu_156_p2                                                |     |        | add_ln79                    | add       | fabric                   | 0       |
|     + mm_final_sum_Pipeline_VITIS_LOOP_76_1                            | 1   |        |                             |           |                          |         |
|       add_ln76_fu_115_p2                                               |     |        | add_ln76                    | add       | fabric                   | 0       |
|       icmp_ln76_fu_125_p2                                              |     |        | icmp_ln76                   | setlt     | auto                     | 0       |
|       fadd_32ns_32ns_32_2_primitive_dsp_1_U1304                        | 1   |        | acc_1                       | fadd      | primitivedsp             | 1       |
|       icmp_ln79_fu_153_p2                                              |     |        | icmp_ln79                   | seteq     | auto                     | 0       |
|       j_2_fu_158_p2                                                    |     |        | j_2                         | add       | fabric                   | 0       |
|   + gemv_split_float_4ul_2_s                                           | 0   |        |                             |           |                          |         |
|     add_ln111_fu_318_p2                                                |     |        | add_ln111                   | add       | fabric                   | 0       |
|     icmp_ln111_fu_328_p2                                               |     |        | icmp_ln111                  | setlt     | auto                     | 0       |
|     add_ln113_fu_391_p2                                                |     |        | add_ln113                   | add       | fabric                   | 0       |
|     add_ln113_1_fu_401_p2                                              |     |        | add_ln113_1                 | add       | fabric                   | 0       |
|     icmp_ln113_fu_407_p2                                               |     |        | icmp_ln113                  | seteq     | auto                     | 0       |
|     add_ln130_fu_422_p2                                                |     |        | add_ln130                   | add       | fabric                   | 0       |
|     add_ln134_fu_428_p2                                                |     |        | add_ln134                   | add       | fabric                   | 0       |
|     icmp_ln135_fu_490_p2                                               |     |        | icmp_ln135                  | seteq     | auto                     | 0       |
|    + gemv_split_float_4ul_2_Pipeline_flush                             | 0   |        |                             |           |                          |         |
|      i_24_fu_54_p2                                                     |     |        | i_24                        | add       | fabric                   | 0       |
|      icmp_ln148_fu_60_p2                                               |     |        | icmp_ln148                  | seteq     | auto                     | 0       |
|    + gemv_split_float_4ul_2_Pipeline_VITIS_LOOP_118_3                  | 0   |        |                             |           |                          |         |
|      add_ln118_fu_160_p2                                               |     |        | add_ln118                   | add       | fabric                   | 0       |
|      icmp_ln118_fu_166_p2                                              |     |        | icmp_ln118                  | seteq     | auto                     | 0       |
|      shl_ln123_fu_202_p2                                               |     |        | shl_ln123                   | shl       | auto_pipe                | 0       |
|      shl_ln123_1_fu_212_p2                                             |     |        | shl_ln123_1                 | shl       | auto_pipe                | 0       |
|      xor_ln123_fu_218_p2                                               |     |        | xor_ln123                   | xor       | auto                     | 0       |
|      and_ln123_fu_224_p2                                               |     |        | and_ln123                   | and       | auto                     | 0       |
|      data_16_fu_230_p2                                                 |     |        | data_16                     | or        | auto                     | 0       |
|      select_ln132_fu_181_p3                                            |     |        | select_ln132                | select    | auto_sel                 | 0       |
|   + insertion_sort                                                     | 0   |        |                             |           |                          |         |
|     add_ln30_fu_1837_p2                                                |     |        | add_ln30                    | add       | fabric                   | 0       |
|    + insertion_sort_Pipeline_systolic_sort                             | 0   |        |                             |           |                          |         |
|      add_ln30_1_fu_3037_p2                                             |     |        | add_ln30_1                  | add       | fabric                   | 0       |
|      icmp_ln30_fu_3047_p2                                              |     |        | icmp_ln30                   | setlt     | auto                     | 0       |
|      fcmp_32ns_32ns_1_1_no_dsp_1_x_U1348                               |     |        | cmp                         | fcmp      | auto                     | 0       |
|      current_index_253_fu_3097_p3                                      |     |        | current_index_253           | select    | auto_sel                 | 0       |
|      st_index_fu_3103_p3                                               |     |        | st_index                    | select    | auto_sel                 | 0       |
|      current_prob_127_fu_3109_p3                                       |     |        | current_prob_127            | select    | auto_sel                 | 0       |
|      st_index_128_fu_3114_p3                                           |     |        | st_index_128                | select    | auto_sel                 | 0       |
|      current_prob_1_fu_3120_p3                                         |     |        | current_prob_1              | select    | auto_sel                 | 0       |
|      fcmp_32ns_32ns_1_1_no_dsp_1_x_U1348                               |     |        | cmp13_1                     | fcmp      | auto                     | 0       |
|      current_index_254_fu_3157_p3                                      |     |        | current_index_254           | select    | auto_sel                 | 0       |
|      current_index_5_fu_3163_p3                                        |     |        | current_index_5             | select    | auto_sel                 | 0       |
|      current_prob_128_fu_3169_p3                                       |     |        | current_prob_128            | select    | auto_sel                 | 0       |
|      current_index_255_fu_3174_p3                                      |     |        | current_index_255           | select    | auto_sel                 | 0       |
|      current_prob_4_fu_3180_p3                                         |     |        | current_prob_4              | select    | auto_sel                 | 0       |
|      fcmp_32ns_32ns_1_1_no_dsp_1_x_U1348                               |     |        | cmp13_2                     | fcmp      | auto                     | 0       |
|      current_index_256_fu_3217_p3                                      |     |        | current_index_256           | select    | auto_sel                 | 0       |
|      current_index_9_fu_3223_p3                                        |     |        | current_index_9             | select    | auto_sel                 | 0       |
|      current_prob_129_fu_3229_p3                                       |     |        | current_prob_129            | select    | auto_sel                 | 0       |
|      current_index_257_fu_3234_p3                                      |     |        | current_index_257           | select    | auto_sel                 | 0       |
|      current_prob_6_fu_3240_p3                                         |     |        | current_prob_6              | select    | auto_sel                 | 0       |
|      fcmp_32ns_32ns_1_1_no_dsp_1_x_U1349                               |     |        | cmp13_3                     | fcmp      | auto                     | 0       |
|      current_index_258_fu_3277_p3                                      |     |        | current_index_258           | select    | auto_sel                 | 0       |
|      current_index_13_fu_3283_p3                                       |     |        | current_index_13            | select    | auto_sel                 | 0       |
|      current_prob_130_fu_3289_p3                                       |     |        | current_prob_130            | select    | auto_sel                 | 0       |
|      current_index_259_fu_3294_p3                                      |     |        | current_index_259           | select    | auto_sel                 | 0       |
|      current_prob_8_fu_3300_p3                                         |     |        | current_prob_8              | select    | auto_sel                 | 0       |
|      fcmp_32ns_32ns_1_1_no_dsp_1_x_U1349                               |     |        | cmp13_4                     | fcmp      | auto                     | 0       |
|      current_index_260_fu_3337_p3                                      |     |        | current_index_260           | select    | auto_sel                 | 0       |
|      current_index_17_fu_3343_p3                                       |     |        | current_index_17            | select    | auto_sel                 | 0       |
|      current_prob_131_fu_3349_p3                                       |     |        | current_prob_131            | select    | auto_sel                 | 0       |
|      current_index_261_fu_3354_p3                                      |     |        | current_index_261           | select    | auto_sel                 | 0       |
|      current_prob_10_fu_3360_p3                                        |     |        | current_prob_10             | select    | auto_sel                 | 0       |
|      fcmp_32ns_32ns_1_1_no_dsp_1_x_U1349                               |     |        | cmp13_5                     | fcmp      | auto                     | 0       |
|      current_index_262_fu_3397_p3                                      |     |        | current_index_262           | select    | auto_sel                 | 0       |
|      current_index_21_fu_3403_p3                                       |     |        | current_index_21            | select    | auto_sel                 | 0       |
|      current_prob_132_fu_3409_p3                                       |     |        | current_prob_132            | select    | auto_sel                 | 0       |
|      current_index_263_fu_3414_p3                                      |     |        | current_index_263           | select    | auto_sel                 | 0       |
|      current_prob_12_fu_3420_p3                                        |     |        | current_prob_12             | select    | auto_sel                 | 0       |
|      fcmp_32ns_32ns_1_1_no_dsp_1_x_U1350                               |     |        | cmp13_6                     | fcmp      | auto                     | 0       |
|      current_index_264_fu_3457_p3                                      |     |        | current_index_264           | select    | auto_sel                 | 0       |
|      current_index_25_fu_3463_p3                                       |     |        | current_index_25            | select    | auto_sel                 | 0       |
|      current_prob_133_fu_3469_p3                                       |     |        | current_prob_133            | select    | auto_sel                 | 0       |
|      current_index_265_fu_3474_p3                                      |     |        | current_index_265           | select    | auto_sel                 | 0       |
|      current_prob_14_fu_3480_p3                                        |     |        | current_prob_14             | select    | auto_sel                 | 0       |
|      fcmp_32ns_32ns_1_1_no_dsp_1_x_U1350                               |     |        | cmp13_7                     | fcmp      | auto                     | 0       |
|      current_index_266_fu_3517_p3                                      |     |        | current_index_266           | select    | auto_sel                 | 0       |
|      current_index_29_fu_3523_p3                                       |     |        | current_index_29            | select    | auto_sel                 | 0       |
|      current_prob_134_fu_3529_p3                                       |     |        | current_prob_134            | select    | auto_sel                 | 0       |
|      current_index_267_fu_3534_p3                                      |     |        | current_index_267           | select    | auto_sel                 | 0       |
|      current_prob_16_fu_3540_p3                                        |     |        | current_prob_16             | select    | auto_sel                 | 0       |
|      fcmp_32ns_32ns_1_1_no_dsp_1_x_U1350                               |     |        | cmp13_8                     | fcmp      | auto                     | 0       |
|      current_index_268_fu_3577_p3                                      |     |        | current_index_268           | select    | auto_sel                 | 0       |
|      current_index_33_fu_3583_p3                                       |     |        | current_index_33            | select    | auto_sel                 | 0       |
|      current_prob_135_fu_3589_p3                                       |     |        | current_prob_135            | select    | auto_sel                 | 0       |
|      current_index_269_fu_3594_p3                                      |     |        | current_index_269           | select    | auto_sel                 | 0       |
|      current_prob_18_fu_3600_p3                                        |     |        | current_prob_18             | select    | auto_sel                 | 0       |
|      fcmp_32ns_32ns_1_1_no_dsp_1_x_U1351                               |     |        | cmp13_9                     | fcmp      | auto                     | 0       |
|      current_index_270_fu_3637_p3                                      |     |        | current_index_270           | select    | auto_sel                 | 0       |
|      current_index_37_fu_3643_p3                                       |     |        | current_index_37            | select    | auto_sel                 | 0       |
|      current_prob_136_fu_3649_p3                                       |     |        | current_prob_136            | select    | auto_sel                 | 0       |
|      current_index_271_fu_3654_p3                                      |     |        | current_index_271           | select    | auto_sel                 | 0       |
|      current_prob_20_fu_3660_p3                                        |     |        | current_prob_20             | select    | auto_sel                 | 0       |
|      fcmp_32ns_32ns_1_1_no_dsp_1_x_U1351                               |     |        | cmp13_s                     | fcmp      | auto                     | 0       |
|      current_index_272_fu_3697_p3                                      |     |        | current_index_272           | select    | auto_sel                 | 0       |
|      current_index_41_fu_3703_p3                                       |     |        | current_index_41            | select    | auto_sel                 | 0       |
|      current_prob_137_fu_3709_p3                                       |     |        | current_prob_137            | select    | auto_sel                 | 0       |
|      current_index_273_fu_3714_p3                                      |     |        | current_index_273           | select    | auto_sel                 | 0       |
|      current_prob_22_fu_3720_p3                                        |     |        | current_prob_22             | select    | auto_sel                 | 0       |
|      fcmp_32ns_32ns_1_1_no_dsp_1_x_U1351                               |     |        | cmp13_10                    | fcmp      | auto                     | 0       |
|      current_index_274_fu_3757_p3                                      |     |        | current_index_274           | select    | auto_sel                 | 0       |
|      current_index_45_fu_3763_p3                                       |     |        | current_index_45            | select    | auto_sel                 | 0       |
|      current_prob_138_fu_3769_p3                                       |     |        | current_prob_138            | select    | auto_sel                 | 0       |
|      current_index_275_fu_3774_p3                                      |     |        | current_index_275           | select    | auto_sel                 | 0       |
|      current_prob_24_fu_3780_p3                                        |     |        | current_prob_24             | select    | auto_sel                 | 0       |
|      fcmp_32ns_32ns_1_1_no_dsp_1_x_U1352                               |     |        | cmp13_11                    | fcmp      | auto                     | 0       |
|      current_index_276_fu_3817_p3                                      |     |        | current_index_276           | select    | auto_sel                 | 0       |
|      current_index_49_fu_3823_p3                                       |     |        | current_index_49            | select    | auto_sel                 | 0       |
|      current_prob_139_fu_3829_p3                                       |     |        | current_prob_139            | select    | auto_sel                 | 0       |
|      current_index_277_fu_3834_p3                                      |     |        | current_index_277           | select    | auto_sel                 | 0       |
|      current_prob_26_fu_3840_p3                                        |     |        | current_prob_26             | select    | auto_sel                 | 0       |
|      fcmp_32ns_32ns_1_1_no_dsp_1_x_U1352                               |     |        | cmp13_12                    | fcmp      | auto                     | 0       |
|      current_index_278_fu_3877_p3                                      |     |        | current_index_278           | select    | auto_sel                 | 0       |
|      current_index_53_fu_3883_p3                                       |     |        | current_index_53            | select    | auto_sel                 | 0       |
|      current_prob_140_fu_3889_p3                                       |     |        | current_prob_140            | select    | auto_sel                 | 0       |
|      current_index_279_fu_3894_p3                                      |     |        | current_index_279           | select    | auto_sel                 | 0       |
|      current_prob_28_fu_3900_p3                                        |     |        | current_prob_28             | select    | auto_sel                 | 0       |
|      fcmp_32ns_32ns_1_1_no_dsp_1_x_U1352                               |     |        | cmp13_13                    | fcmp      | auto                     | 0       |
|      current_index_280_fu_3937_p3                                      |     |        | current_index_280           | select    | auto_sel                 | 0       |
|      current_index_57_fu_3943_p3                                       |     |        | current_index_57            | select    | auto_sel                 | 0       |
|      current_prob_141_fu_3949_p3                                       |     |        | current_prob_141            | select    | auto_sel                 | 0       |
|      current_index_281_fu_3954_p3                                      |     |        | current_index_281           | select    | auto_sel                 | 0       |
|      current_prob_30_fu_3960_p3                                        |     |        | current_prob_30             | select    | auto_sel                 | 0       |
|      fcmp_32ns_32ns_1_1_no_dsp_1_x_U1353                               |     |        | cmp13_14                    | fcmp      | auto                     | 0       |
|      current_index_282_fu_3997_p3                                      |     |        | current_index_282           | select    | auto_sel                 | 0       |
|      current_index_61_fu_4003_p3                                       |     |        | current_index_61            | select    | auto_sel                 | 0       |
|      current_prob_142_fu_4009_p3                                       |     |        | current_prob_142            | select    | auto_sel                 | 0       |
|      current_index_283_fu_4014_p3                                      |     |        | current_index_283           | select    | auto_sel                 | 0       |
|      current_prob_32_fu_4020_p3                                        |     |        | current_prob_32             | select    | auto_sel                 | 0       |
|      fcmp_32ns_32ns_1_1_no_dsp_1_x_U1353                               |     |        | cmp13_15                    | fcmp      | auto                     | 0       |
|      current_index_284_fu_4057_p3                                      |     |        | current_index_284           | select    | auto_sel                 | 0       |
|      current_index_65_fu_4063_p3                                       |     |        | current_index_65            | select    | auto_sel                 | 0       |
|      current_prob_143_fu_4069_p3                                       |     |        | current_prob_143            | select    | auto_sel                 | 0       |
|      current_index_285_fu_4074_p3                                      |     |        | current_index_285           | select    | auto_sel                 | 0       |
|      current_prob_34_fu_4080_p3                                        |     |        | current_prob_34             | select    | auto_sel                 | 0       |
|      fcmp_32ns_32ns_1_1_no_dsp_1_x_U1353                               |     |        | cmp13_16                    | fcmp      | auto                     | 0       |
|      current_index_286_fu_4117_p3                                      |     |        | current_index_286           | select    | auto_sel                 | 0       |
|      current_index_69_fu_4123_p3                                       |     |        | current_index_69            | select    | auto_sel                 | 0       |
|      current_prob_144_fu_4129_p3                                       |     |        | current_prob_144            | select    | auto_sel                 | 0       |
|      current_index_287_fu_4134_p3                                      |     |        | current_index_287           | select    | auto_sel                 | 0       |
|      current_prob_36_fu_4140_p3                                        |     |        | current_prob_36             | select    | auto_sel                 | 0       |
|      fcmp_32ns_32ns_1_1_no_dsp_1_x_U1354                               |     |        | cmp13_17                    | fcmp      | auto                     | 0       |
|      current_index_288_fu_4177_p3                                      |     |        | current_index_288           | select    | auto_sel                 | 0       |
|      current_index_73_fu_4183_p3                                       |     |        | current_index_73            | select    | auto_sel                 | 0       |
|      current_prob_145_fu_4189_p3                                       |     |        | current_prob_145            | select    | auto_sel                 | 0       |
|      current_index_289_fu_4194_p3                                      |     |        | current_index_289           | select    | auto_sel                 | 0       |
|      current_prob_38_fu_4200_p3                                        |     |        | current_prob_38             | select    | auto_sel                 | 0       |
|      fcmp_32ns_32ns_1_1_no_dsp_1_x_U1354                               |     |        | cmp13_18                    | fcmp      | auto                     | 0       |
|      current_index_290_fu_4237_p3                                      |     |        | current_index_290           | select    | auto_sel                 | 0       |
|      current_index_77_fu_4243_p3                                       |     |        | current_index_77            | select    | auto_sel                 | 0       |
|      current_prob_146_fu_4249_p3                                       |     |        | current_prob_146            | select    | auto_sel                 | 0       |
|      current_index_291_fu_4254_p3                                      |     |        | current_index_291           | select    | auto_sel                 | 0       |
|      current_prob_40_fu_4260_p3                                        |     |        | current_prob_40             | select    | auto_sel                 | 0       |
|      fcmp_32ns_32ns_1_1_no_dsp_1_x_U1354                               |     |        | cmp13_19                    | fcmp      | auto                     | 0       |
|      current_index_292_fu_4297_p3                                      |     |        | current_index_292           | select    | auto_sel                 | 0       |
|      current_index_81_fu_4303_p3                                       |     |        | current_index_81            | select    | auto_sel                 | 0       |
|      current_prob_147_fu_4309_p3                                       |     |        | current_prob_147            | select    | auto_sel                 | 0       |
|      current_index_293_fu_4314_p3                                      |     |        | current_index_293           | select    | auto_sel                 | 0       |
|      current_prob_42_fu_4320_p3                                        |     |        | current_prob_42             | select    | auto_sel                 | 0       |
|      fcmp_32ns_32ns_1_1_no_dsp_1_x_U1355                               |     |        | cmp13_20                    | fcmp      | auto                     | 0       |
|      current_index_294_fu_4357_p3                                      |     |        | current_index_294           | select    | auto_sel                 | 0       |
|      current_index_85_fu_4363_p3                                       |     |        | current_index_85            | select    | auto_sel                 | 0       |
|      current_prob_148_fu_4369_p3                                       |     |        | current_prob_148            | select    | auto_sel                 | 0       |
|      current_index_295_fu_4374_p3                                      |     |        | current_index_295           | select    | auto_sel                 | 0       |
|      current_prob_44_fu_4380_p3                                        |     |        | current_prob_44             | select    | auto_sel                 | 0       |
|      fcmp_32ns_32ns_1_1_no_dsp_1_x_U1355                               |     |        | cmp13_21                    | fcmp      | auto                     | 0       |
|      current_index_296_fu_4417_p3                                      |     |        | current_index_296           | select    | auto_sel                 | 0       |
|      current_index_89_fu_4423_p3                                       |     |        | current_index_89            | select    | auto_sel                 | 0       |
|      current_prob_149_fu_4429_p3                                       |     |        | current_prob_149            | select    | auto_sel                 | 0       |
|      current_index_297_fu_4434_p3                                      |     |        | current_index_297           | select    | auto_sel                 | 0       |
|      current_prob_46_fu_4440_p3                                        |     |        | current_prob_46             | select    | auto_sel                 | 0       |
|      fcmp_32ns_32ns_1_1_no_dsp_1_x_U1355                               |     |        | cmp13_22                    | fcmp      | auto                     | 0       |
|      current_index_298_fu_4477_p3                                      |     |        | current_index_298           | select    | auto_sel                 | 0       |
|      current_index_93_fu_4483_p3                                       |     |        | current_index_93            | select    | auto_sel                 | 0       |
|      current_prob_150_fu_4489_p3                                       |     |        | current_prob_150            | select    | auto_sel                 | 0       |
|      current_index_299_fu_4494_p3                                      |     |        | current_index_299           | select    | auto_sel                 | 0       |
|      current_prob_48_fu_4500_p3                                        |     |        | current_prob_48             | select    | auto_sel                 | 0       |
|      fcmp_32ns_32ns_1_1_no_dsp_1_x_U1356                               |     |        | cmp13_23                    | fcmp      | auto                     | 0       |
|      current_index_300_fu_4537_p3                                      |     |        | current_index_300           | select    | auto_sel                 | 0       |
|      current_index_97_fu_4543_p3                                       |     |        | current_index_97            | select    | auto_sel                 | 0       |
|      current_prob_151_fu_4549_p3                                       |     |        | current_prob_151            | select    | auto_sel                 | 0       |
|      current_index_301_fu_4554_p3                                      |     |        | current_index_301           | select    | auto_sel                 | 0       |
|      current_prob_50_fu_4560_p3                                        |     |        | current_prob_50             | select    | auto_sel                 | 0       |
|      fcmp_32ns_32ns_1_1_no_dsp_1_x_U1356                               |     |        | cmp13_24                    | fcmp      | auto                     | 0       |
|      current_index_302_fu_4597_p3                                      |     |        | current_index_302           | select    | auto_sel                 | 0       |
|      current_index_101_fu_4603_p3                                      |     |        | current_index_101           | select    | auto_sel                 | 0       |
|      current_prob_152_fu_4609_p3                                       |     |        | current_prob_152            | select    | auto_sel                 | 0       |
|      current_index_303_fu_4614_p3                                      |     |        | current_index_303           | select    | auto_sel                 | 0       |
|      current_prob_52_fu_4620_p3                                        |     |        | current_prob_52             | select    | auto_sel                 | 0       |
|      fcmp_32ns_32ns_1_1_no_dsp_1_x_U1356                               |     |        | cmp13_25                    | fcmp      | auto                     | 0       |
|      current_index_304_fu_4657_p3                                      |     |        | current_index_304           | select    | auto_sel                 | 0       |
|      current_index_105_fu_4663_p3                                      |     |        | current_index_105           | select    | auto_sel                 | 0       |
|      current_prob_153_fu_4669_p3                                       |     |        | current_prob_153            | select    | auto_sel                 | 0       |
|      current_index_305_fu_4674_p3                                      |     |        | current_index_305           | select    | auto_sel                 | 0       |
|      current_prob_54_fu_4680_p3                                        |     |        | current_prob_54             | select    | auto_sel                 | 0       |
|      fcmp_32ns_32ns_1_1_no_dsp_1_x_U1357                               |     |        | cmp13_26                    | fcmp      | auto                     | 0       |
|      current_index_306_fu_4717_p3                                      |     |        | current_index_306           | select    | auto_sel                 | 0       |
|      current_index_109_fu_4723_p3                                      |     |        | current_index_109           | select    | auto_sel                 | 0       |
|      current_prob_154_fu_4729_p3                                       |     |        | current_prob_154            | select    | auto_sel                 | 0       |
|      current_index_307_fu_4734_p3                                      |     |        | current_index_307           | select    | auto_sel                 | 0       |
|      current_prob_56_fu_4740_p3                                        |     |        | current_prob_56             | select    | auto_sel                 | 0       |
|      fcmp_32ns_32ns_1_1_no_dsp_1_x_U1357                               |     |        | cmp13_27                    | fcmp      | auto                     | 0       |
|      current_index_308_fu_4777_p3                                      |     |        | current_index_308           | select    | auto_sel                 | 0       |
|      current_index_113_fu_4783_p3                                      |     |        | current_index_113           | select    | auto_sel                 | 0       |
|      current_prob_155_fu_4789_p3                                       |     |        | current_prob_155            | select    | auto_sel                 | 0       |
|      current_index_309_fu_4794_p3                                      |     |        | current_index_309           | select    | auto_sel                 | 0       |
|      current_prob_58_fu_4800_p3                                        |     |        | current_prob_58             | select    | auto_sel                 | 0       |
|      fcmp_32ns_32ns_1_1_no_dsp_1_x_U1357                               |     |        | cmp13_28                    | fcmp      | auto                     | 0       |
|      current_index_310_fu_4837_p3                                      |     |        | current_index_310           | select    | auto_sel                 | 0       |
|      current_index_117_fu_4843_p3                                      |     |        | current_index_117           | select    | auto_sel                 | 0       |
|      current_prob_156_fu_4849_p3                                       |     |        | current_prob_156            | select    | auto_sel                 | 0       |
|      current_index_311_fu_4854_p3                                      |     |        | current_index_311           | select    | auto_sel                 | 0       |
|      current_prob_60_fu_4860_p3                                        |     |        | current_prob_60             | select    | auto_sel                 | 0       |
|      fcmp_32ns_32ns_1_1_no_dsp_1_x_U1358                               |     |        | cmp13_29                    | fcmp      | auto                     | 0       |
|      current_index_312_fu_4897_p3                                      |     |        | current_index_312           | select    | auto_sel                 | 0       |
|      current_index_121_fu_4903_p3                                      |     |        | current_index_121           | select    | auto_sel                 | 0       |
|      current_prob_157_fu_4909_p3                                       |     |        | current_prob_157            | select    | auto_sel                 | 0       |
|      current_index_313_fu_4914_p3                                      |     |        | current_index_313           | select    | auto_sel                 | 0       |
|      current_prob_62_fu_4920_p3                                        |     |        | current_prob_62             | select    | auto_sel                 | 0       |
|      fcmp_32ns_32ns_1_1_no_dsp_1_x_U1358                               |     |        | cmp13_30                    | fcmp      | auto                     | 0       |
|      current_index_314_fu_4957_p3                                      |     |        | current_index_314           | select    | auto_sel                 | 0       |
|      current_index_125_fu_4963_p3                                      |     |        | current_index_125           | select    | auto_sel                 | 0       |
|      current_prob_158_fu_4969_p3                                       |     |        | current_prob_158            | select    | auto_sel                 | 0       |
|      current_index_315_fu_4974_p3                                      |     |        | current_index_315           | select    | auto_sel                 | 0       |
|      current_prob_64_fu_4980_p3                                        |     |        | current_prob_64             | select    | auto_sel                 | 0       |
|      fcmp_32ns_32ns_1_1_no_dsp_1_x_U1358                               |     |        | cmp13_31                    | fcmp      | auto                     | 0       |
|      current_index_316_fu_5017_p3                                      |     |        | current_index_316           | select    | auto_sel                 | 0       |
|      current_index_129_fu_5023_p3                                      |     |        | current_index_129           | select    | auto_sel                 | 0       |
|      current_prob_159_fu_5029_p3                                       |     |        | current_prob_159            | select    | auto_sel                 | 0       |
|      current_index_317_fu_5034_p3                                      |     |        | current_index_317           | select    | auto_sel                 | 0       |
|      current_prob_66_fu_5040_p3                                        |     |        | current_prob_66             | select    | auto_sel                 | 0       |
|      fcmp_32ns_32ns_1_1_no_dsp_1_x_U1359                               |     |        | cmp13_32                    | fcmp      | auto                     | 0       |
|      current_index_318_fu_5077_p3                                      |     |        | current_index_318           | select    | auto_sel                 | 0       |
|      current_index_133_fu_5083_p3                                      |     |        | current_index_133           | select    | auto_sel                 | 0       |
|      current_prob_160_fu_5089_p3                                       |     |        | current_prob_160            | select    | auto_sel                 | 0       |
|      current_index_319_fu_5094_p3                                      |     |        | current_index_319           | select    | auto_sel                 | 0       |
|      current_prob_68_fu_5100_p3                                        |     |        | current_prob_68             | select    | auto_sel                 | 0       |
|      fcmp_32ns_32ns_1_1_no_dsp_1_x_U1359                               |     |        | cmp13_33                    | fcmp      | auto                     | 0       |
|      current_index_320_fu_5137_p3                                      |     |        | current_index_320           | select    | auto_sel                 | 0       |
|      current_index_137_fu_5143_p3                                      |     |        | current_index_137           | select    | auto_sel                 | 0       |
|      current_prob_161_fu_5149_p3                                       |     |        | current_prob_161            | select    | auto_sel                 | 0       |
|      current_index_321_fu_5154_p3                                      |     |        | current_index_321           | select    | auto_sel                 | 0       |
|      current_prob_70_fu_5160_p3                                        |     |        | current_prob_70             | select    | auto_sel                 | 0       |
|      fcmp_32ns_32ns_1_1_no_dsp_1_x_U1359                               |     |        | cmp13_34                    | fcmp      | auto                     | 0       |
|      current_index_322_fu_5197_p3                                      |     |        | current_index_322           | select    | auto_sel                 | 0       |
|      current_index_141_fu_5203_p3                                      |     |        | current_index_141           | select    | auto_sel                 | 0       |
|      current_prob_162_fu_5209_p3                                       |     |        | current_prob_162            | select    | auto_sel                 | 0       |
|      current_index_323_fu_5214_p3                                      |     |        | current_index_323           | select    | auto_sel                 | 0       |
|      current_prob_72_fu_5220_p3                                        |     |        | current_prob_72             | select    | auto_sel                 | 0       |
|      fcmp_32ns_32ns_1_1_no_dsp_1_x_U1360                               |     |        | cmp13_35                    | fcmp      | auto                     | 0       |
|      current_index_324_fu_5257_p3                                      |     |        | current_index_324           | select    | auto_sel                 | 0       |
|      current_index_145_fu_5263_p3                                      |     |        | current_index_145           | select    | auto_sel                 | 0       |
|      current_prob_163_fu_5269_p3                                       |     |        | current_prob_163            | select    | auto_sel                 | 0       |
|      current_index_325_fu_5274_p3                                      |     |        | current_index_325           | select    | auto_sel                 | 0       |
|      current_prob_74_fu_5280_p3                                        |     |        | current_prob_74             | select    | auto_sel                 | 0       |
|      fcmp_32ns_32ns_1_1_no_dsp_1_x_U1360                               |     |        | cmp13_36                    | fcmp      | auto                     | 0       |
|      current_index_326_fu_5317_p3                                      |     |        | current_index_326           | select    | auto_sel                 | 0       |
|      current_index_149_fu_5323_p3                                      |     |        | current_index_149           | select    | auto_sel                 | 0       |
|      current_prob_164_fu_5329_p3                                       |     |        | current_prob_164            | select    | auto_sel                 | 0       |
|      current_index_327_fu_5334_p3                                      |     |        | current_index_327           | select    | auto_sel                 | 0       |
|      current_prob_76_fu_5340_p3                                        |     |        | current_prob_76             | select    | auto_sel                 | 0       |
|      fcmp_32ns_32ns_1_1_no_dsp_1_x_U1360                               |     |        | cmp13_37                    | fcmp      | auto                     | 0       |
|      current_index_328_fu_5377_p3                                      |     |        | current_index_328           | select    | auto_sel                 | 0       |
|      current_index_153_fu_5383_p3                                      |     |        | current_index_153           | select    | auto_sel                 | 0       |
|      current_prob_165_fu_5389_p3                                       |     |        | current_prob_165            | select    | auto_sel                 | 0       |
|      current_index_329_fu_5394_p3                                      |     |        | current_index_329           | select    | auto_sel                 | 0       |
|      current_prob_78_fu_5400_p3                                        |     |        | current_prob_78             | select    | auto_sel                 | 0       |
|      fcmp_32ns_32ns_1_1_no_dsp_1_x_U1361                               |     |        | cmp13_38                    | fcmp      | auto                     | 0       |
|      current_index_330_fu_5437_p3                                      |     |        | current_index_330           | select    | auto_sel                 | 0       |
|      current_index_157_fu_5443_p3                                      |     |        | current_index_157           | select    | auto_sel                 | 0       |
|      current_prob_166_fu_5449_p3                                       |     |        | current_prob_166            | select    | auto_sel                 | 0       |
|      current_index_331_fu_5454_p3                                      |     |        | current_index_331           | select    | auto_sel                 | 0       |
|      current_prob_80_fu_5460_p3                                        |     |        | current_prob_80             | select    | auto_sel                 | 0       |
|      fcmp_32ns_32ns_1_1_no_dsp_1_x_U1361                               |     |        | cmp13_39                    | fcmp      | auto                     | 0       |
|      current_index_332_fu_5497_p3                                      |     |        | current_index_332           | select    | auto_sel                 | 0       |
|      current_index_161_fu_5503_p3                                      |     |        | current_index_161           | select    | auto_sel                 | 0       |
|      current_prob_167_fu_5509_p3                                       |     |        | current_prob_167            | select    | auto_sel                 | 0       |
|      current_index_333_fu_5514_p3                                      |     |        | current_index_333           | select    | auto_sel                 | 0       |
|      current_prob_82_fu_5520_p3                                        |     |        | current_prob_82             | select    | auto_sel                 | 0       |
|      fcmp_32ns_32ns_1_1_no_dsp_1_x_U1361                               |     |        | cmp13_40                    | fcmp      | auto                     | 0       |
|      current_index_334_fu_5557_p3                                      |     |        | current_index_334           | select    | auto_sel                 | 0       |
|      current_index_165_fu_5563_p3                                      |     |        | current_index_165           | select    | auto_sel                 | 0       |
|      current_prob_168_fu_5569_p3                                       |     |        | current_prob_168            | select    | auto_sel                 | 0       |
|      current_index_335_fu_5574_p3                                      |     |        | current_index_335           | select    | auto_sel                 | 0       |
|      current_prob_84_fu_5580_p3                                        |     |        | current_prob_84             | select    | auto_sel                 | 0       |
|      fcmp_32ns_32ns_1_1_no_dsp_1_x_U1362                               |     |        | cmp13_41                    | fcmp      | auto                     | 0       |
|      current_index_336_fu_5617_p3                                      |     |        | current_index_336           | select    | auto_sel                 | 0       |
|      current_index_169_fu_5623_p3                                      |     |        | current_index_169           | select    | auto_sel                 | 0       |
|      current_prob_169_fu_5629_p3                                       |     |        | current_prob_169            | select    | auto_sel                 | 0       |
|      current_index_337_fu_5634_p3                                      |     |        | current_index_337           | select    | auto_sel                 | 0       |
|      current_prob_86_fu_5640_p3                                        |     |        | current_prob_86             | select    | auto_sel                 | 0       |
|      fcmp_32ns_32ns_1_1_no_dsp_1_x_U1362                               |     |        | cmp13_42                    | fcmp      | auto                     | 0       |
|      current_index_338_fu_5677_p3                                      |     |        | current_index_338           | select    | auto_sel                 | 0       |
|      current_index_173_fu_5683_p3                                      |     |        | current_index_173           | select    | auto_sel                 | 0       |
|      current_prob_170_fu_5689_p3                                       |     |        | current_prob_170            | select    | auto_sel                 | 0       |
|      current_index_339_fu_5694_p3                                      |     |        | current_index_339           | select    | auto_sel                 | 0       |
|      current_prob_88_fu_5700_p3                                        |     |        | current_prob_88             | select    | auto_sel                 | 0       |
|      fcmp_32ns_32ns_1_1_no_dsp_1_x_U1362                               |     |        | cmp13_43                    | fcmp      | auto                     | 0       |
|      current_index_340_fu_5737_p3                                      |     |        | current_index_340           | select    | auto_sel                 | 0       |
|      current_index_177_fu_5743_p3                                      |     |        | current_index_177           | select    | auto_sel                 | 0       |
|      current_prob_171_fu_5749_p3                                       |     |        | current_prob_171            | select    | auto_sel                 | 0       |
|      current_index_341_fu_5754_p3                                      |     |        | current_index_341           | select    | auto_sel                 | 0       |
|      current_prob_90_fu_5760_p3                                        |     |        | current_prob_90             | select    | auto_sel                 | 0       |
|      fcmp_32ns_32ns_1_1_no_dsp_1_x_U1363                               |     |        | cmp13_44                    | fcmp      | auto                     | 0       |
|      current_index_342_fu_5797_p3                                      |     |        | current_index_342           | select    | auto_sel                 | 0       |
|      current_index_181_fu_5803_p3                                      |     |        | current_index_181           | select    | auto_sel                 | 0       |
|      current_prob_172_fu_5809_p3                                       |     |        | current_prob_172            | select    | auto_sel                 | 0       |
|      current_index_343_fu_5814_p3                                      |     |        | current_index_343           | select    | auto_sel                 | 0       |
|      current_prob_92_fu_5820_p3                                        |     |        | current_prob_92             | select    | auto_sel                 | 0       |
|      fcmp_32ns_32ns_1_1_no_dsp_1_x_U1363                               |     |        | cmp13_45                    | fcmp      | auto                     | 0       |
|      current_index_344_fu_5857_p3                                      |     |        | current_index_344           | select    | auto_sel                 | 0       |
|      current_index_185_fu_5863_p3                                      |     |        | current_index_185           | select    | auto_sel                 | 0       |
|      current_prob_173_fu_5869_p3                                       |     |        | current_prob_173            | select    | auto_sel                 | 0       |
|      current_index_345_fu_5874_p3                                      |     |        | current_index_345           | select    | auto_sel                 | 0       |
|      current_prob_94_fu_5880_p3                                        |     |        | current_prob_94             | select    | auto_sel                 | 0       |
|      fcmp_32ns_32ns_1_1_no_dsp_1_x_U1363                               |     |        | cmp13_46                    | fcmp      | auto                     | 0       |
|      current_index_346_fu_5917_p3                                      |     |        | current_index_346           | select    | auto_sel                 | 0       |
|      current_index_189_fu_5923_p3                                      |     |        | current_index_189           | select    | auto_sel                 | 0       |
|      current_prob_174_fu_5929_p3                                       |     |        | current_prob_174            | select    | auto_sel                 | 0       |
|      current_index_347_fu_5934_p3                                      |     |        | current_index_347           | select    | auto_sel                 | 0       |
|      current_prob_96_fu_5940_p3                                        |     |        | current_prob_96             | select    | auto_sel                 | 0       |
|      fcmp_32ns_32ns_1_1_no_dsp_1_x_U1364                               |     |        | cmp13_47                    | fcmp      | auto                     | 0       |
|      current_index_348_fu_5977_p3                                      |     |        | current_index_348           | select    | auto_sel                 | 0       |
|      current_index_193_fu_5983_p3                                      |     |        | current_index_193           | select    | auto_sel                 | 0       |
|      current_prob_175_fu_5989_p3                                       |     |        | current_prob_175            | select    | auto_sel                 | 0       |
|      current_index_349_fu_5994_p3                                      |     |        | current_index_349           | select    | auto_sel                 | 0       |
|      current_prob_98_fu_6000_p3                                        |     |        | current_prob_98             | select    | auto_sel                 | 0       |
|      fcmp_32ns_32ns_1_1_no_dsp_1_x_U1364                               |     |        | cmp13_48                    | fcmp      | auto                     | 0       |
|      current_index_350_fu_6037_p3                                      |     |        | current_index_350           | select    | auto_sel                 | 0       |
|      current_index_197_fu_6043_p3                                      |     |        | current_index_197           | select    | auto_sel                 | 0       |
|      current_prob_176_fu_6049_p3                                       |     |        | current_prob_176            | select    | auto_sel                 | 0       |
|      current_index_351_fu_6054_p3                                      |     |        | current_index_351           | select    | auto_sel                 | 0       |
|      current_prob_100_fu_6060_p3                                       |     |        | current_prob_100            | select    | auto_sel                 | 0       |
|      fcmp_32ns_32ns_1_1_no_dsp_1_x_U1364                               |     |        | cmp13_49                    | fcmp      | auto                     | 0       |
|      current_index_352_fu_6097_p3                                      |     |        | current_index_352           | select    | auto_sel                 | 0       |
|      current_index_201_fu_6103_p3                                      |     |        | current_index_201           | select    | auto_sel                 | 0       |
|      current_prob_177_fu_6109_p3                                       |     |        | current_prob_177            | select    | auto_sel                 | 0       |
|      current_index_353_fu_6114_p3                                      |     |        | current_index_353           | select    | auto_sel                 | 0       |
|      current_prob_102_fu_6120_p3                                       |     |        | current_prob_102            | select    | auto_sel                 | 0       |
|      fcmp_32ns_32ns_1_1_no_dsp_1_x_U1365                               |     |        | cmp13_50                    | fcmp      | auto                     | 0       |
|      current_index_354_fu_6157_p3                                      |     |        | current_index_354           | select    | auto_sel                 | 0       |
|      current_index_205_fu_6163_p3                                      |     |        | current_index_205           | select    | auto_sel                 | 0       |
|      current_prob_178_fu_6169_p3                                       |     |        | current_prob_178            | select    | auto_sel                 | 0       |
|      current_index_355_fu_6174_p3                                      |     |        | current_index_355           | select    | auto_sel                 | 0       |
|      current_prob_104_fu_6180_p3                                       |     |        | current_prob_104            | select    | auto_sel                 | 0       |
|      fcmp_32ns_32ns_1_1_no_dsp_1_x_U1365                               |     |        | cmp13_51                    | fcmp      | auto                     | 0       |
|      current_index_356_fu_6217_p3                                      |     |        | current_index_356           | select    | auto_sel                 | 0       |
|      current_index_209_fu_6223_p3                                      |     |        | current_index_209           | select    | auto_sel                 | 0       |
|      current_prob_179_fu_6229_p3                                       |     |        | current_prob_179            | select    | auto_sel                 | 0       |
|      current_index_357_fu_6234_p3                                      |     |        | current_index_357           | select    | auto_sel                 | 0       |
|      current_prob_106_fu_6240_p3                                       |     |        | current_prob_106            | select    | auto_sel                 | 0       |
|      fcmp_32ns_32ns_1_1_no_dsp_1_x_U1365                               |     |        | cmp13_52                    | fcmp      | auto                     | 0       |
|      current_index_358_fu_6277_p3                                      |     |        | current_index_358           | select    | auto_sel                 | 0       |
|      current_index_213_fu_6283_p3                                      |     |        | current_index_213           | select    | auto_sel                 | 0       |
|      current_prob_180_fu_6289_p3                                       |     |        | current_prob_180            | select    | auto_sel                 | 0       |
|      current_index_359_fu_6294_p3                                      |     |        | current_index_359           | select    | auto_sel                 | 0       |
|      current_prob_108_fu_6300_p3                                       |     |        | current_prob_108            | select    | auto_sel                 | 0       |
|      fcmp_32ns_32ns_1_1_no_dsp_1_x_U1366                               |     |        | cmp13_53                    | fcmp      | auto                     | 0       |
|      current_index_360_fu_6337_p3                                      |     |        | current_index_360           | select    | auto_sel                 | 0       |
|      current_index_217_fu_6343_p3                                      |     |        | current_index_217           | select    | auto_sel                 | 0       |
|      current_prob_181_fu_6349_p3                                       |     |        | current_prob_181            | select    | auto_sel                 | 0       |
|      current_index_361_fu_6354_p3                                      |     |        | current_index_361           | select    | auto_sel                 | 0       |
|      current_prob_110_fu_6360_p3                                       |     |        | current_prob_110            | select    | auto_sel                 | 0       |
|      fcmp_32ns_32ns_1_1_no_dsp_1_x_U1366                               |     |        | cmp13_54                    | fcmp      | auto                     | 0       |
|      current_index_362_fu_6397_p3                                      |     |        | current_index_362           | select    | auto_sel                 | 0       |
|      current_index_221_fu_6403_p3                                      |     |        | current_index_221           | select    | auto_sel                 | 0       |
|      current_prob_182_fu_6409_p3                                       |     |        | current_prob_182            | select    | auto_sel                 | 0       |
|      current_index_363_fu_6414_p3                                      |     |        | current_index_363           | select    | auto_sel                 | 0       |
|      current_prob_112_fu_6420_p3                                       |     |        | current_prob_112            | select    | auto_sel                 | 0       |
|      fcmp_32ns_32ns_1_1_no_dsp_1_x_U1366                               |     |        | cmp13_55                    | fcmp      | auto                     | 0       |
|      current_index_364_fu_6457_p3                                      |     |        | current_index_364           | select    | auto_sel                 | 0       |
|      current_index_225_fu_6463_p3                                      |     |        | current_index_225           | select    | auto_sel                 | 0       |
|      current_prob_183_fu_6469_p3                                       |     |        | current_prob_183            | select    | auto_sel                 | 0       |
|      current_index_365_fu_6474_p3                                      |     |        | current_index_365           | select    | auto_sel                 | 0       |
|      current_prob_114_fu_6480_p3                                       |     |        | current_prob_114            | select    | auto_sel                 | 0       |
|      fcmp_32ns_32ns_1_1_no_dsp_1_x_U1367                               |     |        | cmp13_56                    | fcmp      | auto                     | 0       |
|      current_index_366_fu_6517_p3                                      |     |        | current_index_366           | select    | auto_sel                 | 0       |
|      current_index_229_fu_6523_p3                                      |     |        | current_index_229           | select    | auto_sel                 | 0       |
|      current_prob_184_fu_6529_p3                                       |     |        | current_prob_184            | select    | auto_sel                 | 0       |
|      current_index_367_fu_6534_p3                                      |     |        | current_index_367           | select    | auto_sel                 | 0       |
|      current_prob_116_fu_6540_p3                                       |     |        | current_prob_116            | select    | auto_sel                 | 0       |
|      fcmp_32ns_32ns_1_1_no_dsp_1_x_U1367                               |     |        | cmp13_57                    | fcmp      | auto                     | 0       |
|      current_index_368_fu_6577_p3                                      |     |        | current_index_368           | select    | auto_sel                 | 0       |
|      current_index_233_fu_6583_p3                                      |     |        | current_index_233           | select    | auto_sel                 | 0       |
|      current_prob_185_fu_6589_p3                                       |     |        | current_prob_185            | select    | auto_sel                 | 0       |
|      current_index_369_fu_6594_p3                                      |     |        | current_index_369           | select    | auto_sel                 | 0       |
|      current_prob_118_fu_6600_p3                                       |     |        | current_prob_118            | select    | auto_sel                 | 0       |
|      fcmp_32ns_32ns_1_1_no_dsp_1_x_U1367                               |     |        | cmp13_58                    | fcmp      | auto                     | 0       |
|      current_index_370_fu_6637_p3                                      |     |        | current_index_370           | select    | auto_sel                 | 0       |
|      current_index_237_fu_6643_p3                                      |     |        | current_index_237           | select    | auto_sel                 | 0       |
|      current_prob_186_fu_6649_p3                                       |     |        | current_prob_186            | select    | auto_sel                 | 0       |
|      current_index_371_fu_6654_p3                                      |     |        | current_index_371           | select    | auto_sel                 | 0       |
|      current_prob_120_fu_6660_p3                                       |     |        | current_prob_120            | select    | auto_sel                 | 0       |
|      fcmp_32ns_32ns_1_1_no_dsp_1_x_U1368                               |     |        | cmp13_59                    | fcmp      | auto                     | 0       |
|      current_index_372_fu_6697_p3                                      |     |        | current_index_372           | select    | auto_sel                 | 0       |
|      current_index_241_fu_6703_p3                                      |     |        | current_index_241           | select    | auto_sel                 | 0       |
|      current_prob_187_fu_6709_p3                                       |     |        | current_prob_187            | select    | auto_sel                 | 0       |
|      current_index_373_fu_6714_p3                                      |     |        | current_index_373           | select    | auto_sel                 | 0       |
|      current_prob_122_fu_6720_p3                                       |     |        | current_prob_122            | select    | auto_sel                 | 0       |
|      fcmp_32ns_32ns_1_1_no_dsp_1_x_U1368                               |     |        | cmp13_60                    | fcmp      | auto                     | 0       |
|      current_index_374_fu_6757_p3                                      |     |        | current_index_374           | select    | auto_sel                 | 0       |
|      current_index_245_fu_6763_p3                                      |     |        | current_index_245           | select    | auto_sel                 | 0       |
|      current_prob_188_fu_6769_p3                                       |     |        | current_prob_188            | select    | auto_sel                 | 0       |
|      current_index_375_fu_6774_p3                                      |     |        | current_index_375           | select    | auto_sel                 | 0       |
|      current_prob_124_fu_6780_p3                                       |     |        | current_prob_124            | select    | auto_sel                 | 0       |
|      fcmp_32ns_32ns_1_1_no_dsp_1_x_U1368                               |     |        | cmp13_61                    | fcmp      | auto                     | 0       |
|      current_index_376_fu_6854_p3                                      |     |        | current_index_376           | select    | auto_sel                 | 0       |
|      current_index_249_fu_6814_p3                                      |     |        | current_index_249           | select    | auto_sel                 | 0       |
|      current_prob_189_fu_6820_p3                                       |     |        | current_prob_189            | select    | auto_sel                 | 0       |
|      current_index_377_fu_6860_p3                                      |     |        | current_index_377           | select    | auto_sel                 | 0       |
|      current_prob_126_fu_6825_p3                                       |     |        | current_prob_126            | select    | auto_sel                 | 0       |
|      fcmp_32ns_32ns_1_1_no_dsp_1_x_U1369                               |     |        | cmp13_62                    | fcmp      | auto                     | 0       |
|      select_ln38_fu_6866_p3                                            |     |        | select_ln38                 | select    | auto_sel                 | 0       |
|      select_ln38_1_fu_6873_p3                                          |     |        | select_ln38_1               | select    | auto_sel                 | 0       |
|  + transformer_cu_Pipeline_softmax_exp_loop                            | 3   |        |                             |           |                          |         |
|    add_ln71_fu_1563_p2                                                 |     |        | add_ln71                    | add       | fabric                   | 0       |
|    icmp_ln71_fu_1569_p2                                                |     |        | icmp_ln71                   | seteq     | auto                     | 0       |
|    sparsemux_129_6_32_1_1_U1801                                        |     |        | curr_val                    | sparsemux | compactencoding_dontcare | 0       |
|    fsub_32ns_32ns_32_2_primitive_dsp_1_U1798                           | 1   |        | sub_i                       | fsub      | primitivedsp             | 1       |
|    fmul_32ns_32ns_32_3_primitive_dsp_1_U1799                           | 1   |        | x_assign                    | fmul      | primitivedsp             | 2       |
|    fexp_32ns_32ns_32_19_med_dsp_1_U1800                                | 1   |        | calc                        | fexp      | meddsp                   | 18      |
|    icmp_ln76_fu_1843_p2                                                |     |        | icmp_ln76                   | seteq     | auto                     | 0       |
|    facc_32ns_32ns_1ns_32_12_no_dsp_1_U1802                             |     |        | final_soft_sum_1            | facc      | fabric                   | 11      |
|  + transformer_cu_Pipeline_softmax_normalize_loop                      | 1   |        |                             |           |                          |         |
|    icmp_ln86_fu_758_p2                                                 |     |        | icmp_ln86                   | seteq     | auto                     | 0       |
|    add_ln86_fu_764_p2                                                  |     |        | add_ln86                    | add       | fabric                   | 0       |
|    sparsemux_129_6_32_1_1_U1938                                        |     |        | tmp_7                       | sparsemux | compactencoding_dontcare | 0       |
|    fmadd_32ns_32ns_32ns_32ns_32_4_primitive_dsp_1_U1937                | 1   |        | accum_top_1                 | fmadd     | primitivedsp             | 3       |
|    fcmp_32ns_32ns_1_1_no_dsp_1_x_U1936                                 |     |        | cmp26_i                     | fcmp      | auto                     | 0       |
+------------------------------------------------------------------------+-----+--------+-----------------------------+-----------+--------------------------+---------+


================================================================
== Storage Report
================================================================
+----------------------------------------------------------------------------------+---------------+-------------+------+------+--------+------------------------------------------------------------------------------+--------+---------+------------------+
| Name                                                                             | Usage         | Type        | BRAM | URAM | Pragma | Variable                                                                     | Impl   | Latency | Bitwidth, Depth, |
|                                                                                  |               |             |      |      |        |                                                                              |        |         | Banks            |
+----------------------------------------------------------------------------------+---------------+-------------+------+------+--------+------------------------------------------------------------------------------+--------+---------+------------------+
| + transformer_cu                                                                 |               |             | 187  | 86   |        |                                                                              |        |         |                  |
|   control_s_axi_U                                                                | interface     | s_axilite   |      |      |        |                                                                              |        |         |                  |
|   D_W_GEMM_0_m_axi_U                                                             | interface     | m_axi       |      | 8    |        |                                                                              |        |         |                  |
|   D_W_GEMM_1_m_axi_U                                                             | interface     | m_axi       |      | 8    |        |                                                                              |        |         |                  |
|   kc_gemm_m_axi_U                                                                | interface     | m_axi       |      | 8    |        |                                                                              |        |         |                  |
|   token_val_m_axi_U                                                              | interface     | m_axi       |      |      |        |                                                                              |        |         |                  |
|   vc_gemm_m_axi_U                                                                | interface     | m_axi       |      | 8    |        |                                                                              |        |         |                  |
|   w_n_t_gemm_m_axi_U                                                             | interface     | m_axi       |      | 2    |        |                                                                              |        |         |                  |
|   s_curr_state_fifo_U                                                            | fifo array    |             | 9    |      |        | s_curr_state                                                                 | memory | 0       | 322, 49, 1       |
|   s_cu_sel_out_fifo_U                                                            | fifo array    |             | 4    |      | yes    | s_cu_sel_out                                                                 | bram   | 0       | 128, 512, 1      |
|   vec_cnt_fifo_U                                                                 | fifo array    |             |      |      |        | vec_cnt                                                                      | srl    | 0       | 194, 2, 1        |
|   internal_token_U                                                               | ram_1p array  |             | 1    |      | yes    | internal_token                                                               | bram   | 1       | 32, 512, 1       |
|   internal_token_1_U                                                             | ram_1p array  |             | 1    |      | yes    | internal_token_1                                                             | bram   | 1       | 32, 512, 1       |
|   internal_token_2_U                                                             | ram_1p array  |             | 1    |      | yes    | internal_token_2                                                             | bram   | 1       | 32, 512, 1       |
|   internal_token_3_U                                                             | ram_1p array  |             | 1    |      | yes    | internal_token_3                                                             | bram   | 1       | 32, 512, 1       |
|   internal_token_4_U                                                             | ram_1p array  |             | 1    |      | yes    | internal_token_4                                                             | bram   | 1       | 32, 512, 1       |
|   internal_token_5_U                                                             | ram_1p array  |             | 1    |      | yes    | internal_token_5                                                             | bram   | 1       | 32, 512, 1       |
|   internal_token_6_U                                                             | ram_1p array  |             | 1    |      | yes    | internal_token_6                                                             | bram   | 1       | 32, 512, 1       |
|   internal_token_7_U                                                             | ram_1p array  |             | 1    |      | yes    | internal_token_7                                                             | bram   | 1       | 32, 512, 1       |
|   res_con_U                                                                      | ram_s2p array |             |      |      | yes    | res_con                                                                      | auto   | 1       | 32, 192, 1       |
|   res_con_1_U                                                                    | ram_s2p array |             |      |      | yes    | res_con_1                                                                    | auto   | 1       | 32, 192, 1       |
|   res_con_2_U                                                                    | ram_s2p array |             |      |      | yes    | res_con_2                                                                    | auto   | 1       | 32, 192, 1       |
|   res_con_3_U                                                                    | ram_s2p array |             |      |      | yes    | res_con_3                                                                    | auto   | 1       | 32, 192, 1       |
|   transformer_cu_vector_ap_uint_ap_uint_vector_vector_vector_int_int_int_int_3_U | ram_1p        |             |      | 1    | pragma | transformer_cu_vector_ap_uint_ap_uint_vector_vector_vector_int_int_int_int_3 | uram   | 1       | 32, 4800, 1      |
|   transformer_cu_vector_ap_uint_ap_uint_vector_vector_vector_int_int_int_int_2_U | ram_1p        |             |      | 1    | pragma | transformer_cu_vector_ap_uint_ap_uint_vector_vector_vector_int_int_int_int_2 | uram   | 1       | 32, 4800, 1      |
|   transformer_cu_vector_ap_uint_ap_uint_vector_vector_vector_int_int_int_int_1_U | ram_1p        |             |      | 1    | pragma | transformer_cu_vector_ap_uint_ap_uint_vector_vector_vector_int_int_int_int_1 | uram   | 1       | 32, 4800, 1      |
|   transformer_cu_vector_ap_uint_ap_uint_vector_vector_vector_int_int_int_int_U   | ram_1p        |             |      | 1    | pragma | transformer_cu_vector_ap_uint_ap_uint_vector_vector_vector_int_int_int_int   | uram   | 1       | 32, 4800, 1      |
|  + rmsnorm_kernel                                                                |               |             | 12   | 0    |        |                                                                              |        |         |                  |
|    s_diff_U                                                                      | fifo channel  | stream      | 4    |      |        | s_diff                                                                       | bram   | 0       | 128, 64, 1       |
|    s_weights_U                                                                   | fifo channel  | stream      | 4    |      |        | s_weights                                                                    | bram   | 0       | 128, 192, 1      |
|   + rmsnorm_float_4ul_s                                                          |               |             | 4    | 0    |        |                                                                              |        |         |                  |
|     arr_1_U                                                                      | ram_1p array  |             | 4    |      |        | arr_1                                                                        | auto   | 1       | 128, 192, 1      |
|     ss_U                                                                         | ram_2p array  |             |      |      |        | ss                                                                           | auto   | 1       | 32, 16, 1        |
|  + swiglu_kernel                                                                 |               |             | 8    | 0    |        |                                                                              |        |         |                  |
|    s_w1_U                                                                        | fifo channel  | stream      | 4    |      |        | s_w1                                                                         | bram   | 0       | 128, 16, 1       |
|    s_w3_U                                                                        | fifo channel  | stream      | 4    |      |        | s_w3                                                                         | bram   | 0       | 128, 16, 1       |
|  + mha_kernel                                                                    |               |             | 130  | 16   |        |                                                                              |        |         |                  |
|    add_loc_c3_channel_U                                                          | fifo channel  | task level  |      |      |        | add_loc_c3_channel                                                           | srl    | 0       | 32, 5, 1         |
|    thr_mul1_loc_c4_channel_U                                                     | fifo channel  | task level  |      |      |        | thr_mul1_loc_c4_channel                                                      | srl    | 0       | 32, 2, 1         |
|    thr_mul1_loc_c6_channel_U                                                     | fifo channel  | task level  |      |      |        | thr_mul1_loc_c6_channel                                                      | srl    | 0       | 32, 2, 1         |
|    s_query_U                                                                     | fifo channel  | stream      | 15   |      |        | s_query                                                                      | memory | 0       | 512, 48, 1       |
|    s_key_cache_in_U                                                              | fifo channel  | stream      | 15   |      |        | s_key_cache_in                                                               | memory | 0       | 512, 48, 1       |
|    s_value_cache_in_U                                                            | fifo channel  | stream      | 15   |      |        | s_value_cache_in                                                             | memory | 0       | 512, 48, 1       |
|    s_kc_data_U                                                                   | fifo channel  | stream      | 15   |      |        | s_kc_data                                                                    | memory | 0       | 512, 64, 1       |
|    thr_mul1_loc_c5_U                                                             | fifo channel  | scalar prop |      |      |        | thr_mul1_loc_c5                                                              | srl    | 0       | 32, 2, 1         |
|    s_kc_ddr_U                                                                    | fifo channel  | stream      | 15   |      |        | s_kc_ddr                                                                     | memory | 0       | 512, 64, 1       |
|    s_key_cache_to_kernel_U                                                       | fifo channel  | stream      |      | 8    |        | s_key_cache_to_kernel                                                        | uram   | 0       | 512, 4096, 1     |
|    s_vc_data_U                                                                   | fifo channel  | stream      | 15   |      |        | s_vc_data                                                                    | memory | 0       | 512, 64, 1       |
|    thr_mul1_loc_c_U                                                              | fifo channel  | scalar prop |      |      |        | thr_mul1_loc_c                                                               | srl    | 0       | 32, 2, 1         |
|    s_vc_ddr_U                                                                    | fifo channel  | stream      | 15   |      |        | s_vc_ddr                                                                     | memory | 0       | 512, 64, 1       |
|    s_value_cache_to_kernel_U                                                     | fifo channel  | stream      |      | 8    |        | s_value_cache_to_kernel                                                      | uram   | 0       | 512, 4096, 1     |
|    mha_it_sm_U                                                                   | fifo channel  | stream      | 4    |      |        | mha_it_sm                                                                    | bram   | 0       | 32, 1536, 1      |
|    s_max_val_U                                                                   | fifo channel  | stream      |      |      |        | s_max_val                                                                    | srl    | 0       | 32, 4, 1         |
|    add_loc_c2_U                                                                  | fifo channel  | scalar prop |      |      |        | add_loc_c2                                                                   | srl    | 0       | 32, 2, 1         |
|    att_sm_ws_U                                                                   | fifo channel  | stream      | 4    |      |        | att_sm_ws                                                                    | bram   | 0       | 32, 1536, 1      |
|    s_iss_val_U                                                                   | fifo channel  | stream      |      |      |        | s_iss_val                                                                    | srl    | 0       | 32, 4, 1         |
|    add_loc_c_U                                                                   | fifo channel  | scalar prop |      |      |        | add_loc_c                                                                    | srl    | 0       | 32, 2, 1         |
|    xb_ws_q_U                                                                     | fifo channel  | stream      |      |      |        | xb_ws_q                                                                      | memory | 0       | 512, 32, 1       |
|   + mha_init                                                                     |               |             | 17   | 0    |        |                                                                              |        |         |                  |
|     s_query_r_fifo_U                                                             | fifo array    |             | 15   |      | yes    | s_query_r                                                                    | memory | 0       | 512, 48, 1       |
|    + rope_kernel_float_16ul_768_s                                                |               |             | 2    | 0    |        |                                                                              |        |         |                  |
|      tmp_M_elems_U                                                               | ram_t2p array |             | 2    |      |        | tmp_M_elems                                                                  | auto   | 1       | 32, 16, 1        |
|      tmp_o_M_elems_U                                                             | ram_2p array  |             |      |      |        | tmp_o_M_elems                                                                | auto   | 1       | 32, 16, 1        |
|      arr_U                                                                       | rom_1p        |             |      |      |        | arr                                                                          | auto   | 1       | 32, 64, 1        |
|     + generic_sincos_float_s                                                     |               |             | 0    | 0    |        |                                                                              |        |         |                  |
|       ref_4oPi_table_100_U                                                       | rom_1p        |             |      |      | pragma | ref_4oPi_table_100                                                           | lutram | 1       | 100, 13, 1       |
|       second_order_float_cos_K0_U                                                | rom_1p        |             |      |      | pragma | second_order_float_cos_K0                                                    | lutram | 1       | 28, 128, 1       |
|       second_order_float_cos_K1_U                                                | rom_1p        |             |      |      | pragma | second_order_float_cos_K1                                                    | lutram | 1       | 22, 128, 1       |
|       second_order_float_cos_K2_U                                                | rom_1p        |             |      |      | pragma | second_order_float_cos_K2                                                    | lutram | 1       | 14, 128, 1       |
|       second_order_float_sin_K0_U                                                | rom_1p        |             |      |      | pragma | second_order_float_sin_K0                                                    | lutram | 1       | 29, 128, 1       |
|       second_order_float_sin_K1_U                                                | rom_1p        |             |      |      | pragma | second_order_float_sin_K1                                                    | lutram | 1       | 21, 128, 1       |
|       second_order_float_sin_K2_U                                                | rom_1p        |             |      |      | pragma | second_order_float_sin_K2                                                    | lutram | 1       | 13, 128, 1       |
|   + mha_stream_read_float_16ul_s                                                 |               |             | 0    | 0    |        |                                                                              |        |         |                  |
|     arr_1_U                                                                      | ram_1p array  |             | 1    |      |        | arr_1                                                                        | auto   | 1       | 32, 48, 1        |
|     arr_16_U                                                                     | ram_1p array  |             | 1    |      |        | arr_16                                                                       | auto   | 1       | 32, 48, 1        |
|     arr_17_U                                                                     | ram_1p array  |             | 1    |      |        | arr_17                                                                       | auto   | 1       | 32, 48, 1        |
|     arr_18_U                                                                     | ram_1p array  |             | 1    |      |        | arr_18                                                                       | auto   | 1       | 32, 48, 1        |
|     arr_19_U                                                                     | ram_1p array  |             | 1    |      |        | arr_19                                                                       | auto   | 1       | 32, 48, 1        |
|     arr_20_U                                                                     | ram_1p array  |             | 1    |      |        | arr_20                                                                       | auto   | 1       | 32, 48, 1        |
|     arr_21_U                                                                     | ram_1p array  |             | 1    |      |        | arr_21                                                                       | auto   | 1       | 32, 48, 1        |
|     arr_22_U                                                                     | ram_1p array  |             | 1    |      |        | arr_22                                                                       | auto   | 1       | 32, 48, 1        |
|     arr_23_U                                                                     | ram_1p array  |             | 1    |      |        | arr_23                                                                       | auto   | 1       | 32, 48, 1        |
|     arr_24_U                                                                     | ram_1p array  |             | 1    |      |        | arr_24                                                                       | auto   | 1       | 32, 48, 1        |
|     arr_25_U                                                                     | ram_1p array  |             | 1    |      |        | arr_25                                                                       | auto   | 1       | 32, 48, 1        |
|     arr_26_U                                                                     | ram_1p array  |             | 1    |      |        | arr_26                                                                       | auto   | 1       | 32, 48, 1        |
|     arr_27_U                                                                     | ram_1p array  |             | 1    |      |        | arr_27                                                                       | auto   | 1       | 32, 48, 1        |
|     arr_28_U                                                                     | ram_1p array  |             | 1    |      |        | arr_28                                                                       | auto   | 1       | 32, 48, 1        |
|     arr_29_U                                                                     | ram_1p array  |             | 1    |      |        | arr_29                                                                       | auto   | 1       | 32, 48, 1        |
|     arr_30_U                                                                     | ram_1p array  |             | 1    |      |        | arr_30                                                                       | auto   | 1       | 32, 48, 1        |
|   + mha_stream_read_float_16ul_9                                                 |               |             | 0    | 0    |        |                                                                              |        |         |                  |
|     arr_1_1_U                                                                    | ram_1p array  |             | 1    |      |        | arr_1_1                                                                      | auto   | 1       | 32, 48, 1        |
|     arr_1_U                                                                      | ram_1p array  |             | 1    |      |        | arr_1                                                                        | auto   | 1       | 32, 48, 1        |
|     arr_2_U                                                                      | ram_1p array  |             | 1    |      |        | arr_2                                                                        | auto   | 1       | 32, 48, 1        |
|     arr_3_U                                                                      | ram_1p array  |             | 1    |      |        | arr_3                                                                        | auto   | 1       | 32, 48, 1        |
|     arr_4_U                                                                      | ram_1p array  |             | 1    |      |        | arr_4                                                                        | auto   | 1       | 32, 48, 1        |
|     arr_5_U                                                                      | ram_1p array  |             | 1    |      |        | arr_5                                                                        | auto   | 1       | 32, 48, 1        |
|     arr_6_U                                                                      | ram_1p array  |             | 1    |      |        | arr_6                                                                        | auto   | 1       | 32, 48, 1        |
|     arr_7_U                                                                      | ram_1p array  |             | 1    |      |        | arr_7                                                                        | auto   | 1       | 32, 48, 1        |
|     arr_8_U                                                                      | ram_1p array  |             | 1    |      |        | arr_8                                                                        | auto   | 1       | 32, 48, 1        |
|     arr_9_U                                                                      | ram_1p array  |             | 1    |      |        | arr_9                                                                        | auto   | 1       | 32, 48, 1        |
|     arr_10_U                                                                     | ram_1p array  |             | 1    |      |        | arr_10                                                                       | auto   | 1       | 32, 48, 1        |
|     arr_11_U                                                                     | ram_1p array  |             | 1    |      |        | arr_11                                                                       | auto   | 1       | 32, 48, 1        |
|     arr_12_U                                                                     | ram_1p array  |             | 1    |      |        | arr_12                                                                       | auto   | 1       | 32, 48, 1        |
|     arr_13_U                                                                     | ram_1p array  |             | 1    |      |        | arr_13                                                                       | auto   | 1       | 32, 48, 1        |
|     arr_14_U                                                                     | ram_1p array  |             | 1    |      |        | arr_14                                                                       | auto   | 1       | 32, 48, 1        |
|     arr_15_U                                                                     | ram_1p array  |             | 1    |      |        | arr_15                                                                       | auto   | 1       | 32, 48, 1        |
|  + calc_loop                                                                     |               |             | 16   | 32   |        |                                                                              |        |         |                  |
|    s_sf_U                                                                        | fifo channel  | stream      |      | 8    |        | s_sf                                                                         | uram   | 0       | 512, 4096, 1     |
|    s_w_U                                                                         | fifo channel  | stream      |      | 8    |        | s_w                                                                          | uram   | 0       | 512, 4096, 1     |
|    s_sf_1_U                                                                      | fifo channel  | stream      |      | 8    |        | s_sf_1                                                                       | uram   | 0       | 512, 4096, 1     |
|    s_w_1_U                                                                       | fifo channel  | stream      |      | 8    |        | s_w_1                                                                        | uram   | 0       | 512, 4096, 1     |
|    s_tok_sf_U                                                                    | fifo channel  | stream      |      |      |        | s_tok_sf                                                                     | srl    | 0       | 32, 4, 1         |
|    s_tok_q_U                                                                     | fifo channel  | stream      |      |      |        | s_tok_q                                                                      | memory | 0       | 512, 4, 1        |
|    s_inf_tok_sf_U                                                                | fifo channel  | stream      |      |      |        | s_inf_tok_sf                                                                 | srl    | 0       | 128, 4, 1        |
|    s_inf_tok_sf_1_U                                                              | fifo channel  | stream      |      |      |        | s_inf_tok_sf_1                                                               | srl    | 0       | 128, 4, 1        |
|    s_inf_tok_q_U                                                                 | fifo channel  | stream      |      |      |        | s_inf_tok_q                                                                  | memory | 0       | 512, 32, 1       |
|    s_inf_tok_q_1_U                                                               | fifo channel  | stream      |      |      |        | s_inf_tok_q_1                                                                | memory | 0       | 512, 32, 1       |
|    s_out_U                                                                       | fifo channel  | stream      |      |      |        | s_out                                                                        | srl    | 0       | 32, 16, 1        |
|    s_out_1_U                                                                     | fifo channel  | stream      |      |      |        | s_out_1                                                                      | srl    | 0       | 32, 16, 1        |
|    sys_sort_U                                                                    | fifo channel  | stream      |      |      |        | sys_sort                                                                     | memory | 0       | 48, 64, 1        |
|   + mm2ds_input_data_ap_uint_512_0_2_s                                           |               |             | 0    | 0    |        |                                                                              |        |         |                  |
|     dout_U                                                                       | fifo channel  | stream      |      |      |        | dout                                                                         | memory | 0       | 512, 32, 1       |
|   + mm2ds_input_data_ap_uint_512_1_2_s                                           |               |             | 0    | 0    |        |                                                                              |        |         |                  |
|     dout_U                                                                       | fifo channel  | stream      |      |      |        | dout                                                                         | memory | 0       | 512, 32, 1       |
|   + quantizer_kernel                                                             |               |             | 8    | 0    |        |                                                                              |        |         |                  |
|    + dataflow_parent_loop_proc                                                   |               |             | 8    | 0    |        |                                                                              |        |         |                  |
|     + dataflow_in_loop_VITIS_LOOP_133_1_1                                        |               |             | 8    | 0    |        |                                                                              |        |         |                  |
|       tokens_out_U                                                               | fifo channel  | stream      |      |      |        | tokens_out                                                                   | memory | 0       | 128, 64, 1       |
|       abs_tokens_U                                                               | fifo channel  | stream      |      |      |        | abs_tokens                                                                   | memory | 0       | 128, 64, 1       |
|       max_val_U                                                                  | fifo channel  | stream      |      |      |        | max_val                                                                      | srl    | 0       | 32, 4, 1         |
|      + quant_out10                                                               |               |             | 8    | 0    |        |                                                                              |        |         |                  |
|       + quant_out10_Pipeline_create_q_val                                        |               |             | 8    | 0    |        |                                                                              |        |         |                  |
|         mask_table_U                                                             | rom_np        |             | 4    |      |        | mask_table                                                                   | auto   | 1       | 23, 32, 1        |
|         one_half_table_U                                                         | rom_np        |             | 4    |      |        | one_half_table                                                               | auto   | 1       | 24, 32, 1        |
|   + s_rtl_GeMV_kernel                                                            |               |             | 4    | 0    |        |                                                                              |        |         |                  |
|     sf_out_U                                                                     | fifo channel  | stream      |      |      |        | sf_out                                                                       | memory | 0       | 32, 64, 1        |
|     s_psum_U                                                                     | fifo channel  | stream      |      |      |        | s_psum                                                                       | memory | 0       | 32, 158, 1       |
|     s_sum_U                                                                      | fifo channel  | stream      |      |      |        | s_sum                                                                        | memory | 0       | 32, 64, 1        |
|    + gemv_sf_val_float_4ul_16ul_5                                                |               |             | 4    | 0    |        |                                                                              |        |         |                  |
|      arr_1_U                                                                     | ram_t2p array |             | 2    |      |        | arr_1                                                                        | auto   | 1       | 32, 16, 1        |
|      arr_1_2_U                                                                   | ram_t2p array |             | 2    |      |        | arr_1_2                                                                      | auto   | 1       | 32, 16, 1        |
|    + mm_rtl_w_6                                                                  |               |             | 0    | 0    |        |                                                                              |        |         |                  |
|      arr_1_U                                                                     | ram_1p array  |             | 29   |      |        | arr_1                                                                        | auto   | 1       | 512, 32, 1       |
|   + s_rtl_GeMV_kernel_4                                                          |               |             | 4    | 0    |        |                                                                              |        |         |                  |
|     sf_out_U                                                                     | fifo channel  | stream      |      |      |        | sf_out                                                                       | memory | 0       | 32, 64, 1        |
|     s_psum_U                                                                     | fifo channel  | stream      |      |      |        | s_psum                                                                       | memory | 0       | 32, 158, 1       |
|     s_sum_U                                                                      | fifo channel  | stream      |      |      |        | s_sum                                                                        | memory | 0       | 32, 64, 1        |
|    + gemv_sf_val_float_4ul_16ul_s                                                |               |             | 4    | 0    |        |                                                                              |        |         |                  |
|      arr_1_U                                                                     | ram_t2p array |             | 2    |      |        | arr_1                                                                        | auto   | 1       | 32, 16, 1        |
|      arr_1_3_U                                                                   | ram_t2p array |             | 2    |      |        | arr_1_3                                                                      | auto   | 1       | 32, 16, 1        |
|    + mm_rtl_w                                                                    |               |             | 0    | 0    |        |                                                                              |        |         |                  |
|      arr_1_U                                                                     | ram_1p array  |             | 29   |      |        | arr_1                                                                        | auto   | 1       | 512, 32, 1       |
+----------------------------------------------------------------------------------+---------------+-------------+------+------+--------+------------------------------------------------------------------------------+--------+---------+------------------+


================================================================
== Pragma Report
================================================================
* Pragmas with Warnings
+--------------+----------------------------------+------------------------------------------------------------------------------------------------------+--------------------------------------------------------------------------------------------------------------------------------------------------------------------------------------------------------------------------------------------------------------------------------------------------------------------------------------------------------------------------------------------------------------------------------------------------------------------------------------------------------------------------------------------------------------------------------------------------------------------------------------------------------------------------------------------------------------------------------------------------------------------------------------------------------------------------------------------------------------------------------------------------------------------------------------------------------------------------------------------+
| Type         | Options                          | Location                                                                                             | Messages                                                                                                                                                                                                                                                                                                                                                                                                                                                                                                                                                                                                                                                                                                                                                                                                                                                                                                                                                                                   |
+--------------+----------------------------------+------------------------------------------------------------------------------------------------------+--------------------------------------------------------------------------------------------------------------------------------------------------------------------------------------------------------------------------------------------------------------------------------------------------------------------------------------------------------------------------------------------------------------------------------------------------------------------------------------------------------------------------------------------------------------------------------------------------------------------------------------------------------------------------------------------------------------------------------------------------------------------------------------------------------------------------------------------------------------------------------------------------------------------------------------------------------------------------------------------+
| DATAFLOW     |                                  | in calc_loop (transformer_kernel.cpp:163)                                                            | Since the only kind of statements allowed in a canonical dataflow region are variable declarations and function calls, the compiler may not be able to correctly handle the region                                                                                                                                                                                                                                                                                                                                                                                                                                                                                                                                                                                                                                                                                                                                                                                                         |
|              |                                  |                                                                                                      | Since the only kind of statements allowed in a canonical dataflow region are variable declarations and function calls, the compiler may not be able to correctly handle the region (transformer_kernel.cpp:163:9)                                                                                                                                                                                                                                                                                                                                                                                                                                                                                                                                                                                                                                                                                                                                                                          |
| STREAM       | variable=s_w depth=4096          | in calc_loop (transformer_kernel.cpp:175)                                                            | Cannot meet target clock period from basic block for.body19.i to 'store' operation ('ii_write_ln111', GeMV.cpp:111->transformer_kernel.cpp:175) of variable 'ii', GeMV.cpp:111->transformer_kernel.cpp:175 25 bit on local variable 'ii', GeMV.cpp:111->transformer_kernel.cpp:175 (combination delay: 2.34605 ns) to honor II or Latency constraint in region 'mm_sf_out'.                                                                                                                                                                                                                                                                                                                                                                                                                                                                                                                                                                                                                |
|              |                                  |                                                                                                      | The critical path in module 'gemv_sf_val_float_4ul_16ul_5_Pipeline_mm_sf_out' consists of the following:  'store' operation ('ii_write_ln111', GeMV.cpp:111->transformer_kernel.cpp:175) of constant 0 25 bit on local variable 'ii', GeMV.cpp:111->transformer_kernel.cpp:175 [28]  (0.589 ns)  'load' operation 25 bit ('ii', GeMV.cpp:111->transformer_kernel.cpp:175) on local variable 'ii', GeMV.cpp:111->transformer_kernel.cpp:175 [31]  (0.000 ns)  'add' operation 25 bit ('ii', GeMV.cpp:111->transformer_kernel.cpp:175) [47]  (1.167 ns)  'store' operation ('ii_write_ln111', GeMV.cpp:111->transformer_kernel.cpp:175) of variable 'ii', GeMV.cpp:111->transformer_kernel.cpp:175 25 bit on local variable 'ii', GeMV.cpp:111->transformer_kernel.cpp:175 [142]  (0.589 ns)                                                                                                                                                                                                 |
|              |                                  |                                                                                                      | The critical path in module 'gemv_sf_val_float_4ul_16ul_Pipeline_mm_sf_out' consists of the following:  'store' operation ('ii_write_ln111', GeMV.cpp:111->transformer_kernel.cpp:175) of constant 0 25 bit on local variable 'ii', GeMV.cpp:111->transformer_kernel.cpp:175 [28]  (0.589 ns)  'load' operation 25 bit ('ii', GeMV.cpp:111->transformer_kernel.cpp:175) on local variable 'ii', GeMV.cpp:111->transformer_kernel.cpp:175 [31]  (0.000 ns)  'add' operation 25 bit ('ii', GeMV.cpp:111->transformer_kernel.cpp:175) [47]  (1.167 ns)  'store' operation ('ii_write_ln111', GeMV.cpp:111->transformer_kernel.cpp:175) of variable 'ii', GeMV.cpp:111->transformer_kernel.cpp:175 25 bit on local variable 'ii', GeMV.cpp:111->transformer_kernel.cpp:175 [142]  (0.589 ns)                                                                                                                                                                                                   |
| BIND_STORAGE | variable=s_w type=fifo impl=uram | in calc_loop (transformer_kernel.cpp:176)                                                            | Cannot meet target clock period from basic block for.body.i to 'store' operation ('i_write_ln41', GeMV.cpp:41->transformer_kernel.cpp:176) of variable 'add_ln41', GeMV.cpp:41->transformer_kernel.cpp:176 25 bit on local variable 'i', GeMV.cpp:41->transformer_kernel.cpp:176 (combination delay: 2.34605 ns) to honor II or Latency constraint in region 'mm_w_sf'.                                                                                                                                                                                                                                                                                                                                                                                                                                                                                                                                                                                                                    |
|              |                                  |                                                                                                      | The critical path in module 'mm_rtl_w_6_Pipeline_mm_w_sf' consists of the following:  'store' operation ('i_write_ln41', GeMV.cpp:41->transformer_kernel.cpp:176) of constant 0 25 bit on local variable 'i', GeMV.cpp:41->transformer_kernel.cpp:176 [7]  (0.589 ns)  'load' operation 25 bit ('i', GeMV.cpp:41->transformer_kernel.cpp:176) on local variable 'i', GeMV.cpp:41->transformer_kernel.cpp:176 [10]  (0.000 ns)  'add' operation 25 bit ('add_ln41', GeMV.cpp:41->transformer_kernel.cpp:176) [11]  (1.167 ns)  'store' operation ('i_write_ln41', GeMV.cpp:41->transformer_kernel.cpp:176) of variable 'add_ln41', GeMV.cpp:41->transformer_kernel.cpp:176 25 bit on local variable 'i', GeMV.cpp:41->transformer_kernel.cpp:176 [25]  (0.589 ns)                                                                                                                                                                                                                           |
|              |                                  |                                                                                                      | Cannot meet target clock period from basic block for.inc11.i to 'store' operation ('ii_write_ln47', GeMV.cpp:47->transformer_kernel.cpp:176) of variable 'ii', GeMV.cpp:47->transformer_kernel.cpp:176 31 bit on local variable 'ii', GeMV.cpp:47->transformer_kernel.cpp:176 (combination delay: 2.3702 ns) to honor II or Latency constraint in region 'mm_w_out'.                                                                                                                                                                                                                                                                                                                                                                                                                                                                                                                                                                                                                       |
|              |                                  |                                                                                                      | The critical path in module 'mm_rtl_w_6_Pipeline_mm_w_out' consists of the following:  'store' operation ('ii_write_ln47', GeMV.cpp:47->transformer_kernel.cpp:176) of constant 0 31 bit on local variable 'ii', GeMV.cpp:47->transformer_kernel.cpp:176 [15]  (0.589 ns)  'load' operation 31 bit ('ii', GeMV.cpp:47->transformer_kernel.cpp:176) on local variable 'ii', GeMV.cpp:47->transformer_kernel.cpp:176 [18]  (0.000 ns)  'add' operation 31 bit ('ii', GeMV.cpp:47->transformer_kernel.cpp:176) [19]  (1.191 ns)  'store' operation ('ii_write_ln47', GeMV.cpp:47->transformer_kernel.cpp:176) of variable 'ii', GeMV.cpp:47->transformer_kernel.cpp:176 31 bit on local variable 'ii', GeMV.cpp:47->transformer_kernel.cpp:176 [46]  (0.589 ns)                                                                                                                                                                                                                               |
|              |                                  |                                                                                                      | The critical path in module 'mm_rtl_w_Pipeline_mm_w_sf' consists of the following:  'store' operation ('i_write_ln41', GeMV.cpp:41->transformer_kernel.cpp:176) of constant 0 25 bit on local variable 'i', GeMV.cpp:41->transformer_kernel.cpp:176 [7]  (0.589 ns)  'load' operation 25 bit ('i', GeMV.cpp:41->transformer_kernel.cpp:176) on local variable 'i', GeMV.cpp:41->transformer_kernel.cpp:176 [10]  (0.000 ns)  'add' operation 25 bit ('add_ln41', GeMV.cpp:41->transformer_kernel.cpp:176) [11]  (1.167 ns)  'store' operation ('i_write_ln41', GeMV.cpp:41->transformer_kernel.cpp:176) of variable 'add_ln41', GeMV.cpp:41->transformer_kernel.cpp:176 25 bit on local variable 'i', GeMV.cpp:41->transformer_kernel.cpp:176 [25]  (0.589 ns)                                                                                                                                                                                                                             |
|              |                                  |                                                                                                      | The critical path in module 'mm_rtl_w_Pipeline_mm_w_out' consists of the following:  'store' operation ('ii_write_ln47', GeMV.cpp:47->transformer_kernel.cpp:176) of constant 0 31 bit on local variable 'ii', GeMV.cpp:47->transformer_kernel.cpp:176 [15]  (0.589 ns)  'load' operation 31 bit ('ii', GeMV.cpp:47->transformer_kernel.cpp:176) on local variable 'ii', GeMV.cpp:47->transformer_kernel.cpp:176 [18]  (0.000 ns)  'add' operation 31 bit ('ii', GeMV.cpp:47->transformer_kernel.cpp:176) [19]  (1.191 ns)  'store' operation ('ii_write_ln47', GeMV.cpp:47->transformer_kernel.cpp:176) of variable 'ii', GeMV.cpp:47->transformer_kernel.cpp:176 31 bit on local variable 'ii', GeMV.cpp:47->transformer_kernel.cpp:176 [46]  (0.589 ns)                                                                                                                                                                                                                                 |
| LOOP_FLATTEN |                                  | loop AXI4_TXFR (./mha_forward.h:331:2) in mm2ds_get_data<ap_uint<512>, 1, 2> (mha_forward.h:467)     | Cannot meet target clock period from basic block for.inc to 'store' operation ('indvar_flatten_write_ln331', ./mha_forward.h:331) of variable 'add_ln331', ./mha_forward.h:331 39 bit on local variable 'indvar_flatten' (combination delay: 2.5515 ns) to honor II or Latency constraint in region 'AXI4_TXFR_FRAME_READ'.                                                                                                                                                                                                                                                                                                                                                                                                                                                                                                                                                                                                                                                                |
|              |                                  |                                                                                                      | The critical path in module 'mm2ds_get_data_ap_uint_512_0_2_Pipeline_AXI4_TXFR_FRAME_READ' consists of the following:  'load' operation 31 bit ('i_load', ./mha_forward.h:331) on local variable 'i', ./mha_forward.h:331 [30]  (0.000 ns)  'add' operation 31 bit ('add_ln331_2', ./mha_forward.h:331) [34]  (1.191 ns)  'select' operation 31 bit ('select_ln331', ./mha_forward.h:331) [35]  (0.577 ns)  'store' operation ('i_write_ln331', ./mha_forward.h:331) of variable 'select_ln331', ./mha_forward.h:331 31 bit on local variable 'i', ./mha_forward.h:331 [69]  (0.589 ns)                                                                                                                                                                                                                                                                                                                                                                                                    |
|              |                                  |                                                                                                      | The critical path in module 'mm2ds_get_data_ap_uint_512_1_2_Pipeline_AXI4_TXFR_FRAME_READ' consists of the following:  'load' operation 31 bit ('i_load', ./mha_forward.h:331) on local variable 'i', ./mha_forward.h:331 [29]  (0.000 ns)  'add' operation 31 bit ('add_ln331_1', ./mha_forward.h:331) [33]  (1.191 ns)  'select' operation 31 bit ('select_ln331', ./mha_forward.h:331) [34]  (0.577 ns)  'store' operation ('i_write_ln331', ./mha_forward.h:331) of variable 'select_ln331', ./mha_forward.h:331 31 bit on local variable 'i', ./mha_forward.h:331 [68]  (0.589 ns)                                                                                                                                                                                                                                                                                                                                                                                                    |
| LOOP_FLATTEN |                                  | loop VITIS_LOOP_444_2 (./mha_forward.h:444:21) in mha_stream_read<float, 16ul>.9 (mha_forward.h:467) | The critical path in module 'mha_stream_read_float_16ul_Pipeline_VITIS_LOOP_444_2_fw_mha_new' consists of the following:  'load' operation 3 bit ('j_load', ./mha_forward.h:444->mha.cpp:250->mha.cpp:198->mha.cpp:198) on local variable 'j', ./mha_forward.h:446->mha.cpp:250->mha.cpp:198->mha.cpp:198 [38]  (0.000 ns)  'icmp' operation 1 bit ('icmp_ln446', ./mha_forward.h:446->mha.cpp:250->mha.cpp:198->mha.cpp:198) [42]  (0.517 ns)  'select' operation 3 bit ('select_ln444', ./mha_forward.h:444->mha.cpp:250->mha.cpp:198->mha.cpp:198) [43]  (0.398 ns)  'add' operation 3 bit ('add_ln446', ./mha_forward.h:446->mha.cpp:250->mha.cpp:198->mha.cpp:198) [136]  (0.928 ns)  'store' operation ('j_write_ln446', ./mha_forward.h:446->mha.cpp:250->mha.cpp:198->mha.cpp:198) of variable 'add_ln446', ./mha_forward.h:446->mha.cpp:250->mha.cpp:198->mha.cpp:198 3 bit on local variable 'j', ./mha_forward.h:446->mha.cpp:250->mha.cpp:198->mha.cpp:198 [146]  (0.504 ns)   |
|              |                                  |                                                                                                      | The critical path in module 'mha_stream_read_float_16ul_9_Pipeline_VITIS_LOOP_444_2_fw_mha_new' consists of the following:  'load' operation 3 bit ('j_load', ./mha_forward.h:444->mha.cpp:255->mha.cpp:198->mha.cpp:198) on local variable 'j', ./mha_forward.h:446->mha.cpp:255->mha.cpp:198->mha.cpp:198 [38]  (0.000 ns)  'icmp' operation 1 bit ('icmp_ln446', ./mha_forward.h:446->mha.cpp:255->mha.cpp:198->mha.cpp:198) [42]  (0.517 ns)  'select' operation 3 bit ('select_ln444', ./mha_forward.h:444->mha.cpp:255->mha.cpp:198->mha.cpp:198) [43]  (0.398 ns)  'add' operation 3 bit ('add_ln446', ./mha_forward.h:446->mha.cpp:255->mha.cpp:198->mha.cpp:198) [136]  (0.928 ns)  'store' operation ('j_write_ln446', ./mha_forward.h:446->mha.cpp:255->mha.cpp:198->mha.cpp:198) of variable 'add_ln446', ./mha_forward.h:446->mha.cpp:255->mha.cpp:198->mha.cpp:198 3 bit on local variable 'j', ./mha_forward.h:446->mha.cpp:255->mha.cpp:198->mha.cpp:198 [146]  (0.504 ns) |
| LOOP_FLATTEN |                                  | loop VITIS_LOOP_467_1 (./mha_forward.h:467:21) in mha_ddr_read<float, 16ul>.10 (mha_forward.h:467)   | Cannot meet target clock period from basic block for.inc.i.i.i to 'store' operation ('indvar_flatten_i_write_ln467', ./mha_forward.h:467->mha.cpp:251->mha.cpp:198->mha.cpp:198) of variable 'add_ln467', ./mha_forward.h:467->mha.cpp:251->mha.cpp:198->mha.cpp:198 35 bit on local variable 'indvar_flatten_i' (combination delay: 2.5095 ns) to honor II or Latency constraint in region 'VITIS_LOOP_467_1_fw_mha_pos'.                                                                                                                                                                                                                                                                                                                                                                                                                                                                                                                                                                 |
|              |                                  |                                                                                                      | Cannot meet target clock period from basic block for.inc.i.i.i to 'store' operation ('indvar_flatten_i_write_ln467', ./mha_forward.h:467->mha.cpp:256->mha.cpp:198->mha.cpp:198) of variable 'add_ln467', ./mha_forward.h:467->mha.cpp:256->mha.cpp:198->mha.cpp:198 35 bit on local variable 'indvar_flatten_i' (combination delay: 2.5095 ns) to honor II or Latency constraint in region 'VITIS_LOOP_467_1_fw_mha_pos'.                                                                                                                                                                                                                                                                                                                                                                                                                                                                                                                                                                 |
| LOOP_FLATTEN |                                  | loop VITIS_LOOP_483_1 (./mha_forward.h:483:21) in mha_interweave<float, 16ul>.11 (mha_forward.h:467) | Cannot meet target clock period from basic block for.body4.i.i.i to 'store' operation ('indvar_flatten_i_write_ln483', ./mha_forward.h:483->mha.cpp:252->mha.cpp:198->mha.cpp:198) of variable 'add_ln483', ./mha_forward.h:483->mha.cpp:252->mha.cpp:198->mha.cpp:198 35 bit on local variable 'indvar_flatten_i' (combination delay: 2.5095 ns) to honor II or Latency constraint in region 'VITIS_LOOP_483_1_fw_mha_pos'.                                                                                                                                                                                                                                                                                                                                                                                                                                                                                                                                                               |
|              |                                  |                                                                                                      | Cannot meet target clock period from basic block for.body4.i.i.i to 'store' operation ('indvar_flatten_i_write_ln483', ./mha_forward.h:483->mha.cpp:257->mha.cpp:198->mha.cpp:198) of variable 'add_ln483', ./mha_forward.h:483->mha.cpp:257->mha.cpp:198->mha.cpp:198 35 bit on local variable 'indvar_flatten_i' (combination delay: 2.5095 ns) to honor II or Latency constraint in region 'VITIS_LOOP_483_1_fw_mha_pos'.                                                                                                                                                                                                                                                                                                                                                                                                                                                                                                                                                               |
+--------------+----------------------------------+------------------------------------------------------------------------------------------------------+--------------------------------------------------------------------------------------------------------------------------------------------------------------------------------------------------------------------------------------------------------------------------------------------------------------------------------------------------------------------------------------------------------------------------------------------------------------------------------------------------------------------------------------------------------------------------------------------------------------------------------------------------------------------------------------------------------------------------------------------------------------------------------------------------------------------------------------------------------------------------------------------------------------------------------------------------------------------------------------------+

* Inferred Pragmas
+-----------------+--------------------------------------------------------------------------------------------------------------------------------------------------------------------------------------------------------------------------------------------------------------------------------------------------------+-----------------------------------------------------------------------------------------------------------------------------------------------------------------------------------------------------------------------------------------------------------------------------------------------------------------------------------+-------------------------------+
| Type            | Options                                                                                                                                                                                                                                                                                                | Location                                                                                                                                                                                                                                                                                                                          | Inferred From                 |
+-----------------+--------------------------------------------------------------------------------------------------------------------------------------------------------------------------------------------------------------------------------------------------------------------------------------------------------+-----------------------------------------------------------------------------------------------------------------------------------------------------------------------------------------------------------------------------------------------------------------------------------------------------------------------------------+-------------------------------+
| LOOP_FLATTEN    | off                                                                                                                                                                                                                                                                                                    | loop VITIS_LOOP_113_2 (./combiner.h:113:23) in gemv_split<float, 4ul, 2> (combiner.h:113)                                                                                                                                                                                                                                         | pipeline combiner.h:119       |
| ARRAY_PARTITION | dim=1 type=cyclic factor=2 variable=arr                                                                                                                                                                                                                                                                | variable arr in gemv_sf_val<float, 4ul, 16ul> (GeMV.cpp:93)                                                                                                                                                                                                                                                                       | pipeline GeMV.cpp:99          |
| ARRAY_PARTITION | dim=2 type=complete variable=internal_token_0                                                                                                                                                                                                                                                          | variable internal_token_0 in transformer_cu (transformer_kernel.cpp:325)                                                                                                                                                                                                                                                          | pipeline mha_forward.h:255    |
| LOOP_FLATTEN    |                                                                                                                                                                                                                                                                                                        | loop AXI4_TXFR (./mha_forward.h:331:2) in mm2ds_get_data<ap_uint<512>, 1, 2> (mha_forward.h:331)                                                                                                                                                                                                                                  | pipeline mha_forward.h:336    |
| ARRAY_PARTITION | dim=2 type=complete variable=transformer_cu(hls::vector<float, 4ul>*, ap_uint<512>*, ap_uint<512>*, hls::vector<float, 4ul>*, hls::vector<float, 16ul>*, hls::vector<float, 16ul>*, int, int, int, int, int*, int, int, int, hls::vector<float, 4ul>*, float, float, bool, bool)::internal_rms_weights | variable transformer_cu(hls::vector<float, 4ul>*, ap_uint<512>*, ap_uint<512>*, hls::vector<float, 4ul>*, hls::vector<float, 16ul>*, hls::vector<float, 16ul>*, int, int, int, int, int*, int, int, int, hls::vector<float, 4ul>*, float, float, bool, bool)::internal_rms_weights in transformer_cu (transformer_kernel.cpp:327) | pipeline mha_forward.h:409    |
| LOOP_FLATTEN    |                                                                                                                                                                                                                                                                                                        | loop VITIS_LOOP_444_2 (./mha_forward.h:444:21) in mha_stream_read<float, 16ul>.9 (mha_forward.h:444)                                                                                                                                                                                                                              | pipeline mha_forward.h:447    |
| LOOP_FLATTEN    |                                                                                                                                                                                                                                                                                                        | loop VITIS_LOOP_467_1 (./mha_forward.h:467:21) in mha_ddr_read<float, 16ul>.10 (mha_forward.h:467)                                                                                                                                                                                                                                | pipeline mha_forward.h:470    |
| LOOP_FLATTEN    |                                                                                                                                                                                                                                                                                                        | loop VITIS_LOOP_483_1 (./mha_forward.h:483:21) in mha_interweave<float, 16ul>.11 (mha_forward.h:483)                                                                                                                                                                                                                              | pipeline mha_forward.h:486    |
| LOOP_FLATTEN    |                                                                                                                                                                                                                                                                                                        | loop ROPE_MAIN (./mha_forward.h:714:3) in rope_kernel<float, 16ul, 768> (mha_forward.h:714)                                                                                                                                                                                                                                       | pipeline mha_forward.h:723    |
| ARRAY_PARTITION | dim=2 type=complete variable=res_con                                                                                                                                                                                                                                                                   | variable res_con in transformer_cu (transformer_kernel.cpp:326)                                                                                                                                                                                                                                                                   | pipeline rmsnorm.h:51         |
| PIPELINE        |                                                                                                                                                                                                                                                                                                        | loop anonymous (mha.cpp:146:33) in mha_weighted_sum (mha.cpp:146)                                                                                                                                                                                                                                                                 | syn.compile.pipeline_loops=64 |
+-----------------+--------------------------------------------------------------------------------------------------------------------------------------------------------------------------------------------------------------------------------------------------------------------------------------------------------+-----------------------------------------------------------------------------------------------------------------------------------------------------------------------------------------------------------------------------------------------------------------------------------------------------------------------------------+-------------------------------+

* Valid Pragma Syntax
+--------------------+------------------------------------------------------------------------------------------------------------------------------------------------------------------------------------------------+------------------------------------------------+
| Type               | Options                                                                                                                                                                                        | Location                                       |
+--------------------+------------------------------------------------------------------------------------------------------------------------------------------------------------------------------------------------+------------------------------------------------+
| ARRAY_PARTITION    | variable=st complete dim=1                                                                                                                                                                     | in insertion_sort (combiner.h:21)              |
| UNROLL             |                                                                                                                                                                                                | in insertion_sort (combiner.h:25)              |
| LOOP_TRIPCOUNT     | max=(32000 + REG_SIZE)                                                                                                                                                                         | in insertion_sort (combiner.h:31)              |
| PIPELINE           | ii=3                                                                                                                                                                                           | in insertion_sort (combiner.h:32)              |
| UNROLL             |                                                                                                                                                                                                | in insertion_sort (combiner.h:37)              |
| UNROLL             |                                                                                                                                                                                                | in insertion_sort (combiner.h:48)              |
| ARRAY_PARTITION    | variable=sm_reg dim=1 type=complete                                                                                                                                                            | in ss_final (combiner.h:68)                    |
| PIPELINE           |                                                                                                                                                                                                | in ss_final (combiner.h:72)                    |
| PIPELINE           |                                                                                                                                                                                                | in ss_final (combiner.h:88)                    |
| LOOP_TRIPCOUNT     | min=(768 / (P * N)) max=(32000 / (P * N))                                                                                                                                                      | in gemv_split (combiner.h:112)                 |
| PIPELINE           | ii=1                                                                                                                                                                                           | in gemv_split (combiner.h:119)                 |
| PIPELINE           | ii=1                                                                                                                                                                                           | in gemv_split (combiner.h:149)                 |
| ARRAY_PARTITION    | variable=data complete dim=1                                                                                                                                                                   | in gemv_comb (combiner.h:225)                  |
| LOOP_TRIPCOUNT     | min=24 max=(32000 / (P * 16))                                                                                                                                                                  | in gemv_comb (combiner.h:230)                  |
| LOOP_TRIPCOUNT     | min=6 max=16                                                                                                                                                                                   | in gemv_comb (combiner.h:235)                  |
| PIPELINE           | ii=1                                                                                                                                                                                           | in gemv_comb (combiner.h:236)                  |
| UNROLL             |                                                                                                                                                                                                | in gemv_comb (combiner.h:246)                  |
| PIPELINE           | ii=1                                                                                                                                                                                           | in gemv_comb (combiner.h:266)                  |
| EXPRESSION_BALANCE | off                                                                                                                                                                                            | in dot_prod (GeMV.cpp:13)                      |
| UNROLL             |                                                                                                                                                                                                | in dot_prod (GeMV.cpp:19)                      |
| PIPELINE           | ii=1                                                                                                                                                                                           | in mm_rtl_w (GeMV.cpp:42)                      |
| PIPELINE           | ii=1 style=frp                                                                                                                                                                                 | in mm_rtl_w (GeMV.cpp:48)                      |
| PIPELINE           |                                                                                                                                                                                                | in mm_psum (GeMV.cpp:61)                       |
| UNROLL             |                                                                                                                                                                                                | in mm_psum (GeMV.cpp:64)                       |
| PIPELINE           | ii=4                                                                                                                                                                                           | in mm_final_sum (GeMV.cpp:77)                  |
| PIPELINE           |                                                                                                                                                                                                | in gemv_sf_val (GeMV.cpp:99)                   |
| UNROLL             |                                                                                                                                                                                                | in gemv_sf_val (GeMV.cpp:102)                  |
| PIPELINE           | ii=1                                                                                                                                                                                           | in gemv_sf_val (GeMV.cpp:112)                  |
| UNROLL             |                                                                                                                                                                                                | in gemv_sf_val (GeMV.cpp:126)                  |
| DATAFLOW           |                                                                                                                                                                                                | in s_rtl_gemv_kernel (GeMV.cpp:144)            |
| BIND_STORAGE       | variable=s_vd_wsf type=fifo impl=uram                                                                                                                                                          | in s_rtl_gemv_kernel (GeMV.cpp:147)            |
| STREAM             | variable=s_vd_wsf type=fifo depth=4096                                                                                                                                                         | in s_rtl_gemv_kernel (GeMV.cpp:148)            |
| STREAM             | variable=tok_q type=fifo depth=32                                                                                                                                                              | in s_rtl_gemv_kernel (GeMV.cpp:150)            |
| STREAM             | variable=sf_out depth = 64                                                                                                                                                                     | in s_rtl_gemv_kernel (GeMV.cpp:165)            |
| STREAM             | variable=s_psum depth = 64                                                                                                                                                                     | in s_rtl_gemv_kernel (GeMV.cpp:166)            |
| STREAM             | variable=s_sum depth = 64                                                                                                                                                                      | in s_rtl_gemv_kernel (GeMV.cpp:167)            |
| BIND_STORAGE       | variable=arr type=ram_2p impl=bram                                                                                                                                                             | in mm_part_out (matmult.cpp:57)                |
| PIPELINE           | ii=1                                                                                                                                                                                           | in mm_part_out (matmult.cpp:61)                |
| PIPELINE           | ii=1                                                                                                                                                                                           | in mm_part_out (matmult.cpp:68)                |
| UNROLL             |                                                                                                                                                                                                | in mm_part_out (matmult.cpp:75)                |
| BIND_OP            | variable=part_mult op=mul impl=dsp latency=3                                                                                                                                                   | in mm_part_out (matmult.cpp:77)                |
| BIND_OP            | variable=prod op=add impl=fabric                                                                                                                                                               | in mm_part_out (matmult.cpp:79)                |
| ARRAY_PARTITION    | variable=tmp dim=1 type=complete                                                                                                                                                               | in mm_reduce_add (matmult.cpp:140)             |
| PIPELINE           |                                                                                                                                                                                                | in mm_reduce_add (matmult.cpp:143)             |
| UNROLL             |                                                                                                                                                                                                | in mm_reduce_add (matmult.cpp:145)             |
| UNROLL             |                                                                                                                                                                                                | in mm_reduce_add (matmult.cpp:150)             |
| PIPELINE           | ii=1                                                                                                                                                                                           | in mm_w_val (matmult.cpp:166)                  |
| PIPELINE           | ii=1                                                                                                                                                                                           | in mm_w_val (matmult.cpp:172)                  |
| UNROLL             |                                                                                                                                                                                                | in mm_w_val (matmult.cpp:178)                  |
| PIPELINE           | ii=1                                                                                                                                                                                           | in mm_w_sum (matmult.cpp:196)                  |
| ARRAY_PARTITION    | variable=psum_out dim=1 type=complete                                                                                                                                                          | in mm_w_sum (matmult.cpp:202)                  |
| PIPELINE           | ii=1                                                                                                                                                                                           | in mm_w_sum (matmult.cpp:209)                  |
| UNROLL             |                                                                                                                                                                                                | in mm_w_sum (matmult.cpp:216)                  |
| BIND_OP            | variable=part_mult op=mul impl=dsp latency=3                                                                                                                                                   | in mm_w_sum (matmult.cpp:219)                  |
| BIND_OP            | variable=prod op=add impl=fabric                                                                                                                                                               | in mm_w_sum (matmult.cpp:221)                  |
| UNROLL             |                                                                                                                                                                                                | in mm_w_sum (matmult.cpp:237)                  |
| ARRAY_PARTITION    | variable=psum dim=1 type=complete                                                                                                                                                              | in mm_sum_out (matmult.cpp:293)                |
| PIPELINE           | ii=1                                                                                                                                                                                           | in mm_sum_out (matmult.cpp:297)                |
| BIND_STORAGE       | variable=arr_sf type=ram_2p impl=bram                                                                                                                                                          | in alt_mat_mult_main (matmult.cpp:321)         |
| PIPELINE           | ii=1                                                                                                                                                                                           | in alt_mat_mult_main (matmult.cpp:326)         |
| LOOP_TRIPCOUNT     | max = TOK_SF_MAX min=768/(64 * SM_FL_ELEM )                                                                                                                                                    | in alt_mat_mult_main (matmult.cpp:327)         |
| LOOP_TRIPCOUNT     | max=32000 min=768                                                                                                                                                                              | in alt_mat_mult_main (matmult.cpp:336)         |
| LOOP_TRIPCOUNT     | max = TOK_SF_MAX min=768/(64 * SM_FL_ELEM )                                                                                                                                                    | in alt_mat_mult_main (matmult.cpp:341)         |
| PIPELINE           | ii=1 rewind                                                                                                                                                                                    | in alt_mat_mult_main (matmult.cpp:348)         |
| ARRAY_PARTITION    | variable=patt dim=1 type=complete                                                                                                                                                              | in mha_iterate (mha.cpp:74)                    |
| ARRAY_PARTITION    | variable=query_arr dim=1 type=complete                                                                                                                                                         | in mha_iterate (mha.cpp:75)                    |
| PIPELINE           | ii=1                                                                                                                                                                                           | in mha_iterate (mha.cpp:80)                    |
| LOOP_TRIPCOUNT     | max=1024 min=1                                                                                                                                                                                 | in mha_iterate (mha.cpp:86)                    |
| PIPELINE           |                                                                                                                                                                                                | in mha_iterate (mha.cpp:88)                    |
| UNROLL             |                                                                                                                                                                                                | in mha_iterate (mha.cpp:99)                    |
| ARRAY_PARTITION    | variable=part_soft_sum dim=1 type=complete                                                                                                                                                     | in mha_softmax (mha.cpp:118)                   |
| LOOP_TRIPCOUNT     | max=1024 min=1                                                                                                                                                                                 | in mha_softmax (mha.cpp:123)                   |
| PIPELINE           | ii=1                                                                                                                                                                                           | in mha_softmax (mha.cpp:124)                   |
| UNROLL             |                                                                                                                                                                                                | in mha_softmax (mha.cpp:134)                   |
| ARRAY_PARTITION    | variable=xb_arr complete                                                                                                                                                                       | in mha_weighted_sum (mha.cpp:148)              |
| PIPELINE           |                                                                                                                                                                                                | in mha_weighted_sum (mha.cpp:152)              |
| LOOP_TRIPCOUNT     | max=(1024 + 1) min=1                                                                                                                                                                           | in mha_weighted_sum (mha.cpp:153)              |
| UNROLL             |                                                                                                                                                                                                | in mha_weighted_sum (mha.cpp:156)              |
| PIPELINE           | ii=1                                                                                                                                                                                           | in mha_weighted_sum (mha.cpp:164)              |
| STREAM             | variable=s_query_r depth=768 / MAX_FL_ELEM                                                                                                                                                     | in mha_init (mha.cpp:173)                      |
| BIND_STORAGE       | variable=s_query_r type=fifo                                                                                                                                                                   | in mha_init (mha.cpp:174)                      |
| STREAM             | variable=s_key_cache_in_r depth=768 / MAX_FL_ELEM                                                                                                                                              | in mha_init (mha.cpp:175)                      |
| BIND_STORAGE       | variable=s_key_cache_in_r type=fifo                                                                                                                                                            | in mha_init (mha.cpp:176)                      |
| STREAM             | variable=s_max_val depth=4                                                                                                                                                                     | in mha_kernel (mha.cpp:206)                    |
| STREAM             | variable=s_iss_val depth=4                                                                                                                                                                     | in mha_kernel (mha.cpp:207)                    |
| STREAM             | variable=max_tok_out depth=32                                                                                                                                                                  | in mha_kernel (mha.cpp:208)                    |
| STABLE             | variable=POS                                                                                                                                                                                   | in mha_kernel (mha.cpp:214)                    |
| STABLE             | variable=CURR_LAYER                                                                                                                                                                            | in mha_kernel (mha.cpp:215)                    |
| STREAM             | variable=s_key_cache_in depth=768 / MAX_FL_ELEM                                                                                                                                                | in mha_kernel (mha.cpp:217)                    |
| STREAM             | variable=s_value_cache_sl depth=64                                                                                                                                                             | in mha_kernel (mha.cpp:218)                    |
| STREAM             | variable=s_key_cache_sl depth=64                                                                                                                                                               | in mha_kernel (mha.cpp:219)                    |
| STREAM             | variable=s_value_cache_in depth=768 / MAX_FL_ELEM                                                                                                                                              | in mha_kernel (mha.cpp:221)                    |
| STREAM             | variable=s_query depth=768 / MAX_FL_ELEM                                                                                                                                                       | in mha_kernel (mha.cpp:222)                    |
| STREAM             | variable=xb_ws_q depth=32                                                                                                                                                                      | in mha_kernel (mha.cpp:223)                    |
| STREAM             | variable=s_key_cache_to_kernel depth=4096                                                                                                                                                      | in mha_kernel (mha.cpp:224)                    |
| STREAM             | variable=s_value_cache_to_kernel depth=4096                                                                                                                                                    | in mha_kernel (mha.cpp:225)                    |
| BIND_STORAGE       | variable=s_query type=fifo                                                                                                                                                                     | in mha_kernel (mha.cpp:227)                    |
| BIND_STORAGE       | variable=s_key_cache_to_kernel type=fifo impl=uram                                                                                                                                             | in mha_kernel (mha.cpp:228)                    |
| BIND_STORAGE       | variable=s_value_cache_to_kernel type=fifo impl=uram                                                                                                                                           | in mha_kernel (mha.cpp:229)                    |
| STREAM             | variable=mha_it_sm depth=1536                                                                                                                                                                  | in mha_kernel (mha.cpp:233)                    |
| BIND_STORAGE       | variable=mha_it_sm type=fifo impl=bram                                                                                                                                                         | in mha_kernel (mha.cpp:234)                    |
| STREAM             | variable=att_sm_ws depth=1536                                                                                                                                                                  | in mha_kernel (mha.cpp:235)                    |
| BIND_STORAGE       | variable=att_sm_ws type=fifo impl=bram                                                                                                                                                         | in mha_kernel (mha.cpp:236)                    |
| DATAFLOW           |                                                                                                                                                                                                | in mha_kernel (mha.cpp:240)                    |
| STREAM             | variable= s_kc_data depth=64                                                                                                                                                                   | in mha_kernel (mha.cpp:242)                    |
| STREAM             | variable= s_vc_data depth=64                                                                                                                                                                   | in mha_kernel (mha.cpp:243)                    |
| STREAM             | variable= s_kc_ddr depth=64                                                                                                                                                                    | in mha_kernel (mha.cpp:244)                    |
| STREAM             | variable= s_vc_ddr depth=64                                                                                                                                                                    | in mha_kernel (mha.cpp:245)                    |
| INLINE             |                                                                                                                                                                                                | in fast_bf16 (mha_forward.h:37)                |
| INLINE             |                                                                                                                                                                                                | in operator float (mha_forward.h:43)           |
| INLINE             |                                                                                                                                                                                                | in to_mfdvt (mha_forward.h:101)                |
| UNROLL             |                                                                                                                                                                                                | in to_mfdvt (mha_forward.h:104)                |
| INLINE             |                                                                                                                                                                                                | in to_idvt (mha_forward.h:118)                 |
| UNROLL             |                                                                                                                                                                                                | in to_idvt (mha_forward.h:121)                 |
| INLINE             |                                                                                                                                                                                                | in to_wide_t (mha_forward.h:129)               |
| UNROLL             |                                                                                                                                                                                                | in to_wide_t (mha_forward.h:132)               |
| LOOP_TRIPCOUNT     | max= (2048 / MAX_QUANT_ELEM)                                                                                                                                                                   | in inf_split_tee (mha_forward.h:142)           |
| PIPELINE           | ii=1                                                                                                                                                                                           | in inf_split_tee (mha_forward.h:143)           |
| UNROLL             |                                                                                                                                                                                                | in inf_split_tee (mha_forward.h:146)           |
| LOOP_TRIPCOUNT     | max= (2048 / MAX_QUANT_ELEM)                                                                                                                                                                   | in inf_split_tee (mha_forward.h:157)           |
| PIPELINE           | ii=1                                                                                                                                                                                           | in inf_split_tee (mha_forward.h:158)           |
| UNROLL             |                                                                                                                                                                                                | in inf_split_tee (mha_forward.h:165)           |
| LOOP_TRIPCOUNT     | min=(768/N) max=(32000 / N)                                                                                                                                                                    | in inf_round_robin (mha_forward.h:178)         |
| LOOP_TRIPCOUNT     | max=N                                                                                                                                                                                          | in inf_round_robin (mha_forward.h:182)         |
| PIPELINE           | ii=1                                                                                                                                                                                           | in inf_round_robin (mha_forward.h:185)         |
| LOOP_TRIPCOUNT     | max=32000 / MAX_FL_ELEM                                                                                                                                                                        | in rr_merge (mha_forward.h:199)                |
| PIPELINE           |                                                                                                                                                                                                | in rr_merge (mha_forward.h:200)                |
| UNROLL             |                                                                                                                                                                                                | in rr_merge (mha_forward.h:203)                |
| PIPELINE           | ii=1                                                                                                                                                                                           | in vec_down_converter (mha_forward.h:224)      |
| UNROLL             |                                                                                                                                                                                                | in vec_down_converter (mha_forward.h:230)      |
| UNROLL             |                                                                                                                                                                                                | in vec_down_converter (mha_forward.h:236)      |
| PIPELINE           | ii=1                                                                                                                                                                                           | in mm2s_vec_up (mha_forward.h:255)             |
| UNROLL             |                                                                                                                                                                                                | in mm2s_vec_up (mha_forward.h:259)             |
| UNROLL             |                                                                                                                                                                                                | in mm2s_vec_up (mha_forward.h:264)             |
| BIND_OP            | variable=tot_off op=mul impl=dsp latency=2                                                                                                                                                     | in mm2s_input_data (mha_forward.h:283)         |
| PIPELINE           | ii=1                                                                                                                                                                                           | in mm2s_input_data (mha_forward.h:287)         |
| LOOP_TRIPCOUNT     | min=(768 * 768 / (2 * SM_FL_ELEM * 64)) max=(32000 * 768 / (2 * MAX_QUANT_ELEM))                                                                                                               | in mm2s_input_data (mha_forward.h:288)         |
| BIND_OP            | variable=tot_off op=mul impl=dsp latency=2                                                                                                                                                     | in mm2ds_input_data (mha_forward.h:300)        |
| PIPELINE           | ii=1                                                                                                                                                                                           | in mm2ds_input_data (mha_forward.h:310)        |
| PIPELINE           | ii=1                                                                                                                                                                                           | in mm2ds_input_data (mha_forward.h:316)        |
| PIPELINE           | ii=1                                                                                                                                                                                           | in mm2ds_get_data (mha_forward.h:336)          |
| PIPELINE           | ii=1                                                                                                                                                                                           | in amm2ds_split_data (mha_forward.h:356)       |
| PIPELINE           | ii=1                                                                                                                                                                                           | in amm2ds_split_data (mha_forward.h:362)       |
| PIPELINE           | ii=1                                                                                                                                                                                           | in mm2ds_split_data (mha_forward.h:378)        |
| DATAFLOW           |                                                                                                                                                                                                | in mm2ds_input_data (mha_forward.h:395)        |
| STREAM             | variable=dout depth=32                                                                                                                                                                         | in mm2ds_input_data (mha_forward.h:397)        |
| PIPELINE           | ii=1                                                                                                                                                                                           | in mm2mm_store (mha_forward.h:409)             |
| PIPELINE           | ii=1                                                                                                                                                                                           | in mm2mm_store (mha_forward.h:424)             |
| PIPELINE           | ii=1                                                                                                                                                                                           | in mha_stream_read (mha_forward.h:437)         |
| PIPELINE           | ii=1                                                                                                                                                                                           | in mha_stream_read (mha_forward.h:447)         |
| PIPELINE           | ii=1                                                                                                                                                                                           | in mha_ddr_read (mha_forward.h:470)            |
| LOOP_TRIPCOUNT     | max=MODEL_HEAD_SIZE * (1024 + 1) / MAX_FL_ELEM                                                                                                                                                 | in mha_ddr_read (mha_forward.h:471)            |
| PIPELINE           | ii=1                                                                                                                                                                                           | in mha_interweave (mha_forward.h:486)          |
| LOOP_TRIPCOUNT     | max=MODEL_HEAD_SIZE * (1024 + 1) / MAX_FL_ELEM                                                                                                                                                 | in mha_interweave (mha_forward.h:487)          |
| BIND_STORAGE       | variable=arr type=ram_1p impl=bram                                                                                                                                                             | in amha_war_store_load (mha_forward.h:531)     |
| PIPELINE           | ii=1                                                                                                                                                                                           | in amha_war_store_load (mha_forward.h:534)     |
| PIPELINE           | ii=1                                                                                                                                                                                           | in amha_war_store_load (mha_forward.h:542)     |
| LOOP_TRIPCOUNT     | max=MODEL_HEAD_SIZE * (1024 + 1) / MAX_FL_ELEM                                                                                                                                                 | in amha_war_store_load (mha_forward.h:543)     |
| PIPELINE           | ii=1                                                                                                                                                                                           | in amha_war_store_load (mha_forward.h:564)     |
| PIPELINE           | ii=1                                                                                                                                                                                           | in old_mha_war_store_load (mha_forward.h:593)  |
| LOOP_TRIPCOUNT     | max=MODEL_HEAD_SIZE * (1024 + 1) / MAX_FL_ELEM                                                                                                                                                 | in old_mha_war_store_load (mha_forward.h:594)  |
| PIPELINE           | ii=1                                                                                                                                                                                           | in old_mha_war_store_load (mha_forward.h:601)  |
| PIPELINE           |                                                                                                                                                                                                | in mm_sf_val (mha_forward.h:634)               |
| UNROLL             |                                                                                                                                                                                                | in mm_sf_val (mha_forward.h:637)               |
| PIPELINE           | ii=1                                                                                                                                                                                           | in mm_sf_val (mha_forward.h:647)               |
| UNROLL             |                                                                                                                                                                                                | in mm_sf_val (mha_forward.h:661)               |
| DATAFLOW           |                                                                                                                                                                                                | in s_gemv_kernel (mha_forward.h:675)           |
| STREAM             | variable=part_rr depth = 96                                                                                                                                                                    | in s_gemv_kernel (mha_forward.h:679)           |
| STREAM             | variable=out_rr depth = 64                                                                                                                                                                     | in s_gemv_kernel (mha_forward.h:680)           |
| STREAM             | variable=part_out depth = 64                                                                                                                                                                   | in s_gemv_kernel (mha_forward.h:681)           |
| STREAM             | variable=sf_out depth = 64                                                                                                                                                                     | in s_gemv_kernel (mha_forward.h:682)           |
| UNROLL             |                                                                                                                                                                                                | in s_gemv_kernel (mha_forward.h:688)           |
| LOOP_FLATTEN       |                                                                                                                                                                                                | in rope_kernel (mha_forward.h:715)             |
| PIPELINE           |                                                                                                                                                                                                | in rope_kernel (mha_forward.h:723)             |
| UNROLL             | factor = 2                                                                                                                                                                                     | in rope_kernel (mha_forward.h:724)             |
| PIPELINE           | ii=1                                                                                                                                                                                           | in swiglu (mha_forward.h:752)                  |
| UNROLL             | factor = M                                                                                                                                                                                     | in swiglu (mha_forward.h:757)                  |
| PIPELINE           | ii=1                                                                                                                                                                                           | in debug_abs_intake (quantizer.cpp:13)         |
| PIPELINE           | ii=1                                                                                                                                                                                           | in abs_intake (quantizer.cpp:35)               |
| ARRAY_PARTITION    | variable=c_val dim=1 type=complete                                                                                                                                                             | in max_finder (quantizer.cpp:54)               |
| PIPELINE           | ii=1                                                                                                                                                                                           | in max_finder (quantizer.cpp:60)               |
| UNROLL             |                                                                                                                                                                                                | in max_finder (quantizer.cpp:68)               |
| UNROLL             |                                                                                                                                                                                                | in max_finder (quantizer.cpp:70)               |
| PIPELINE           |                                                                                                                                                                                                | in quant_out (quantizer.cpp:89)                |
| UNROLL             |                                                                                                                                                                                                | in quant_out (quantizer.cpp:96)                |
| UNROLL             |                                                                                                                                                                                                | in quant_out (quantizer.cpp:102)               |
| LOOP_TRIPCOUNT     | max=2048 / 64 min=768 / 64                                                                                                                                                                     | in quantizer_kernel (quantizer.cpp:113)        |
| DATAFLOW           |                                                                                                                                                                                                | in quantizer_kernel (quantizer.cpp:114)        |
| STREAM             | variable=tokens_out depth=64                                                                                                                                                                   | in quantizer_kernel (quantizer.cpp:117)        |
| STREAM             | variable=max_val depth=4                                                                                                                                                                       | in quantizer_kernel (quantizer.cpp:118)        |
| STREAM             | variable=abs_tokens depth=64                                                                                                                                                                   | in quantizer_kernel (quantizer.cpp:119)        |
| LOOP_TRIPCOUNT     | max=2048 / 64 min=768 / 64                                                                                                                                                                     | in quantizer_kernel (quantizer.cpp:134)        |
| DATAFLOW           |                                                                                                                                                                                                | in quantizer_kernel (quantizer.cpp:135)        |
| STREAM             | variable=tokens_out depth=64                                                                                                                                                                   | in quantizer_kernel (quantizer.cpp:138)        |
| STREAM             | variable=max_val depth=4                                                                                                                                                                       | in quantizer_kernel (quantizer.cpp:139)        |
| STREAM             | variable=abs_tokens depth=64                                                                                                                                                                   | in quantizer_kernel (quantizer.cpp:140)        |
| DATAFLOW           |                                                                                                                                                                                                | in rmsnorm_kernel (rmsnorm.cpp:12)             |
| STREAM             | variable=s_diff depth=bram_depth                                                                                                                                                               | in rmsnorm_kernel (rmsnorm.cpp:17)             |
| STREAM             | variable=s_weights depth=ratio                                                                                                                                                                 | in rmsnorm_kernel (rmsnorm.cpp:18)             |
| STREAM             | variable=s_tokens depth=ratio                                                                                                                                                                  | in rmsnorm_kernel (rmsnorm.cpp:20)             |
| BIND_STORAGE       | variable=s_tokens type=fifo impl=bram                                                                                                                                                          | in rmsnorm_kernel (rmsnorm.cpp:23)             |
| BIND_STORAGE       | variable=s_diff type=fifo impl=bram                                                                                                                                                            | in rmsnorm_kernel (rmsnorm.cpp:24)             |
| BIND_STORAGE       | variable=s_tokens_out type=fifo impl=bram                                                                                                                                                      | in rmsnorm_kernel (rmsnorm.cpp:25)             |
| BIND_STORAGE       | variable=s_weights type=fifo impl=bram                                                                                                                                                         | in rmsnorm_kernel (rmsnorm.cpp:26)             |
| PIPELINE           |                                                                                                                                                                                                | in rmsnorm (rmsnorm.h:21)                      |
| UNROLL             |                                                                                                                                                                                                | in rmsnorm (rmsnorm.h:31)                      |
| UNROLL             |                                                                                                                                                                                                | in rmsnorm (rmsnorm.h:42)                      |
| PIPELINE           | ii=1                                                                                                                                                                                           | in rmsnorm (rmsnorm.h:51)                      |
| STREAM             | variable=s_w1 depth=16                                                                                                                                                                         | in swiglu_kernel (swiglu_kernel.cpp:7)         |
| STREAM             | variable=s_w3 depth=16                                                                                                                                                                         | in swiglu_kernel (swiglu_kernel.cpp:8)         |
| BIND_STORAGE       | variable=s_w1 type=fifo impl=bram                                                                                                                                                              | in swiglu_kernel (swiglu_kernel.cpp:9)         |
| BIND_STORAGE       | variable=s_w3 type=fifo impl=bram                                                                                                                                                              | in swiglu_kernel (swiglu_kernel.cpp:10)        |
| DATAFLOW           |                                                                                                                                                                                                | in swiglu_kernel (swiglu_kernel.cpp:11)        |
| STREAM             | variable=s_sf depth=4096                                                                                                                                                                       | in calc_loop (transformer_kernel.cpp:173)      |
| BIND_STORAGE       | variable=s_sf type=fifo impl=uram                                                                                                                                                              | in calc_loop (transformer_kernel.cpp:174)      |
| STREAM             | variable=s_out depth=16                                                                                                                                                                        | in calc_loop (transformer_kernel.cpp:178)      |
| BIND_STORAGE       | variable=s_out type=fifo                                                                                                                                                                       | in calc_loop (transformer_kernel.cpp:179)      |
| STREAM             | variable=s_tok_sf depth=4                                                                                                                                                                      | in calc_loop (transformer_kernel.cpp:180)      |
| STREAM             | variable=s_inf_tok_sf depth=4                                                                                                                                                                  | in calc_loop (transformer_kernel.cpp:181)      |
| STREAM             | variable=s_tok_q depth=4                                                                                                                                                                       | in calc_loop (transformer_kernel.cpp:182)      |
| STREAM             | variable=s_inf_tok_q depth=8                                                                                                                                                                   | in calc_loop (transformer_kernel.cpp:183)      |
| STREAM             | variable=sys_sort depth=64                                                                                                                                                                     | in calc_loop (transformer_kernel.cpp:184)      |
| UNROLL             |                                                                                                                                                                                                | in calc_loop (transformer_kernel.cpp:199)      |
| AGGREGATE          | variable = tokens                                                                                                                                                                              | in transformer_cu (transformer_kernel.cpp:232) |
| AGGREGATE          | variable = weights                                                                                                                                                                             | in transformer_cu (transformer_kernel.cpp:234) |
| AGGREGATE          | variable = key_cache                                                                                                                                                                           | in transformer_cu (transformer_kernel.cpp:236) |
| AGGREGATE          | variable = value_cache                                                                                                                                                                         | in transformer_cu (transformer_kernel.cpp:238) |
| AGGREGATE          | variable = data_out                                                                                                                                                                            | in transformer_cu (transformer_kernel.cpp:240) |
| INTERFACE          | mode=m_axi port=tokens bundle=w_n_t_gemm depth=nTOK_OUT_DEPTH offset=slave max_write_burst_length=16 max_read_burst_length=(4096/SM_DW*8)                                                      | in transformer_cu (transformer_kernel.cpp:249) |
| INTERFACE          | mode=m_axi port=w_0 bundle=D_W_GEMM_0 depth=WIDE_DEPTH latency=128 max_read_burst_length=(4096/MAX_DW*8) max_write_burst_length=2 num_read_outstanding=64 num_write_outstanding=1 offset=slave | in transformer_cu (transformer_kernel.cpp:251) |
| INTERFACE          | mode=m_axi port=w_1 bundle=D_W_GEMM_1 depth=WIDE_DEPTH latency=128 max_read_burst_length=(4096/MAX_DW*8) max_write_burst_length=2 num_read_outstanding=64 num_write_outstanding=1 offset=slave | in transformer_cu (transformer_kernel.cpp:253) |
| INTERFACE          | mode=m_axi port=weights bundle=w_n_t_gemm depth=RMS_DEPTH max_read_burst_length=(4096/SM_DW*8) offset=slave                                                                                    | in transformer_cu (transformer_kernel.cpp:254) |
| INTERFACE          | mode=m_axi port=value_cache bundle=vc_gemm depth=CACHE_DEPTH offset=slave max_read_burst_length=(4096/MAX_DW * 8) max_write_burst_length=(512/MAX_DW * 8) num_read_outstanding=64              | in transformer_cu (transformer_kernel.cpp:255) |
| INTERFACE          | mode=m_axi port=key_cache bundle=kc_gemm depth=CACHE_DEPTH offset=slave max_read_burst_length=(4096/MAX_DW * 8) max_write_burst_length=(512/MAX_DW * 8) num_read_outstanding=64                | in transformer_cu (transformer_kernel.cpp:256) |
| INTERFACE          | mode=m_axi port=curr_token bundle=token_val depth=1024 offset=slave max_read_burst_length=1 max_write_burst_length=1 num_read_outstanding=1 num_write_outstanding=1                            | in transformer_cu (transformer_kernel.cpp:257) |
| INTERFACE          | mode=s_axilite port=tokens bundle=control                                                                                                                                                      | in transformer_cu (transformer_kernel.cpp:259) |
| INTERFACE          | mode=s_axilite port=w_0 bundle=control                                                                                                                                                         | in transformer_cu (transformer_kernel.cpp:260) |
| INTERFACE          | mode=s_axilite port=w_1 bundle=control                                                                                                                                                         | in transformer_cu (transformer_kernel.cpp:261) |
| INTERFACE          | mode=s_axilite port=weights bundle=control                                                                                                                                                     | in transformer_cu (transformer_kernel.cpp:262) |
| INTERFACE          | mode=s_axilite port=value_cache bundle=control                                                                                                                                                 | in transformer_cu (transformer_kernel.cpp:263) |
| INTERFACE          | mode=s_axilite port=key_cache bundle=control                                                                                                                                                   | in transformer_cu (transformer_kernel.cpp:264) |
| INTERFACE          | mode=s_axilite port=POS bundle=control                                                                                                                                                         | in transformer_cu (transformer_kernel.cpp:265) |
| INTERFACE          | mode=s_axilite port=rms_att_W bundle=control                                                                                                                                                   | in transformer_cu (transformer_kernel.cpp:266) |
| INTERFACE          | mode=s_axilite port=rms_ffn_W bundle=control                                                                                                                                                   | in transformer_cu (transformer_kernel.cpp:267) |
| INTERFACE          | mode=s_axilite port=rms_final_W bundle=control                                                                                                                                                 | in transformer_cu (transformer_kernel.cpp:268) |
| INTERFACE          | mode=s_axilite port=temperature bundle=control                                                                                                                                                 | in transformer_cu (transformer_kernel.cpp:269) |
| INTERFACE          | mode=s_axilite port=coin bundle=control                                                                                                                                                        | in transformer_cu (transformer_kernel.cpp:270) |
| INTERFACE          | mode=s_axilite port=init_rms_flag bundle=control                                                                                                                                               | in transformer_cu (transformer_kernel.cpp:271) |
| INTERFACE          | mode=s_axilite port=prefill_flag bundle=control                                                                                                                                                | in transformer_cu (transformer_kernel.cpp:272) |
| INTERFACE          | mode=s_axilite port=curr_token bundle=control                                                                                                                                                  | in transformer_cu (transformer_kernel.cpp:273) |
| INTERFACE          | mode=s_axilite port=return bundle=control                                                                                                                                                      | in transformer_cu (transformer_kernel.cpp:274) |
| INTERFACE          | mode=m_axi port=data_out bundle=w_n_t_gemm depth=RECORD_DEPTH offset=slave max_write_burst_length=16 max_read_burst_length=(4096/SM_DW*8)                                                      | in transformer_cu (transformer_kernel.cpp:277) |
| INTERFACE          | mode=s_axilite port=faker bundle=control                                                                                                                                                       | in transformer_cu (transformer_kernel.cpp:278) |
| INTERFACE          | mode=s_axilite port=CURR_LAYER bundle=control                                                                                                                                                  | in transformer_cu (transformer_kernel.cpp:279) |
| INTERFACE          | mode=s_axilite port=NEXT_STATE bundle=control                                                                                                                                                  | in transformer_cu (transformer_kernel.cpp:280) |
| INTERFACE          | mode=s_axilite port=data_out bundle=control                                                                                                                                                    | in transformer_cu (transformer_kernel.cpp:281) |
| STREAM             | variable=s_curr_state depth = (12 * 4 + 1)                                                                                                                                                     | in transformer_cu (transformer_kernel.cpp:310) |
| PIPELINE           |                                                                                                                                                                                                | in transformer_cu (transformer_kernel.cpp:314) |
| ARRAY_PARTITION    | variable=internal_token dim=1 factor=2 type=block                                                                                                                                              | in transformer_cu (transformer_kernel.cpp:331) |
| BIND_STORAGE       | variable=internal_token type=ram_1p impl=bram                                                                                                                                                  | in transformer_cu (transformer_kernel.cpp:332) |
| BIND_STORAGE       | variable=internal_rms_weights type=ram_1p impl=uram                                                                                                                                            | in transformer_cu (transformer_kernel.cpp:333) |
| ARRAY_PARTITION    | variable=ss_reg complete dim=1                                                                                                                                                                 | in transformer_cu (transformer_kernel.cpp:334) |
| BIND_STORAGE       | variable=res_con type=ram_2p                                                                                                                                                                   | in transformer_cu (transformer_kernel.cpp:335) |
| STREAM             | variable=s_cu_sel_out depth=2048/SM_FL_ELEM                                                                                                                                                    | in transformer_cu (transformer_kernel.cpp:351) |
+--------------------+------------------------------------------------------------------------------------------------------------------------------------------------------------------------------------------------+------------------------------------------------+


